transaction_id,customer_id,store_region,product_category,quantity,unit_price,sale_amount,sale_timestamp
TXN100000,CUST1071,North,Toys,1,12.38,12.38,2026-09-03 07:14:00
TXN100001,CUST1047,South,Apparel,5,30.65,153.25,2026-09-04 01:01:00
TXN100002,CUST1359,Central,Sports,5,182.6,913.0,2026-09-02 22:41:00
TXN100003,CUST1412,South,Toys,2,137.52,275.04,2026-09-03 00:48:00
TXN100004,CUST1172,North,Electronics,4,105.37,421.48,2026-09-02 06:48:00
TXN100005,CUST1413,North,Toys,4,33.53,134.12,2026-09-03 19:16:00
TXN100006,CUST1150,Central,Home & Garden,4,163.19,652.76,2026-09-04 02:35:00
TXN100007,CUST1116,East,Electronics,5,61.73,308.65,2026-09-01 01:42:00
TXN100008,CUST1325,East,Apparel,2,260.61,521.22,2026-09-04 08:29:00
TXN100009,CUST1349,North,Grocery,3,109.8,329.4,2026-09-03 22:59:00
TXN100010,CUST1194,,Toys,2,162.57,325.14,2026-09-02 05:29:00
TXN100011,CUST1420,North,Home & Garden,5,69.79,348.95,2026-09-03 01:14:00
TXN100012,CUST1367,East,Apparel,4,83.98,335.92,2026-09-02 18:56:00
TXN100013,CUST1071,South,Toys,4,121.71,486.84,2026-09-04 04:16:00
TXN100014,CUST1185,South,Apparel,5,164.0,820.0,2026-09-04 18:25:00
TXN100015,CUST1321,South,Toys,5,150.59,752.95,2026-09-01 03:09:00
TXN100016,CUST1239,Central,Home & Garden,4,180.94,723.76,2026-09-04 12:38:00
TXN100017,CUST1058,Central,Home & Garden,5,258.93,1294.65,2026-09-01 21:46:00
TXN100018,CUST1001,East,Grocery,3,37.91,113.73,2026-09-04 05:29:00
TXN100019,CUST1430,Central,Grocery,2,154.77,309.54,2026-09-01 20:19:00
TXN100020,CUST1472,Central,Electronics,2,50.09,100.18,2026-09-02 17:49:00
TXN100021,CUST1185,East,Apparel,5,100.63,503.15,2026-09-01 03:59:00
TXN100022,CUST1248,North,Grocery,1,76.06,76.06,2026-09-01 02:46:00
TXN100023,CUST1135,Central,Grocery,2,42.88,85.76,2026-09-04 17:10:00
TXN100024,CUST1204,East,Sports,4,289.49,1157.96,2026-09-02 22:19:00
TXN100025,CUST1173,North,Grocery,5,138.19,690.95,2026-09-02 07:04:00
TXN100026,CUST1362,North,Apparel,5,72.88,364.4,2026-09-02 00:04:00
TXN100027,CUST1121,East,Toys,1,272.1,272.1,2026-09-03 02:32:00
TXN100028,CUST1451,Central,Grocery,4,68.2,272.8,2026-09-02 23:59:00
TXN100029,CUST1048,North,Toys,4,76.68,306.72,2026-09-04 13:12:00
TXN100030,CUST1373,North,Toys,4,109.52,-15.0,2026-09-04 14:55:00
TXN100031,CUST1098,South,Grocery,1,22.88,22.88,2026-09-03 03:15:00
TXN100032,CUST1127,North,Sports,4,46.35,185.4,2026-09-02 08:29:00
TXN100033,CUST1385,South,Apparel,5,33.88,169.4,2026-09-01 02:59:00
TXN100034,CUST1030,South,Sports,4,148.26,593.04,2026-09-02 12:57:00
TXN100035,CUST1216,Central,Toys,1,295.67,295.67,2026-09-03 14:18:00
TXN100036,CUST1296,Central,Electronics,4,50.67,202.68,2026-09-03 06:03:00
TXN100037,CUST1436,Central,Apparel,3,21.86,65.58,2026-09-04 16:58:00
TXN100038,CUST1304,North,Toys,1,288.43,288.43,2026-09-01 05:04:00
TXN100039,CUST1020,Central,Electronics,2,124.11,248.22,2026-09-02 18:38:00
TXN100040,CUST1342,East,,4,198.93,795.72,2026-09-03 08:13:00
TXN100041,CUST1475,North,Electronics,3,121.76,365.28,2026-09-03 14:20:00
TXN100042,CUST1109,Central,Home & Garden,4,188.24,752.96,2026-09-01 02:34:00
TXN100043,CUST1145,South,Sports,2,280.31,560.62,2026-09-01 07:23:00
TXN100044,CUST1283,East,Toys,5,212.54,1062.7,2026-09-01 21:52:00
TXN100045,CUST1455,North,Toys,1,281.98,281.98,2026-09-02 08:07:00
TXN100046,CUST1367,East,Apparel,5,50.86,254.3,2026-09-03 19:13:00
TXN100047,CUST1324,West,Home & Garden,3,154.1,462.3,2026-09-03 01:05:00
TXN100048,CUST1082,West,Grocery,1,6.05,6.05,2026-09-02 20:16:00
TXN100049,CUST1353,South,Grocery,4,170.47,681.88,2026-09-01 02:56:00
,CUST1021,East,Home & Garden,1,251.21,251.21,2026-09-02 13:08:00
TXN100051,CUST1341,North,Home & Garden,1,270.18,270.18,2026-09-02 21:15:00
TXN100052,CUST1079,South,Apparel,5,265.82,1329.1,2026-09-04 19:47:00
TXN100053,CUST1473,East,Sports,2,265.02,530.04,2026-09-01 05:47:00
TXN100054,CUST1019,West,Apparel,2,83.71,167.42,2026-09-01 12:55:00
TXN100055,CUST1420,South,Apparel,2,245.89,491.78,2026-09-04 11:19:00
TXN100056,CUST1442,North,Home & Garden,1,199.71,199.71,2026-09-04 10:17:00
TXN100057,CUST1274,East,Electronics,3,194.24,582.72,2026-09-04 21:53:00
TXN100058,CUST1492,East,Electronics,1,263.73,263.73,2026-09-03 05:37:00
TXN100059,CUST1160,West,Grocery,1,180.99,180.99,2026-09-03 23:50:00
TXN100060,CUST1362,West,Electronics,5,39.12,195.6,2026-09-02 08:02:00
TXN100061,CUST1035,East,Grocery,5,278.04,1390.2,2026-09-02 11:27:00
TXN100062,CUST1153,Central,Home & Garden,3,200.7,602.1,2026-09-01 23:57:00
TXN100063,CUST1098,West,Toys,4,101.22,404.88,2026-09-03 17:08:00
TXN100064,CUST1154,West,Grocery,4,204.81,819.24,2026-09-02 19:36:00
TXN100065,CUST1296,Central,Toys,1,94.64,94.64,2026-09-02 13:50:00
TXN100066,CUST1261,West,Toys,3,142.17,426.51,2026-09-04 21:13:00
TXN100067,CUST1324,Central,Home & Garden,2,199.36,398.72,2026-09-03 16:42:00
TXN100068,CUST1115,South,Apparel,1,246.43,246.43,2026-09-02 21:19:00
TXN100069,CUST1393,North,Sports,1,18.63,18.63,2026-09-04 19:54:00
TXN100070,CUST1196,West,Sports,4,266.41,1065.64,2026-09-02 22:44:00
TXN100071,CUST1217,South,Apparel,2,48.53,97.06,2026-09-01 03:49:00
TXN100072,CUST1068,West,Toys,5,142.04,710.2,2026-09-02 03:29:00
TXN100073,CUST1417,Central,Sports,5,296.43,1482.15,2026-09-03 14:39:00
TXN100074,CUST1243,West,Home & Garden,5,136.54,682.7,2026-09-02 23:55:00
TXN100075,CUST1320,South,Home & Garden,2,252.76,505.52,2026-09-03 16:31:00
TXN100076,CUST1171,East,Grocery,4,27.86,111.44,2026-09-03 07:17:00
TXN100077,CUST1078,South,Electronics,1,45.82,45.82,2026-09-02 12:44:00
TXN100078,CUST1105,West,Sports,4,125.24,500.96,2026-09-04 13:03:00
TXN100079,CUST1244,North,Home & Garden,5,284.09,1420.45,2026-09-01 18:24:00
TXN100080,CUST1376,Central,Grocery,3,227.28,681.84,2026-09-04 17:47:00
TXN100081,CUST1014,West,Home & Garden,2,149.03,298.06,2026-09-03 13:31:00
TXN100082,CUST1273,North,Sports,4,218.63,874.52,2026-09-04 04:39:00
TXN100083,CUST1219,South,Sports,5,171.5,857.5,2026-09-01 02:41:00
TXN100084,CUST1232,East,Home & Garden,2,19.83,39.66,2026-09-04 10:13:00
TXN100085,CUST1041,West,Electronics,4,87.09,348.36,2026-09-04 08:53:00
TXN100086,CUST1035,North,Electronics,5,20.37,101.85,2026-09-03 07:41:00
TXN100087,CUST1122,South,Sports,2,63.81,127.62,2026-09-01 19:09:00
TXN100088,CUST1131,East,Apparel,1,171.37,171.37,2026-09-02 14:44:00
TXN100089,CUST1055,Central,Electronics,5,184.14,920.7,2026-09-01 05:19:00
TXN100090,CUST1101,North,Grocery,3,174.86,524.58,2026-09-04 12:45:00
TXN100091,CUST1412,North,Grocery,2,35.06,70.12,2026-09-03 21:38:00
TXN100092,CUST1035,Central,Toys,1,107.43,107.43,2026-09-04 21:23:00
TXN100093,CUST1221,East,Toys,3,8.73,26.19,2026-09-04 15:06:00
TXN100094,CUST1267,East,Grocery,4,213.66,854.64,2026-09-04 05:46:00
TXN100095,CUST1374,Central,Home & Garden,5,233.52,1167.6,2026-09-04 13:52:00
TXN100096,CUST1230,South,Sports,3,256.26,768.78,2026-09-01 08:56:00
TXN100097,CUST1253,East,Apparel,5,185.05,925.25,2026-09-04 10:01:00
TXN100098,CUST1450,Central,Toys,4,67.58,270.32,2026-09-03 10:17:00
TXN100099,CUST1368,West,Sports,3,168.96,506.88,2026-09-02 02:15:00
TXN100100,CUST1251,West,Electronics,5,228.66,1143.3,2026-09-04 20:45:00
TXN100101,CUST1156,Central,Home & Garden,1,91.8,91.8,2026-09-04 22:15:00
TXN100102,CUST1281,East,Home & Garden,4,168.27,673.08,2026-09-03 13:47:00
TXN100103,CUST1369,South,Home & Garden,4,84.92,339.68,2026-09-03 07:07:00
TXN100104,CUST1378,West,Home & Garden,1,224.15,224.15,2026-09-02 06:13:00
TXN100105,CUST1099,East,Apparel,5,293.1,1465.5,2026-09-03 03:53:00
TXN100106,CUST1064,East,Electronics,3,57.94,173.82,2026-09-01 22:34:00
TXN100107,CUST1385,West,Electronics,1,168.24,168.24,2026-09-02 20:55:00
TXN100108,CUST1174,South,Electronics,1,174.35,174.35,2026-09-04 15:28:00
TXN100109,CUST1033,West,Sports,3,282.61,847.83,2026-09-04 03:52:00
TXN100110,CUST1415,Central,Home & Garden,1,175.22,175.22,2026-09-01 04:09:00
TXN100111,CUST1213,Central,Grocery,1,298.21,298.21,2026-09-01 17:48:00
TXN100112,CUST1226,East,Grocery,5,71.58,357.9,2026-09-04 14:58:00
TXN100113,CUST1050,South,Toys,4,95.09,380.36,2026-09-01 19:47:00
TXN100114,CUST1088,Central,Electronics,2,83.07,166.14,2026-09-01 05:15:00
TXN100115,CUST1240,East,Electronics,2,5.79,11.58,2026-09-04 22:38:00
TXN100116,CUST1232,North,Toys,2,89.99,179.98,2026-09-03 22:55:00
TXN100117,CUST1278,South,Toys,2,277.55,555.1,2026-09-02 13:07:00
TXN100118,CUST1084,East,Grocery,2,272.98,545.96,2026-09-02 02:03:00
TXN100119,CUST1352,East,Toys,5,276.75,1383.75,2026-09-04 03:29:00
TXN100120,CUST1306,North,Sports,4,283.09,1132.36,2026-09-04 14:05:00
TXN100121,CUST1492,Central,Grocery,3,183.1,549.3,2026-09-01 02:14:00
TXN100122,CUST1390,South,Sports,1,299.87,299.87,2026-09-03 18:02:00
TXN100123,CUST1223,West,Electronics,5,197.2,986.0,2026-09-03 05:37:00
TXN100124,CUST1053,South,Home & Garden,4,107.65,430.6,2026-09-03 10:42:00
TXN100125,CUST1416,Central,Electronics,4,209.63,838.52,2026-09-03 21:25:00
TXN100126,CUST1496,West,Grocery,4,30.98,123.92,2026-09-03 10:07:00
TXN100127,CUST1096,Central,Home & Garden,1,199.01,199.01,2026-09-04 13:03:00
TXN100128,CUST1136,Central,Apparel,5,228.15,1140.75,2026-09-04 01:13:00
TXN100129,CUST1498,Central,Apparel,3,134.24,402.72,2026-09-04 03:01:00
TXN100130,CUST1047,South,Electronics,2,96.67,193.34,2026-09-01 17:26:00
TXN100131,CUST1366,East,Grocery,4,284.38,1137.52,2026-09-02 15:59:00
TXN100132,CUST1233,Central,Apparel,3,127.57,382.71,2026-09-04 15:15:00
TXN100133,CUST1395,West,Home & Garden,4,61.23,244.92,2026-09-02 02:17:00
TXN100134,CUST1152,Central,Grocery,5,83.82,419.1,2026-09-01 09:46:00
TXN100135,CUST1176,East,Grocery,4,260.25,1041.0,2026-09-04 17:30:00
TXN100136,CUST1122,Central,Sports,5,116.28,581.4,2026-09-03 06:44:00
TXN100137,CUST1381,West,Toys,2,257.52,515.04,2026-09-04 01:20:00
TXN100138,CUST1064,Central,Grocery,4,118.89,475.56,2026-09-02 15:02:00
TXN100139,CUST1466,West,Electronics,3,261.56,784.68,2026-09-04 03:33:00
TXN100140,CUST1400,East,Home & Garden,2,125.94,251.88,2026-09-02 02:30:00
TXN100141,CUST1345,Central,Sports,5,209.35,1046.75,2026-09-01 10:54:00
TXN100142,CUST1316,North,Apparel,3,189.91,569.73,2026-09-04 17:02:00
TXN100143,CUST1389,North,Sports,3,299.24,897.72,2026-09-01 13:06:00
TXN100144,CUST1407,North,Home & Garden,2,209.73,419.46,2026-09-01 01:20:00
TXN100145,CUST1210,Central,Toys,3,115.58,346.74,2026-09-02 07:33:00
TXN100146,CUST1195,Central,Toys,2,55.15,110.3,2026-09-01 19:55:00
TXN100147,CUST1326,East,Sports,2,151.81,303.62,2026-09-02 07:29:00
TXN100148,CUST1279,South,Electronics,3,201.72,605.16,2026-09-04 09:43:00
TXN100149,CUST1353,East,Sports,4,283.84,1135.36,2026-09-03 20:27:00
TXN100150,CUST1121,West,Grocery,3,63.77,191.31,2026-09-04 15:06:00
TXN100151,CUST1337,West,Home & Garden,3,174.57,523.71,2026-09-03 00:53:00
TXN100152,CUST1254,East,Apparel,1,171.95,171.95,2026-09-01 19:47:00
TXN100153,CUST1317,East,Toys,5,241.57,1207.85,2026-09-02 20:12:00
TXN100154,CUST1225,North,Grocery,2,190.33,380.66,2026-09-01 09:50:00
TXN100155,CUST1382,West,Apparel,3,221.05,663.15,2026-09-01 09:20:00
TXN100156,CUST1467,East,Apparel,2,43.99,87.98,2026-09-03 16:32:00
TXN100157,CUST1445,East,Electronics,3,274.64,823.92,2026-09-04 09:47:00
TXN100158,CUST1346,West,Grocery,4,289.05,1156.2,2026-09-02 07:55:00
TXN100159,CUST1274,North,Sports,3,31.64,94.92,2026-09-04 00:16:00
TXN100160,CUST1421,East,Electronics,3,203.48,610.44,2026-09-03 18:24:00
TXN100161,CUST1331,North,Toys,2,144.09,288.18,2026-09-03 19:14:00
TXN100162,CUST1059,South,Electronics,4,273.27,1093.08,2026-09-03 20:26:00
TXN100163,CUST1120,Central,Apparel,1,94.79,94.79,2026-09-04 03:06:00
TXN100164,CUST1372,South,Sports,4,138.82,555.28,2026-09-04 18:47:00
TXN100165,CUST1353,East,Apparel,1,250.94,250.94,2026-09-04 08:02:00
TXN100166,CUST1351,East,Grocery,4,136.19,544.76,2026-09-02 11:06:00
TXN100167,CUST1485,West,Electronics,3,22.86,68.58,2026-09-03 06:07:00
TXN100168,CUST1170,South,Apparel,2,194.3,388.6,2026-09-01 01:50:00
TXN100169,CUST1416,South,Home & Garden,5,65.54,327.7,2026-09-02 18:13:00
TXN100170,CUST1074,South,Grocery,2,237.65,475.3,2026-09-01 08:54:00
TXN100171,CUST1013,South,Electronics,3,240.56,721.68,2026-09-01 21:55:00
TXN100172,CUST1008,South,Home & Garden,3,238.05,714.15,2026-09-02 18:20:00
TXN100173,CUST1381,North,Sports,1,42.39,42.39,2026-09-04 16:07:00
TXN100174,CUST1113,Central,Electronics,4,234.52,938.08,2026-09-01 14:32:00
TXN100175,CUST1433,West,Sports,5,93.98,469.9,2026-09-01 01:30:00
TXN100176,CUST1041,East,Grocery,1,149.63,149.63,2026-09-04 02:57:00
TXN100177,CUST1299,Central,Toys,2,24.38,48.76,2026-09-03 19:40:00
TXN100178,CUST1309,West,Electronics,3,117.37,352.11,2026-09-03 14:32:00
TXN100179,CUST1454,South,Sports,1,256.57,256.57,2026-09-02 13:28:00
TXN100180,CUST1048,East,Sports,3,249.09,747.27,2026-09-04 13:46:00
TXN100181,CUST1472,West,Electronics,3,201.21,603.63,2026-09-03 04:43:00
TXN100182,CUST1381,East,Apparel,1,250.37,250.37,2026-09-01 13:06:00
TXN100183,CUST1210,East,Toys,5,22.69,113.45,2026-09-03 21:07:00
TXN100184,CUST1159,East,Electronics,4,261.09,1044.36,2026-09-01 09:38:00
TXN100185,CUST1114,North,Home & Garden,5,154.69,773.45,2026-09-02 21:30:00
TXN100186,CUST1413,West,Grocery,5,113.43,567.15,2026-09-03 18:14:00
TXN100187,CUST1336,East,Electronics,5,186.0,930.0,2026-09-01 19:59:00
TXN100188,CUST1003,South,Apparel,2,85.61,171.22,2026-09-03 10:22:00
TXN100189,CUST1324,North,Electronics,5,198.92,994.6,2026-09-01 04:47:00
TXN100190,CUST1080,East,Home & Garden,5,68.46,342.3,2026-09-04 14:21:00
TXN100191,CUST1080,Central,Electronics,3,234.17,702.51,2026-09-01 01:09:00
TXN100192,CUST1226,West,Home & Garden,1,85.27,85.27,2026-09-04 15:38:00
TXN100193,CUST1056,East,Toys,2,227.71,455.42,2026-09-01 11:27:00
TXN100194,CUST1202,Central,Electronics,5,148.56,742.8,2026-09-03 01:14:00
TXN100195,CUST1130,East,Home & Garden,1,65.3,65.3,2026-09-02 04:48:00
TXN100196,CUST1194,Central,Toys,1,7.28,7.28,2026-09-04 05:08:00
TXN100197,CUST1441,North,Sports,2,152.58,305.16,2026-09-03 02:25:00
TXN100198,CUST1219,Central,Sports,1,140.63,140.63,2026-09-01 10:36:00
TXN100199,CUST1087,Central,Sports,4,90.41,361.64,2026-09-04 00:20:00
TXN100200,CUST1301,West,Grocery,3,31.0,93.0,2026-09-01 07:27:00
TXN100201,CUST1113,East,Apparel,1,121.75,121.75,2026-09-03 23:21:00
TXN100202,CUST1099,East,Home & Garden,1,155.59,155.59,2026-09-01 16:32:00
TXN100203,CUST1088,Central,Apparel,2,74.7,149.4,2026-09-02 08:12:00
TXN100204,CUST1288,Central,Sports,1,57.26,57.26,2026-09-04 14:48:00
TXN100205,CUST1077,West,Electronics,5,194.68,973.4,2026-09-03 20:20:00
TXN100206,CUST1028,East,Grocery,4,135.45,541.8,2026-09-03 08:37:00
TXN100207,CUST1188,East,Electronics,1,96.57,96.57,2026-09-04 01:03:00
TXN100208,CUST1283,North,Sports,1,186.43,186.43,2026-09-04 14:37:00
TXN100209,CUST1256,South,Electronics,5,197.29,986.45,2026-09-03 19:30:00
TXN100210,CUST1258,South,Electronics,4,35.53,142.12,2026-09-03 22:05:00
TXN100211,CUST1312,South,Home & Garden,2,213.75,427.5,2026-09-04 16:33:00
TXN100212,CUST1173,Central,Electronics,3,275.79,827.37,2026-09-04 13:49:00
TXN100213,CUST1197,East,Home & Garden,3,24.44,73.32,2026-09-01 17:43:00
TXN100214,CUST1339,South,Home & Garden,5,262.62,1313.1,2026-09-03 02:37:00
TXN100215,CUST1362,North,Home & Garden,3,290.47,871.41,2026-09-04 04:38:00
TXN100216,CUST1359,Central,Electronics,5,116.12,580.6,2026-09-03 04:42:00
TXN100217,CUST1092,South,Home & Garden,4,155.0,620.0,2026-09-01 11:19:00
TXN100218,CUST1151,North,Grocery,4,61.64,246.56,2026-09-02 04:04:00
TXN100219,CUST1448,Central,Apparel,5,251.36,1256.8,2026-09-01 21:21:00
TXN100220,CUST1354,Central,Apparel,5,116.13,580.65,2026-09-02 05:53:00
TXN100221,CUST1121,West,Grocery,4,17.89,71.56,2026-09-03 21:46:00
TXN100222,CUST1122,East,Sports,3,226.96,680.88,2026-09-04 07:34:00
TXN100223,CUST1144,West,Grocery,2,113.51,227.02,2026-09-04 14:49:00
TXN100224,CUST1309,South,Home & Garden,5,128.5,642.5,2026-09-02 06:51:00
TXN100225,CUST1052,Central,Electronics,1,194.15,194.15,2026-09-03 17:59:00
TXN100226,CUST1463,Central,Apparel,3,29.74,89.22,2026-09-02 08:28:00
TXN100227,CUST1178,North,Sports,4,32.06,128.24,2026-09-02 14:56:00
TXN100228,CUST1041,East,Apparel,1,121.95,121.95,2026-09-03 07:24:00
TXN100229,CUST1171,South,Apparel,1,99.01,99.01,2026-09-01 22:41:00
TXN100230,CUST1071,West,Sports,1,89.63,89.63,2026-09-04 22:53:00
TXN100231,CUST1110,South,Grocery,5,6.55,32.75,2026-09-01 00:16:00
TXN100232,CUST1154,North,Electronics,5,160.69,803.45,2026-09-01 09:15:00
TXN100233,CUST1428,West,Grocery,2,128.85,257.7,2026-09-04 02:07:00
TXN100234,CUST1149,West,Electronics,5,9.85,49.25,2026-09-02 22:09:00
TXN100235,CUST1342,North,Grocery,5,109.08,545.4,2026-09-04 05:42:00
TXN100236,CUST1240,North,Toys,3,24.97,74.91,2026-09-01 12:55:00
TXN100237,CUST1182,North,Home & Garden,4,294.41,1177.64,2026-09-03 23:01:00
TXN100238,CUST1387,East,Apparel,2,221.22,442.44,2026-09-01 18:47:00
TXN100239,CUST1425,West,Toys,1,108.93,108.93,2026-09-03 20:11:00
TXN100240,CUST1397,West,Electronics,4,191.36,765.44,2026-09-02 02:45:00
TXN100241,CUST1477,East,Grocery,3,64.47,193.41,2026-09-02 01:20:00
TXN100242,CUST1385,South,Home & Garden,4,296.79,1187.16,2026-09-04 08:02:00
TXN100243,CUST1139,North,Home & Garden,3,259.33,777.99,2026-09-01 20:21:00
TXN100244,CUST1498,South,Sports,4,267.4,1069.6,2026-09-04 12:21:00
TXN100245,CUST1217,North,Sports,4,113.37,453.48,2026-09-03 02:46:00
TXN100246,CUST1164,North,Electronics,5,298.55,1492.75,2026-09-02 17:18:00
TXN100247,CUST1367,West,Apparel,3,199.97,599.91,2026-09-03 14:38:00
TXN100248,CUST1466,East,Grocery,4,108.71,434.84,2026-09-01 23:55:00
TXN100249,CUST1326,West,Home & Garden,4,85.99,343.96,2026-09-01 02:42:00
TXN100250,CUST1434,Central,Toys,5,241.32,1206.6,2026-09-02 00:09:00
TXN100251,CUST1330,East,Home & Garden,4,15.27,61.08,2026-09-01 07:49:00
TXN100252,CUST1347,West,Home & Garden,4,285.09,1140.36,2026-09-01 19:09:00
TXN100253,CUST1271,East,Sports,3,135.96,407.88,2026-09-01 18:08:00
TXN100254,CUST1376,South,Sports,3,196.62,589.86,2026-09-02 03:01:00
TXN100255,CUST1133,West,Apparel,5,119.16,595.8,2026-09-01 08:49:00
TXN100256,CUST1069,North,Sports,5,89.25,446.25,2026-09-04 06:07:00
TXN100257,CUST1349,East,Toys,2,270.11,540.22,2026-09-04 02:51:00
TXN100258,CUST1080,South,Home & Garden,3,214.31,642.93,2026-09-03 09:54:00
TXN100259,CUST1404,West,Electronics,5,71.15,355.75,2026-09-02 04:15:00
TXN100260,CUST1282,South,Grocery,3,168.44,505.32,2026-09-03 14:51:00
TXN100261,CUST1245,Central,Sports,1,24.4,24.4,2026-09-04 22:46:00
TXN100262,CUST1328,North,Sports,4,247.89,991.56,2026-09-01 04:20:00
TXN100263,CUST1424,Central,Toys,4,205.63,822.52,2026-09-03 04:56:00
TXN100264,CUST1466,North,Electronics,5,58.68,293.4,2026-09-02 13:32:00
TXN100265,CUST1478,South,Home & Garden,5,50.14,250.7,2026-09-02 05:20:00
TXN100266,CUST1325,Central,Home & Garden,5,269.0,1345.0,2026-09-01 08:12:00
TXN100267,CUST1086,Central,Grocery,2,189.38,378.76,2026-09-01 16:41:00
TXN100268,CUST1422,North,Electronics,2,55.5,111.0,2026-09-03 18:02:00
TXN100269,CUST1392,Central,Sports,1,284.82,284.82,2026-09-03 20:13:00
TXN100270,CUST1148,East,Sports,5,193.5,967.5,2026-09-04 20:34:00
TXN100271,CUST1037,North,Apparel,2,242.38,484.76,2026-09-04 09:29:00
TXN100272,CUST1310,South,Home & Garden,4,127.61,510.44,2026-09-04 06:21:00
TXN100273,CUST1389,East,Grocery,3,221.59,664.77,2026-09-03 12:08:00
TXN100274,CUST1136,West,Apparel,5,36.32,181.6,2026-09-02 14:07:00
TXN100275,CUST1315,West,Apparel,2,33.56,67.12,2026-09-03 12:55:00
TXN100276,CUST1081,West,Grocery,2,244.98,489.96,2026-09-03 06:48:00
TXN100277,CUST1046,West,Grocery,4,152.13,608.52,2026-09-03 15:01:00
TXN100278,CUST1024,North,Home & Garden,4,290.17,1160.68,2026-09-02 18:22:00
TXN100279,CUST1004,North,Sports,4,181.27,725.08,2026-09-04 09:34:00
TXN100280,CUST1023,West,Electronics,2,265.32,530.64,2026-09-03 12:23:00
TXN100281,CUST1037,West,Grocery,5,170.74,853.7,2026-09-03 17:18:00
TXN100282,CUST1312,North,Apparel,4,230.5,922.0,2026-09-03 19:43:00
TXN100283,CUST1386,South,Apparel,1,121.2,121.2,2026-09-03 17:23:00
TXN100284,CUST1070,East,Sports,5,155.19,775.95,2026-09-01 01:02:00
TXN100285,CUST1313,East,Apparel,5,139.81,699.05,2026-09-02 10:59:00
TXN100286,CUST1259,Central,Grocery,4,297.23,1188.92,2026-09-03 18:21:00
TXN100287,CUST1008,East,Home & Garden,4,214.08,856.32,2026-09-03 15:52:00
TXN100288,CUST1352,North,Grocery,1,294.07,294.07,2026-09-03 23:55:00
TXN100289,CUST1298,West,Apparel,4,83.33,333.32,2026-09-02 23:03:00
TXN100290,CUST1348,South,Electronics,5,190.56,952.8,2026-09-04 04:52:00
TXN100291,CUST1225,East,Sports,5,284.72,1423.6,2026-09-01 06:01:00
TXN100292,CUST1396,Central,Sports,2,126.82,253.64,2026-09-02 13:32:00
TXN100293,CUST1339,West,Grocery,1,213.2,213.2,2026-09-02 17:20:00
TXN100294,CUST1272,East,Grocery,4,97.56,390.24,2026-09-02 14:58:00
TXN100295,CUST1098,South,Home & Garden,3,204.38,613.14,2026-09-03 19:30:00
TXN100296,CUST1106,West,Home & Garden,5,93.06,465.3,2026-09-03 09:45:00
TXN100297,CUST1293,Central,Sports,4,107.9,431.6,2026-09-03 09:07:00
TXN100298,CUST1147,North,Home & Garden,4,246.42,985.68,2026-09-02 09:02:00
TXN100299,CUST1423,Central,Home & Garden,4,198.51,794.04,2026-09-04 06:12:00
TXN100300,CUST1379,Central,Apparel,5,210.37,1051.85,2026-09-02 03:39:00
TXN100301,CUST1026,North,Sports,2,19.98,39.96,2026-09-02 20:14:00
TXN100302,CUST1070,North,Grocery,3,216.62,649.86,2026-09-01 21:49:00
TXN100303,CUST1102,East,Home & Garden,2,125.04,250.08,2026-09-04 15:41:00
TXN100304,CUST1118,Central,Toys,3,195.54,586.62,2026-09-01 20:36:00
TXN100305,CUST1428,South,Electronics,1,274.4,274.4,2026-09-02 13:56:00
TXN100306,CUST1474,East,Electronics,4,237.45,949.8,2026-09-02 23:55:00
TXN100307,CUST1232,Central,Grocery,1,93.03,93.03,2026-09-01 10:18:00
TXN100308,CUST1139,South,Electronics,4,267.33,1069.32,2026-09-02 16:29:00
TXN100309,CUST1367,South,Electronics,3,52.94,158.82,2026-09-04 20:16:00
TXN100310,CUST1438,West,Sports,3,238.28,714.84,2026-09-02 05:39:00
TXN100311,CUST1094,South,Sports,5,101.74,508.7,2026-09-04 21:06:00
TXN100312,CUST1120,West,Home & Garden,3,281.07,843.21,2026-09-01 08:24:00
TXN100313,CUST1184,South,Electronics,3,94.07,282.21,2026-09-01 08:41:00
TXN100314,CUST1257,East,Toys,1,142.29,142.29,2026-09-02 12:43:00
TXN100315,CUST1113,South,Apparel,1,193.42,193.42,2026-09-03 11:39:00
TXN100316,CUST1281,West,Grocery,4,50.19,200.76,2026-09-03 13:44:00
TXN100317,CUST1270,East,Electronics,2,229.75,459.5,2026-09-01 16:28:00
TXN100318,CUST1076,South,Home & Garden,5,38.1,190.5,2026-09-02 18:34:00
TXN100319,CUST1250,North,Grocery,5,135.34,676.7,2026-09-02 22:37:00
TXN100320,CUST1212,West,Grocery,4,243.56,974.24,2026-09-04 04:32:00
TXN100321,CUST1202,East,Electronics,1,169.85,169.85,2026-09-03 23:01:00
TXN100322,CUST1358,North,Grocery,2,175.6,351.2,2026-09-01 13:22:00
TXN100323,CUST1146,West,Apparel,1,280.7,280.7,2026-09-01 15:02:00
TXN100324,CUST1195,West,Sports,2,230.92,461.84,2026-09-04 11:57:00
TXN100325,CUST1178,North,Apparel,4,28.67,114.68,2026-09-02 20:55:00
TXN100326,CUST1427,North,Electronics,5,120.95,604.75,2026-09-02 23:14:00
TXN100327,CUST1421,South,Apparel,3,141.59,424.77,2026-09-04 17:24:00
TXN100328,CUST1448,North,Electronics,4,107.12,428.48,2026-09-03 06:59:00
TXN100329,CUST1034,North,Grocery,4,186.4,745.6,2026-09-01 07:13:00
TXN100330,CUST1022,West,Sports,1,136.7,136.7,2026-09-01 07:47:00
TXN100331,CUST1148,South,Toys,2,164.23,328.46,2026-09-01 04:32:00
TXN100332,CUST1448,South,Toys,5,99.08,495.4,2026-09-03 07:19:00
TXN100333,CUST1285,Central,Toys,5,70.21,351.05,2026-09-03 08:03:00
TXN100334,CUST1024,East,Toys,2,189.67,379.34,2026-09-04 17:31:00
TXN100335,CUST1209,South,Home & Garden,4,236.81,947.24,2026-09-03 22:26:00
TXN100336,CUST1115,East,Toys,4,59.24,236.96,2026-09-04 07:54:00
TXN100337,CUST1495,West,Grocery,2,242.7,485.4,2026-09-01 17:26:00
TXN100338,CUST1169,North,Sports,5,44.56,222.8,2026-09-02 08:13:00
TXN100339,CUST1193,Central,Grocery,3,32.28,96.84,2026-09-02 01:17:00
TXN100340,CUST1343,Central,Apparel,1,262.72,262.72,2026-09-02 18:46:00
TXN100341,CUST1007,South,Apparel,4,66.62,266.48,2026-09-03 09:58:00
TXN100342,CUST1309,South,Sports,1,225.33,225.33,2026-09-04 07:44:00
TXN100343,CUST1273,East,Home & Garden,2,167.86,335.72,2026-09-03 12:29:00
TXN100344,CUST1411,West,Home & Garden,3,111.1,333.3,2026-09-04 14:06:00
TXN100345,CUST1442,South,Toys,2,114.36,228.72,2026-09-04 01:36:00
TXN100346,CUST1100,East,Apparel,2,9.78,19.56,2026-09-04 09:09:00
TXN100347,CUST1335,East,Home & Garden,4,173.09,692.36,2026-09-02 15:35:00
TXN100348,CUST1375,East,Apparel,4,290.12,1160.48,2026-09-04 14:10:00
TXN100349,CUST1455,Central,Toys,2,217.49,434.98,2026-09-04 05:58:00
TXN100350,CUST1391,North,Sports,1,159.56,159.56,2026-09-01 21:03:00
TXN100351,CUST1077,North,Apparel,2,253.55,507.1,2026-09-02 02:45:00
TXN100352,CUST1341,Central,Sports,5,139.52,697.6,2026-09-01 19:40:00
TXN100353,CUST1271,East,Grocery,4,9.64,38.56,2026-09-04 00:01:00
TXN100354,CUST1470,North,Grocery,3,10.06,30.18,2026-09-04 05:06:00
TXN100355,CUST1407,West,Electronics,2,76.09,152.18,2026-09-03 11:17:00
TXN100356,CUST1356,South,Home & Garden,3,287.99,863.97,2026-09-04 18:15:00
TXN100357,CUST1194,West,Grocery,1,197.85,197.85,2026-09-01 02:25:00
TXN100358,CUST1042,West,Sports,4,21.55,86.2,2026-09-01 22:10:00
TXN100359,CUST1021,South,Apparel,3,171.93,515.79,2026-09-01 16:58:00
TXN100360,CUST1473,East,Grocery,5,145.27,726.35,2026-09-01 02:43:00
TXN100361,CUST1492,South,Grocery,5,199.14,995.7,2026-09-02 10:01:00
TXN100362,CUST1083,Central,Apparel,2,226.92,453.84,2026-09-04 02:19:00
TXN100363,CUST1276,East,Sports,5,251.22,1256.1,2026-09-04 21:57:00
TXN100364,CUST1498,East,Electronics,2,238.2,476.4,2026-09-01 16:47:00
TXN100365,CUST1393,Central,Grocery,1,133.94,133.94,2026-09-01 10:38:00
TXN100366,CUST1139,West,Sports,4,290.83,1163.32,2026-09-03 00:40:00
TXN100367,CUST1348,Central,Toys,2,109.96,219.92,2026-09-04 13:11:00
TXN100368,CUST1037,North,Home & Garden,4,30.28,121.12,2026-09-03 07:45:00
TXN100369,CUST1162,East,Electronics,2,117.1,234.2,2026-09-02 23:24:00
TXN100370,CUST1389,East,Electronics,1,6.53,6.53,2026-09-03 14:23:00
TXN100371,CUST1284,Central,Sports,2,30.75,61.5,2026-09-04 14:35:00
TXN100372,CUST1305,Central,Home & Garden,1,12.75,12.75,2026-09-03 17:05:00
TXN100373,CUST1043,Central,Apparel,4,8.64,34.56,2026-09-04 12:49:00
TXN100374,CUST1137,East,Home & Garden,5,158.73,793.65,2026-09-04 05:08:00
TXN100375,CUST1215,East,Sports,4,48.05,192.2,2026-09-02 13:17:00
TXN100376,CUST1253,Central,Grocery,1,111.53,111.53,2026-09-02 23:40:00
TXN100377,CUST1485,West,Home & Garden,2,140.07,280.14,2026-09-02 09:00:00
TXN100378,CUST1220,Central,Apparel,5,117.07,585.35,2026-09-03 14:21:00
TXN100379,CUST1090,West,Home & Garden,3,99.6,298.8,2026-09-02 15:20:00
TXN100380,CUST1124,East,Sports,3,221.79,665.37,2026-09-04 18:50:00
TXN100381,CUST1477,Central,Apparel,3,245.87,737.61,2026-09-04 11:07:00
TXN100382,CUST1281,North,Toys,5,299.19,1495.95,2026-09-02 21:49:00
TXN100383,CUST1149,North,Sports,4,283.18,1132.72,2026-09-02 14:51:00
TXN100384,CUST1337,South,Toys,4,46.06,184.24,2026-09-03 07:16:00
TXN100385,CUST1245,Central,Sports,4,237.78,951.12,2026-09-01 14:38:00
TXN100386,CUST1404,East,Toys,5,154.45,772.25,2026-09-04 17:02:00
TXN100387,CUST1127,East,Apparel,5,180.18,900.9,2026-09-01 03:49:00
TXN100388,CUST1220,North,Electronics,5,18.07,90.35,2026-09-04 10:50:00
TXN100389,CUST1200,West,Toys,1,81.33,81.33,2026-09-02 14:23:00
TXN100390,CUST1247,North,Home & Garden,5,208.68,1043.4,2026-09-02 11:01:00
TXN100391,CUST1481,South,Home & Garden,4,276.56,1106.24,2026-09-01 03:53:00
TXN100392,CUST1178,West,Electronics,3,106.2,318.6,2026-09-02 16:30:00
TXN100393,CUST1153,North,Toys,4,217.99,871.96,2026-09-04 10:04:00
TXN100394,CUST1346,South,Toys,1,11.66,11.66,2026-09-03 20:06:00
TXN100395,CUST1218,West,Apparel,2,157.22,314.44,2026-09-02 10:35:00
TXN100396,CUST1221,West,Electronics,4,190.78,763.12,2026-09-02 20:42:00
TXN100397,CUST1199,North,Toys,5,265.51,1327.55,2026-09-04 18:27:00
TXN100398,CUST1409,Central,Apparel,2,65.71,131.42,2026-09-01 18:06:00
TXN100399,CUST1343,West,Grocery,3,101.17,303.51,2026-09-04 03:16:00
TXN100400,CUST1178,East,Sports,3,181.11,543.33,2026-09-04 18:07:00
TXN100401,CUST1043,South,Home & Garden,5,55.9,279.5,2026-09-03 19:37:00
TXN100402,CUST1355,South,Grocery,1,75.38,75.38,2026-09-01 05:23:00
TXN100403,CUST1216,South,Sports,4,128.38,513.52,2026-09-02 18:24:00
TXN100404,CUST1250,East,Apparel,5,209.56,1047.8,2026-09-02 17:10:00
TXN100405,CUST1443,East,Electronics,2,97.8,195.6,2026-09-04 19:03:00
TXN100406,CUST1334,West,Sports,4,45.28,181.12,2026-09-04 17:32:00
TXN100407,CUST1042,Central,Electronics,4,127.61,510.44,2026-09-04 15:10:00
TXN100408,CUST1147,South,Sports,2,91.17,182.34,2026-09-03 07:34:00
TXN100409,CUST1057,Central,Electronics,5,224.04,1120.2,2026-09-04 17:32:00
TXN100410,CUST1387,North,Toys,3,233.66,700.98,2026-09-03 17:52:00
TXN100411,CUST1424,South,Home & Garden,4,166.17,664.68,2026-09-04 03:47:00
TXN100412,CUST1443,North,Apparel,1,137.67,137.67,2026-09-03 02:28:00
TXN100413,CUST1323,West,Apparel,2,244.16,488.32,2026-09-03 22:39:00
TXN100414,CUST1030,Central,Home & Garden,5,46.07,230.35,2026-09-02 06:51:00
TXN100415,CUST1149,East,Grocery,5,87.92,439.6,2026-09-02 10:45:00
TXN100416,CUST1402,West,Electronics,3,285.96,857.88,2026-09-01 04:48:00
TXN100417,CUST1067,South,Apparel,3,260.78,782.34,2026-09-02 22:55:00
TXN100418,CUST1295,East,Toys,3,249.4,748.2,2026-09-04 15:09:00
TXN100419,CUST1450,North,Sports,4,115.68,462.72,2026-09-01 20:50:00
TXN100420,CUST1167,Central,Electronics,5,226.19,1130.95,2026-09-03 14:31:00
TXN100421,CUST1357,East,Electronics,1,220.62,220.62,2026-09-04 20:42:00
TXN100422,CUST1137,East,Home & Garden,5,122.33,611.65,2026-09-04 06:31:00
TXN100423,CUST1248,East,Toys,3,166.46,499.38,2026-09-02 18:54:00
TXN100424,CUST1475,South,Sports,1,18.55,18.55,2026-09-04 00:07:00
TXN100425,CUST1465,South,Toys,4,5.2,20.8,2026-09-04 06:44:00
TXN100426,CUST1184,East,Electronics,3,51.9,155.7,2026-09-03 02:41:00
TXN100427,CUST1320,East,Toys,3,201.03,603.09,2026-09-02 01:25:00
TXN100428,CUST1000,South,Sports,2,131.62,263.24,2026-09-01 22:06:00
TXN100429,CUST1227,North,Electronics,1,44.15,44.15,2026-09-02 16:43:00
TXN100430,CUST1244,North,Apparel,3,246.05,738.15,2026-09-04 22:08:00
TXN100431,CUST1188,East,Apparel,4,31.35,125.4,2026-09-01 03:20:00
TXN100432,CUST1073,North,Grocery,4,233.17,932.68,2026-09-02 20:43:00
TXN100433,CUST1369,South,Toys,5,7.5,37.5,2026-09-02 14:22:00
TXN100434,CUST1459,North,Apparel,2,276.37,552.74,2026-09-04 06:05:00
TXN100435,CUST1161,South,Apparel,1,178.92,178.92,2026-09-04 11:27:00
TXN100436,CUST1307,Central,Home & Garden,3,195.16,585.48,2026-09-02 17:38:00
TXN100437,CUST1310,Central,Apparel,1,255.13,255.13,2026-09-03 06:33:00
TXN100438,CUST1197,North,Apparel,4,92.18,368.72,2026-09-01 07:31:00
TXN100439,CUST1006,East,Home & Garden,4,193.23,772.92,2026-09-01 16:56:00
TXN100440,CUST1349,South,Sports,2,119.12,238.24,2026-09-04 11:34:00
TXN100441,CUST1110,North,Electronics,1,9.92,9.92,2026-09-01 00:16:00
TXN100442,CUST1205,North,Toys,4,154.45,617.8,2026-09-04 13:44:00
TXN100443,CUST1158,North,Grocery,5,163.61,818.05,2026-09-02 08:05:00
TXN100444,CUST1200,Central,Toys,2,292.42,584.84,2026-09-02 17:20:00
TXN100445,CUST1122,North,Apparel,1,96.5,96.5,2026-09-04 23:54:00
TXN100446,CUST1311,North,Home & Garden,1,277.77,277.77,2026-09-01 14:39:00
TXN100447,CUST1083,West,Home & Garden,2,40.24,80.48,2026-09-02 22:00:00
TXN100448,CUST1064,East,Toys,5,157.58,787.9,2026-09-03 05:23:00
TXN100449,CUST1219,East,Grocery,1,232.57,232.57,2026-09-01 10:51:00
TXN100450,CUST1261,East,Electronics,1,82.57,82.57,2026-09-01 15:29:00
TXN100451,CUST1130,North,Grocery,4,258.51,1034.04,2026-09-02 11:10:00
TXN100452,CUST1441,North,Apparel,1,72.38,72.38,2026-09-01 01:54:00
TXN100453,CUST1476,North,Grocery,1,144.17,144.17,2026-09-04 04:11:00
TXN100454,CUST1368,East,Home & Garden,4,71.23,284.92,2026-09-02 13:58:00
TXN100455,CUST1461,North,Apparel,1,173.6,173.6,2026-09-01 16:43:00
TXN100456,CUST1449,West,Home & Garden,2,242.28,484.56,2026-09-01 12:04:00
TXN100457,CUST1102,East,Grocery,3,101.55,304.65,2026-09-04 00:23:00
TXN100458,CUST1302,West,Apparel,3,223.17,669.51,2026-09-02 14:23:00
TXN100459,CUST1477,West,Electronics,5,229.34,1146.7,2026-09-02 04:00:00
TXN100460,CUST1388,West,Toys,2,164.76,329.52,2026-09-01 10:00:00
TXN100461,CUST1492,North,Apparel,3,35.66,106.98,2026-09-02 13:31:00
TXN100462,CUST1358,East,Sports,3,32.44,97.32,2026-09-02 16:26:00
TXN100463,CUST1201,North,Grocery,1,176.33,176.33,2026-09-02 20:52:00
TXN100464,CUST1133,East,Sports,5,23.37,116.85,2026-09-02 07:18:00
TXN100465,CUST1483,South,Apparel,3,98.83,296.49,2026-09-03 07:04:00
TXN100466,CUST1238,East,Sports,5,37.15,185.75,2026-09-01 05:28:00
TXN100467,CUST1237,East,Electronics,1,163.1,163.1,2026-09-02 14:19:00
TXN100468,CUST1308,North,Apparel,1,51.5,51.5,2026-09-03 22:44:00
TXN100469,CUST1262,North,Toys,3,48.76,146.28,2026-09-02 11:25:00
TXN100470,CUST1437,West,Grocery,3,81.75,245.25,2026-09-02 00:25:00
TXN100471,CUST1406,South,Electronics,5,78.71,393.55,2026-09-04 03:51:00
TXN100472,CUST1421,West,Home & Garden,1,23.19,23.19,2026-09-02 04:12:00
TXN100473,CUST1033,South,Toys,1,176.79,176.79,2026-09-03 02:01:00
TXN100474,CUST1021,West,Electronics,4,243.74,974.96,2026-09-01 10:07:00
TXN100475,CUST1254,North,Sports,2,277.62,555.24,2026-09-04 23:25:00
TXN100476,CUST1143,West,Apparel,4,55.98,223.92,2026-09-02 05:17:00
TXN100477,CUST1255,West,Grocery,1,186.16,186.16,2026-09-02 20:18:00
TXN100478,CUST1214,South,Toys,4,22.99,91.96,2026-09-03 12:08:00
TXN100479,CUST1365,East,Sports,5,78.5,392.5,2026-09-01 12:50:00
TXN100480,CUST1164,West,Home & Garden,5,235.52,1177.6,2026-09-03 18:32:00
TXN100481,CUST1415,East,Electronics,2,12.69,25.38,2026-09-02 00:57:00
TXN100482,CUST1126,South,Home & Garden,4,161.18,644.72,2026-09-02 05:06:00
TXN100483,CUST1433,West,Home & Garden,5,245.8,1229.0,2026-09-01 07:36:00
TXN100484,CUST1183,Central,Electronics,2,56.95,113.9,2026-09-03 23:44:00
TXN100485,CUST1428,West,Grocery,3,284.53,853.59,2026-09-02 18:12:00
TXN100486,CUST1119,Central,Apparel,3,56.79,170.37,2026-09-01 02:03:00
TXN100487,CUST1314,South,Apparel,1,160.3,160.3,2026-09-01 10:58:00
TXN100488,CUST1075,Central,Toys,3,216.5,649.5,2026-09-03 01:01:00
TXN100489,CUST1360,West,Grocery,2,233.44,466.88,2026-09-03 02:23:00
TXN100490,CUST1374,West,Toys,1,104.29,104.29,2026-09-03 04:10:00
TXN100491,CUST1355,Central,Home & Garden,4,196.51,786.04,2026-09-02 22:35:00
TXN100492,CUST1375,East,Apparel,2,201.33,402.66,2026-09-02 12:19:00
TXN100493,CUST1093,Central,Home & Garden,2,220.01,440.02,2026-09-04 18:02:00
TXN100494,CUST1169,North,Apparel,5,70.16,350.8,2026-09-01 15:09:00
TXN100495,CUST1493,North,Toys,3,294.8,884.4,2026-09-02 20:56:00
TXN100496,CUST1354,North,Home & Garden,3,136.76,410.28,2026-09-03 06:15:00
TXN100497,CUST1224,West,Apparel,3,237.17,711.51,2026-09-01 01:24:00
TXN100498,CUST1192,North,Sports,4,150.46,601.84,2026-09-04 11:34:00
TXN100499,CUST1037,North,Home & Garden,5,197.04,985.2,2026-09-02 05:28:00
TXN100500,CUST1087,West,Apparel,1,99.02,99.02,2026-09-01 02:21:00
TXN100501,CUST1314,West,Toys,1,166.38,166.38,2026-09-01 10:38:00
TXN100502,CUST1222,South,Electronics,1,132.24,132.24,2026-09-02 19:56:00
TXN100503,CUST1283,Central,Home & Garden,1,102.67,102.67,2026-09-02 13:44:00
TXN100504,CUST1292,Central,Sports,3,92.73,278.19,2026-09-01 01:25:00
TXN100505,CUST1150,Central,Sports,2,21.08,42.16,2026-09-01 13:05:00
TXN100506,CUST1149,North,Sports,2,33.61,67.22,2026-09-02 05:40:00
TXN100507,CUST1458,East,Electronics,1,95.96,95.96,2026-09-04 15:31:00
TXN100508,CUST1095,West,Electronics,5,119.32,596.6,2026-09-03 12:23:00
TXN100509,CUST1137,Central,Electronics,3,134.72,404.16,2026-09-03 07:53:00
TXN100510,CUST1176,Central,Sports,2,226.91,453.82,2026-09-01 02:42:00
TXN100511,CUST1267,West,Grocery,5,72.12,360.6,2026-09-01 12:52:00
TXN100512,CUST1040,West,Toys,4,173.95,695.8,2026-09-02 15:19:00
TXN100513,CUST1229,South,Apparel,1,153.12,153.12,2026-09-02 03:48:00
TXN100514,CUST1040,West,Apparel,2,243.5,487.0,2026-09-02 01:27:00
TXN100515,CUST1372,North,Electronics,2,251.06,502.12,2026-09-03 10:58:00
TXN100516,CUST1234,North,Toys,4,169.13,676.52,2026-09-03 08:33:00
TXN100517,CUST1076,South,Grocery,5,178.33,891.65,2026-09-04 03:26:00
TXN100518,CUST1399,North,Home & Garden,5,176.89,884.45,2026-09-01 03:36:00
TXN100519,CUST1335,West,Grocery,5,264.64,1323.2,2026-09-04 08:24:00
TXN100520,CUST1073,Central,Grocery,5,144.55,722.75,2026-09-02 08:25:00
TXN100521,CUST1025,West,Home & Garden,4,16.44,65.76,2026-09-03 22:15:00
TXN100522,CUST1431,West,Toys,3,10.97,32.91,2026-09-03 09:17:00
TXN100523,CUST1498,West,Home & Garden,1,291.89,291.89,2026-09-02 04:19:00
TXN100524,CUST1108,West,Toys,3,220.0,660.0,2026-09-01 06:28:00
TXN100525,CUST1405,South,Electronics,4,229.05,916.2,2026-09-03 01:32:00
TXN100526,CUST1435,Central,Grocery,3,214.32,642.96,2026-09-04 04:49:00
TXN100527,CUST1016,West,Electronics,1,56.25,56.25,2026-09-02 01:15:00
TXN100528,CUST1237,Central,Sports,3,212.87,638.61,2026-09-03 11:52:00
TXN100529,CUST1304,West,Apparel,1,205.95,205.95,2026-09-02 11:31:00
TXN100530,CUST1428,East,Toys,4,178.13,712.52,2026-09-03 11:10:00
TXN100531,CUST1437,Central,Apparel,1,89.1,89.1,2026-09-04 01:10:00
TXN100532,CUST1209,Central,Electronics,2,195.98,391.96,2026-09-02 08:41:00
TXN100533,CUST1307,North,Apparel,1,144.86,144.86,2026-09-02 20:11:00
TXN100534,CUST1329,East,Sports,3,184.46,553.38,2026-09-03 22:45:00
TXN100535,CUST1238,East,Toys,4,256.22,1024.88,2026-09-04 08:13:00
TXN100536,CUST1003,Central,Toys,5,248.17,1240.85,2026-09-04 18:06:00
TXN100537,CUST1055,West,Electronics,3,170.63,511.89,2026-09-03 09:43:00
TXN100538,CUST1335,East,Apparel,3,296.57,889.71,2026-09-03 08:16:00
TXN100539,CUST1438,Central,Sports,2,157.6,315.2,2026-09-02 01:51:00
TXN100540,CUST1151,East,Sports,3,205.82,617.46,2026-09-01 20:31:00
TXN100541,CUST1292,South,Home & Garden,4,119.54,478.16,2026-09-01 18:45:00
TXN100542,CUST1259,East,Apparel,2,207.46,414.92,2026-09-04 21:22:00
TXN100543,CUST1379,East,Toys,5,58.44,292.2,2026-09-01 15:08:00
TXN100544,CUST1171,North,Apparel,5,230.06,1150.3,2026-09-02 21:57:00
TXN100545,CUST1454,East,Home & Garden,3,70.88,212.64,2026-09-03 13:50:00
TXN100546,CUST1027,Central,Grocery,3,177.74,533.22,2026-09-04 03:30:00
TXN100547,CUST1444,West,Grocery,5,26.01,130.05,2026-09-02 16:07:00
TXN100548,CUST1175,West,Grocery,3,126.87,380.61,2026-09-02 04:12:00
TXN100549,CUST1170,South,Home & Garden,4,47.25,189.0,2026-09-02 02:31:00
TXN100550,CUST1396,South,Grocery,1,6.39,6.39,2026-09-03 06:48:00
TXN100551,CUST1222,West,Sports,2,149.43,298.86,2026-09-01 04:39:00
TXN100552,CUST1273,South,Toys,4,289.77,1159.08,2026-09-04 00:02:00
TXN100553,CUST1009,North,Toys,3,285.27,855.81,2026-09-03 16:12:00
TXN100554,CUST1052,West,Grocery,2,71.75,143.5,2026-09-03 09:08:00
TXN100555,CUST1485,East,Sports,5,95.3,476.5,2026-09-01 01:19:00
TXN100556,CUST1351,South,Home & Garden,5,180.93,904.65,2026-09-03 13:56:00
TXN100557,CUST1470,West,Electronics,4,110.98,443.92,2026-09-02 05:58:00
TXN100558,CUST1011,Central,Grocery,2,71.17,142.34,2026-09-02 06:46:00
TXN100559,CUST1327,East,Grocery,2,41.33,82.66,2026-09-01 12:56:00
TXN100560,CUST1334,North,Electronics,5,19.33,96.65,2026-09-01 21:06:00
TXN100561,CUST1129,West,Toys,1,127.95,127.95,2026-09-04 03:35:00
TXN100562,CUST1338,North,Toys,2,65.62,131.24,2026-09-01 09:26:00
TXN100563,CUST1460,North,Grocery,5,84.64,423.2,2026-09-02 13:53:00
TXN100564,CUST1101,Central,Apparel,5,39.73,198.65,2026-09-01 03:31:00
TXN100565,CUST1209,East,Apparel,3,250.29,750.87,2026-09-02 11:45:00
TXN100566,CUST1246,East,Apparel,1,166.7,166.7,2026-09-02 22:59:00
TXN100567,CUST1293,West,Apparel,1,8.76,8.76,2026-09-01 03:53:00
TXN100568,CUST1051,East,Toys,1,234.96,234.96,2026-09-01 23:46:00
TXN100569,CUST1025,North,Apparel,2,139.74,279.48,2026-09-03 08:29:00
TXN100570,CUST1218,North,Electronics,1,256.41,256.41,2026-09-03 21:20:00
TXN100571,CUST1087,East,Home & Garden,1,7.85,7.85,2026-09-02 21:41:00
TXN100572,CUST1190,East,Apparel,4,286.75,1147.0,2026-09-03 23:05:00
TXN100573,CUST1197,West,Sports,1,123.23,123.23,2026-09-04 08:53:00
TXN100574,CUST1213,Central,Sports,2,38.35,76.7,2026-09-01 05:06:00
TXN100575,CUST1398,East,Grocery,5,205.13,1025.65,2026-09-02 19:24:00
TXN100576,CUST1249,North,Sports,1,259.46,259.46,2026-09-02 15:58:00
TXN100577,CUST1006,Central,Toys,4,18.56,74.24,2026-09-03 20:20:00
TXN100578,CUST1173,Central,Grocery,5,218.51,1092.55,2026-09-02 21:55:00
TXN100579,CUST1339,West,Apparel,5,33.1,165.5,2026-09-02 15:22:00
TXN100580,CUST1478,South,Grocery,5,268.16,1340.8,2026-09-01 00:41:00
TXN100581,CUST1251,East,Apparel,4,256.3,1025.2,2026-09-02 02:48:00
TXN100582,CUST1281,West,Sports,3,291.19,873.57,2026-09-01 16:14:00
TXN100583,CUST1045,West,Sports,2,28.26,56.52,2026-09-04 18:28:00
TXN100584,CUST1009,North,Sports,3,40.02,120.06,2026-09-04 23:41:00
TXN100585,CUST1309,Central,Toys,4,15.57,62.28,2026-09-01 02:50:00
TXN100586,CUST1233,East,Home & Garden,3,267.58,802.74,2026-09-02 20:42:00
TXN100587,CUST1392,Central,Grocery,1,245.89,245.89,2026-09-04 10:35:00
TXN100588,CUST1058,North,Toys,4,216.41,865.64,2026-09-03 22:28:00
TXN100589,CUST1149,Central,Grocery,2,5.65,11.3,2026-09-03 20:51:00
TXN100590,CUST1071,West,Electronics,3,212.12,636.36,2026-09-01 05:31:00
TXN100591,CUST1436,West,Apparel,3,185.2,555.6,2026-09-02 03:59:00
TXN100592,CUST1055,West,Electronics,4,248.24,992.96,2026-09-02 22:21:00
TXN100593,CUST1301,Central,Apparel,5,41.35,206.75,2026-09-04 14:42:00
TXN100594,CUST1221,Central,Sports,4,6.28,25.12,2026-09-01 17:59:00
TXN100595,CUST1088,South,Electronics,5,235.42,1177.1,2026-09-02 22:37:00
TXN100596,CUST1196,West,Grocery,4,198.97,795.88,2026-09-03 16:56:00
TXN100597,CUST1412,South,Apparel,2,85.71,171.42,2026-09-03 09:28:00
TXN100598,CUST1440,East,Toys,4,182.74,730.96,2026-09-03 22:35:00
TXN100599,CUST1365,East,Toys,5,191.61,958.05,2026-09-02 06:39:00
TXN100600,CUST1499,South,Grocery,3,276.75,830.25,2026-09-02 22:41:00
TXN100601,CUST1389,East,Grocery,5,209.82,1049.1,2026-09-03 22:07:00
TXN100602,CUST1457,Central,Home & Garden,4,176.93,707.72,2026-09-04 21:47:00
TXN100603,CUST1074,North,Toys,4,243.45,973.8,2026-09-01 00:24:00
TXN100604,CUST1128,South,Electronics,1,63.97,63.97,2026-09-02 09:43:00
TXN100605,CUST1231,North,Grocery,3,65.18,195.54,2026-09-01 11:52:00
TXN100606,CUST1401,East,Toys,5,260.13,1300.65,2026-09-04 07:32:00
TXN100607,CUST1499,East,Grocery,1,278.31,278.31,2026-09-04 13:50:00
TXN100608,CUST1444,West,Apparel,1,8.82,8.82,2026-09-03 06:39:00
TXN100609,CUST1150,West,Apparel,3,227.76,683.28,2026-09-02 23:12:00
TXN100610,CUST1061,West,Electronics,1,60.16,60.16,2026-09-02 23:32:00
TXN100611,CUST1299,East,Electronics,4,87.34,349.36,2026-09-03 04:10:00
TXN100612,CUST1475,East,Grocery,3,142.57,427.71,2026-09-02 01:09:00
TXN100613,CUST1293,Central,Home & Garden,1,233.23,233.23,2026-09-03 15:50:00
TXN100614,CUST1489,South,Grocery,1,236.29,236.29,2026-09-03 16:14:00
TXN100615,CUST1274,West,Electronics,1,236.95,236.95,2026-09-02 13:34:00
TXN100616,CUST1169,East,Home & Garden,3,70.25,210.75,2026-09-02 21:21:00
TXN100617,CUST1385,North,Electronics,2,285.34,570.68,2026-09-04 17:52:00
TXN100618,CUST1453,East,Sports,3,136.47,409.41,2026-09-02 01:43:00
TXN100619,CUST1264,East,Grocery,1,118.83,118.83,2026-09-03 00:58:00
TXN100620,CUST1333,South,Home & Garden,5,136.44,682.2,2026-09-01 09:57:00
TXN100621,CUST1275,Central,Electronics,5,29.29,146.45,2026-09-01 05:49:00
TXN100622,CUST1427,North,Apparel,1,67.18,67.18,2026-09-02 21:27:00
TXN100623,CUST1481,North,Toys,5,249.48,1247.4,2026-09-04 20:52:00
TXN100624,CUST1037,North,Apparel,2,12.01,24.02,2026-09-03 01:05:00
TXN100625,CUST1198,West,Toys,3,169.63,508.89,2026-09-02 08:26:00
TXN100626,CUST1060,Central,Electronics,4,132.74,530.96,2026-09-01 12:43:00
TXN100627,CUST1037,East,Grocery,5,23.66,118.3,2026-09-01 22:54:00
TXN100628,CUST1144,West,Sports,1,90.5,90.5,2026-09-03 19:05:00
TXN100629,CUST1273,South,Apparel,4,247.53,990.12,2026-09-01 15:10:00
TXN100630,CUST1152,East,Electronics,4,240.05,960.2,2026-09-03 20:09:00
TXN100631,CUST1002,Central,Grocery,5,263.06,1315.3,2026-09-02 03:02:00
TXN100632,CUST1383,East,Apparel,4,163.46,653.84,2026-09-01 09:13:00
TXN100633,CUST1113,Central,Home & Garden,4,272.16,1088.64,2026-09-02 05:11:00
TXN100634,CUST1330,Central,Electronics,2,38.81,77.62,2026-09-01 17:29:00
TXN100635,CUST1371,Central,Sports,3,203.15,609.45,2026-09-03 03:12:00
TXN100636,CUST1317,North,Apparel,3,110.36,331.08,2026-09-02 03:18:00
TXN100637,CUST1156,Central,Apparel,3,148.33,444.99,2026-09-03 19:42:00
TXN100638,CUST1002,East,Apparel,5,172.22,861.1,2026-09-03 13:10:00
TXN100639,CUST1184,South,Toys,2,215.1,430.2,2026-09-04 08:53:00
TXN100640,CUST1396,East,Sports,3,263.98,791.94,2026-09-04 14:22:00
TXN100641,CUST1423,South,Grocery,5,37.11,185.55,2026-09-01 08:54:00
TXN100642,CUST1456,North,Grocery,2,82.65,165.3,2026-09-01 23:04:00
TXN100643,CUST1464,North,Grocery,1,244.73,244.73,2026-09-04 18:13:00
TXN100644,CUST1076,East,Sports,3,165.32,495.96,2026-09-04 20:49:00
TXN100645,CUST1256,Central,Electronics,2,267.97,535.94,2026-09-03 04:29:00
TXN100646,CUST1434,Central,Toys,4,112.34,449.36,2026-09-01 21:15:00
TXN100647,CUST1091,Central,Grocery,2,228.38,456.76,2026-09-02 14:10:00
TXN100648,CUST1112,West,Apparel,2,222.1,444.2,2026-09-04 11:02:00
TXN100649,CUST1105,Central,Home & Garden,1,82.99,82.99,2026-09-02 01:42:00
TXN100650,CUST1332,East,Electronics,4,143.55,574.2,2026-09-04 01:02:00
TXN100651,CUST1296,Central,Grocery,5,191.9,959.5,2026-09-03 23:16:00
TXN100652,CUST1334,North,Grocery,2,116.11,232.22,2026-09-04 11:37:00
TXN100653,CUST1180,East,Sports,3,116.02,348.06,2026-09-02 16:25:00
TXN100654,CUST1071,West,Apparel,4,266.72,1066.88,2026-09-01 16:56:00
TXN100655,CUST1095,South,Home & Garden,2,27.74,55.48,2026-09-03 06:09:00
TXN100656,CUST1212,East,Toys,5,216.6,1083.0,2026-09-01 21:14:00
TXN100657,CUST1302,South,Toys,1,147.05,147.05,2026-09-04 15:13:00
TXN100658,CUST1303,South,Apparel,4,11.62,46.48,2026-09-01 04:36:00
TXN100659,CUST1132,South,Grocery,5,16.56,82.8,2026-09-02 01:10:00
TXN100660,CUST1338,East,Electronics,4,181.81,727.24,2026-09-01 23:46:00
TXN100661,CUST1112,West,Grocery,2,137.51,275.02,2026-09-04 15:10:00
TXN100662,CUST1261,East,Apparel,2,239.41,478.82,2026-09-02 19:42:00
TXN100663,CUST1197,South,Electronics,3,277.09,831.27,2026-09-01 07:24:00
TXN100664,CUST1049,South,Sports,1,64.69,64.69,2026-09-04 04:38:00
TXN100665,CUST1337,South,Grocery,5,181.95,909.75,2026-09-01 02:30:00
TXN100666,CUST1189,North,Toys,5,249.12,1245.6,2026-09-04 16:26:00
TXN100667,CUST1301,Central,Electronics,5,131.54,657.7,2026-09-04 12:22:00
TXN100668,CUST1439,North,Home & Garden,4,44.5,178.0,2026-09-04 07:58:00
TXN100669,CUST1002,North,Grocery,5,263.65,1318.25,2026-09-04 08:12:00
TXN100670,CUST1105,East,Sports,5,39.76,198.8,2026-09-01 12:41:00
TXN100671,CUST1129,East,Grocery,3,36.44,109.32,2026-09-04 20:37:00
TXN100672,CUST1386,South,Sports,4,171.58,686.32,2026-09-03 21:25:00
TXN100673,CUST1286,Central,Sports,5,236.22,1181.1,2026-09-04 05:23:00
TXN100674,CUST1376,South,Toys,3,296.61,889.83,2026-09-03 22:25:00
TXN100675,CUST1051,South,Grocery,1,225.61,225.61,2026-09-04 22:10:00
TXN100676,CUST1493,North,Electronics,4,236.89,947.56,2026-09-01 05:24:00
TXN100677,CUST1134,South,Home & Garden,2,144.14,288.28,2026-09-04 02:04:00
TXN100678,CUST1335,Central,Home & Garden,1,184.66,184.66,2026-09-04 12:39:00
TXN100679,CUST1224,North,Apparel,5,21.95,109.75,2026-09-02 20:31:00
TXN100680,CUST1264,South,Grocery,5,89.37,446.85,2026-09-01 19:32:00
TXN100681,CUST1000,South,Electronics,2,203.84,407.68,2026-09-03 07:41:00
TXN100682,CUST1207,Central,Apparel,3,235.0,705.0,2026-09-03 21:25:00
TXN100683,CUST1145,Central,Grocery,5,9.53,47.65,2026-09-01 02:35:00
TXN100684,CUST1493,South,Sports,3,107.51,322.53,2026-09-03 07:38:00
TXN100685,CUST1259,North,Grocery,4,174.6,698.4,2026-09-03 05:26:00
TXN100686,CUST1262,East,Grocery,1,153.43,153.43,2026-09-03 03:51:00
TXN100687,CUST1247,South,Home & Garden,5,78.79,393.95,2026-09-04 12:36:00
TXN100688,CUST1132,North,Sports,4,206.07,824.28,2026-09-01 15:07:00
TXN100689,CUST1489,East,Grocery,2,204.69,409.38,2026-09-02 10:26:00
TXN100690,CUST1047,West,Toys,5,7.87,39.35,2026-09-03 07:18:00
TXN100691,CUST1181,South,Grocery,3,27.43,82.29,2026-09-02 15:20:00
TXN100692,CUST1102,South,Toys,3,58.92,176.76,2026-09-02 15:47:00
TXN100693,CUST1427,South,Grocery,2,262.46,524.92,2026-09-02 07:12:00
TXN100694,CUST1040,West,Grocery,3,51.02,153.06,2026-09-01 03:58:00
TXN100695,CUST1317,East,Sports,1,230.45,230.45,2026-09-01 15:23:00
TXN100696,CUST1468,Central,Home & Garden,5,261.29,1306.45,2026-09-04 05:48:00
TXN100697,CUST1409,West,Sports,4,70.52,282.08,2026-09-02 01:33:00
TXN100698,CUST1351,South,Sports,5,14.61,73.05,2026-09-03 12:55:00
TXN100699,CUST1004,North,Toys,1,210.98,210.98,2026-09-04 10:44:00
TXN100700,CUST1313,East,Apparel,2,116.93,233.86,2026-09-01 10:23:00
TXN100701,CUST1175,East,Apparel,5,82.54,412.7,2026-09-03 15:39:00
TXN100702,CUST1190,East,Sports,4,130.06,520.24,2026-09-04 22:48:00
TXN100703,CUST1117,North,Toys,3,137.97,413.91,2026-09-02 18:43:00
TXN100704,CUST1074,South,Sports,3,242.21,726.63,2026-09-04 12:12:00
TXN100705,CUST1434,Central,Grocery,1,57.1,57.1,2026-09-04 04:57:00
TXN100706,CUST1439,Central,Electronics,3,236.67,710.01,2026-09-03 08:35:00
TXN100707,CUST1416,East,Sports,4,34.2,136.8,2026-09-02 01:13:00
TXN100708,CUST1184,Central,Grocery,1,137.71,137.71,2026-09-03 08:23:00
TXN100709,CUST1444,Central,Apparel,3,106.52,319.56,2026-09-04 03:22:00
TXN100710,CUST1166,Central,Sports,5,174.89,874.45,2026-09-02 09:22:00
TXN100711,CUST1237,South,Apparel,4,267.44,1069.76,2026-09-04 19:18:00
TXN100712,CUST1082,East,Apparel,3,129.44,388.32,2026-09-04 02:05:00
TXN100713,CUST1309,West,Home & Garden,3,98.48,295.44,2026-09-03 22:17:00
TXN100714,CUST1266,West,Sports,4,235.39,941.56,2026-09-03 23:37:00
TXN100715,CUST1120,East,Toys,2,59.25,118.5,2026-09-01 04:46:00
TXN100716,CUST1032,West,Grocery,1,67.12,67.12,2026-09-04 03:06:00
TXN100717,CUST1042,North,Home & Garden,1,12.78,12.78,2026-09-04 16:48:00
TXN100718,CUST1126,East,Sports,5,50.81,254.05,2026-09-04 09:14:00
TXN100719,CUST1339,East,Home & Garden,2,43.73,87.46,2026-09-02 00:02:00
TXN100720,CUST1069,Central,Apparel,4,142.82,571.28,2026-09-03 17:28:00
TXN100721,CUST1327,Central,Home & Garden,5,181.29,906.45,2026-09-04 16:40:00
TXN100722,CUST1157,East,Sports,3,147.09,441.27,2026-09-02 02:28:00
TXN100723,CUST1417,South,Home & Garden,3,50.94,152.82,2026-09-01 00:33:00
TXN100724,CUST1251,West,Home & Garden,3,143.41,430.23,2026-09-01 22:59:00
TXN100725,CUST1407,North,Grocery,1,230.93,230.93,2026-09-03 19:14:00
TXN100726,CUST1083,West,Sports,3,60.63,181.89,2026-09-04 12:15:00
TXN100727,CUST1264,Central,Toys,2,82.58,165.16,2026-09-04 20:15:00
TXN100728,CUST1436,North,Apparel,3,88.98,266.94,2026-09-03 13:12:00
TXN100729,CUST1139,Central,Sports,2,90.43,180.86,2026-09-04 19:28:00
TXN100730,CUST1011,South,Electronics,2,99.59,199.18,2026-09-02 01:34:00
TXN100731,CUST1119,North,Apparel,3,84.41,253.23,2026-09-04 23:00:00
TXN100732,CUST1402,West,Home & Garden,1,150.61,150.61,2026-09-03 13:19:00
TXN100733,CUST1431,South,Electronics,4,210.6,842.4,2026-09-01 10:05:00
TXN100734,CUST1092,South,Home & Garden,3,233.82,701.46,2026-09-01 17:30:00
TXN100735,CUST1197,West,Apparel,4,249.33,997.32,2026-09-01 22:15:00
TXN100736,CUST1106,West,Sports,1,63.76,63.76,2026-09-01 16:42:00
TXN100737,CUST1021,Central,Grocery,3,281.18,843.54,2026-09-02 20:46:00
TXN100738,CUST1454,North,Toys,1,79.73,79.73,2026-09-03 06:23:00
TXN100739,CUST1166,North,Apparel,2,292.12,584.24,2026-09-02 20:27:00
TXN100740,CUST1496,North,Grocery,3,177.49,532.47,2026-09-04 07:00:00
TXN100741,CUST1045,South,Apparel,4,208.08,832.32,2026-09-02 11:49:00
TXN100742,CUST1030,East,Toys,4,31.96,127.84,2026-09-03 20:03:00
TXN100743,CUST1119,East,Grocery,2,211.89,423.78,2026-09-01 04:31:00
TXN100744,CUST1010,West,Home & Garden,3,242.63,727.89,2026-09-04 23:12:00
TXN100745,CUST1224,Central,Home & Garden,2,78.96,157.92,2026-09-01 15:45:00
TXN100746,CUST1278,East,Home & Garden,5,210.63,1053.15,2026-09-02 18:11:00
TXN100747,CUST1079,West,Home & Garden,4,86.22,344.88,2026-09-02 02:33:00
TXN100748,CUST1326,Central,Sports,3,164.77,494.31,2026-09-04 00:49:00
TXN100749,CUST1164,North,Toys,2,265.47,530.94,2026-09-03 19:15:00
TXN100750,CUST1254,Central,Apparel,5,246.62,1233.1,2026-09-02 16:43:00
TXN100751,CUST1056,North,Grocery,5,88.52,442.6,2026-09-04 20:20:00
TXN100752,CUST1016,South,Electronics,1,17.91,17.91,2026-09-02 05:55:00
TXN100753,CUST1428,West,Toys,4,61.53,246.12,2026-09-01 18:41:00
TXN100754,CUST1113,Central,Toys,4,160.12,640.48,2026-09-03 01:23:00
TXN100755,CUST1475,North,Sports,1,8.86,8.86,2026-09-02 20:31:00
TXN100756,CUST1362,North,Grocery,1,111.47,111.47,2026-09-04 11:50:00
TXN100757,CUST1483,South,Grocery,3,161.06,483.18,2026-09-01 09:04:00
TXN100758,CUST1097,South,Grocery,1,34.86,34.86,2026-09-02 17:24:00
TXN100759,CUST1285,West,Toys,2,173.16,346.32,2026-09-02 17:47:00
TXN100760,CUST1359,West,Electronics,1,231.05,231.05,2026-09-03 21:29:00
TXN100761,CUST1336,South,Grocery,2,238.78,477.56,2026-09-04 16:21:00
TXN100762,CUST1166,East,Sports,5,135.69,678.45,2026-09-03 10:35:00
TXN100763,CUST1288,Central,Apparel,4,248.72,994.88,2026-09-03 19:15:00
TXN100764,CUST1229,West,Electronics,4,230.88,923.52,2026-09-03 11:28:00
TXN100765,CUST1455,East,Electronics,1,294.97,294.97,2026-09-01 16:08:00
TXN100766,CUST1395,East,Grocery,3,295.4,886.2,2026-09-02 10:01:00
TXN100767,CUST1235,East,Apparel,5,169.12,845.6,2026-09-02 03:02:00
TXN100768,CUST1415,East,Electronics,2,83.17,166.34,2026-09-02 07:16:00
TXN100769,CUST1370,East,Sports,5,122.94,614.7,2026-09-02 23:04:00
TXN100770,CUST1153,North,Toys,2,149.04,298.08,2026-09-01 19:41:00
TXN100771,CUST1450,West,Sports,5,117.56,587.8,2026-09-01 10:22:00
TXN100772,CUST1434,Central,Electronics,1,261.59,261.59,2026-09-02 23:41:00
TXN100773,CUST1289,South,Home & Garden,4,20.97,83.88,2026-09-01 10:34:00
TXN100774,CUST1374,West,Sports,5,210.84,1054.2,2026-09-02 01:43:00
TXN100775,CUST1148,West,Apparel,5,174.7,873.5,2026-09-01 07:27:00
TXN100776,CUST1025,Central,Sports,2,104.17,208.34,2026-09-04 18:47:00
TXN100777,CUST1390,South,Sports,3,30.1,90.3,2026-09-04 22:08:00
TXN100778,CUST1100,Central,Grocery,5,63.44,317.2,2026-09-04 20:36:00
TXN100779,CUST1220,East,Toys,5,77.64,388.2,2026-09-01 08:49:00
TXN100780,CUST1178,South,Home & Garden,5,31.43,157.15,2026-09-04 13:23:00
TXN100781,CUST1179,Central,Sports,3,180.19,540.57,2026-09-01 09:10:00
TXN100782,CUST1350,East,Apparel,5,48.02,240.1,2026-09-01 07:12:00
TXN100783,CUST1474,South,Home & Garden,1,38.15,38.15,2026-09-01 07:39:00
TXN100784,CUST1241,North,Home & Garden,1,106.27,106.27,2026-09-01 09:28:00
TXN100785,CUST1267,East,Grocery,2,223.3,446.6,2026-09-02 06:34:00
TXN100786,CUST1342,North,Sports,4,188.8,755.2,2026-09-02 22:44:00
TXN100787,CUST1030,East,Apparel,5,272.28,1361.4,2026-09-01 08:10:00
TXN100788,CUST1034,West,Toys,5,85.03,425.15,2026-09-04 20:00:00
TXN100789,CUST1149,West,Apparel,3,200.58,601.74,2026-09-03 03:01:00
TXN100790,CUST1443,Central,Grocery,4,155.02,620.08,2026-09-01 10:31:00
TXN100791,CUST1364,North,Electronics,1,59.99,59.99,2026-09-04 17:59:00
TXN100792,CUST1201,South,Electronics,2,277.07,554.14,2026-09-03 10:31:00
TXN100793,CUST1120,Central,Home & Garden,3,206.87,620.61,2026-09-03 20:19:00
TXN100794,CUST1485,East,Apparel,1,189.61,189.61,2026-09-04 00:35:00
TXN100795,CUST1044,West,Grocery,2,105.83,211.66,2026-09-04 21:08:00
TXN100796,CUST1293,South,Sports,5,262.45,1312.25,2026-09-02 13:15:00
TXN100797,CUST1067,South,Toys,3,273.37,820.11,2026-09-03 14:34:00
TXN100798,CUST1352,Central,Apparel,2,176.4,352.8,2026-09-02 04:19:00
TXN100799,CUST1289,South,Home & Garden,4,298.73,1194.92,2026-09-02 20:59:00
TXN100800,CUST1429,South,Toys,1,169.42,169.42,2026-09-01 05:20:00
TXN100801,CUST1226,East,Apparel,1,230.8,230.8,2026-09-04 13:19:00
TXN100802,CUST1313,Central,Home & Garden,2,36.5,73.0,2026-09-02 00:48:00
TXN100803,CUST1118,North,Home & Garden,5,172.28,861.4,2026-09-02 19:14:00
TXN100804,CUST1433,Central,Sports,1,208.0,208.0,2026-09-04 04:32:00
TXN100805,CUST1070,South,Apparel,3,59.27,177.81,2026-09-04 15:30:00
TXN100806,CUST1113,South,Apparel,2,14.51,29.02,2026-09-01 08:26:00
TXN100807,CUST1352,East,Sports,1,57.24,57.24,2026-09-04 19:31:00
TXN100808,CUST1422,West,Toys,2,131.13,262.26,2026-09-01 19:47:00
TXN100809,CUST1231,West,Electronics,3,121.27,363.81,2026-09-01 16:06:00
TXN100810,CUST1285,West,Grocery,2,158.02,316.04,2026-09-04 23:02:00
TXN100811,CUST1155,East,Sports,1,61.01,61.01,2026-09-04 12:56:00
TXN100812,CUST1462,South,Sports,2,129.63,259.26,2026-09-01 22:33:00
TXN100813,CUST1299,Central,Apparel,4,31.68,126.72,2026-09-01 05:49:00
TXN100814,CUST1232,Central,Toys,4,127.0,508.0,2026-09-04 00:11:00
TXN100815,CUST1354,South,Toys,2,265.35,530.7,2026-09-01 08:20:00
TXN100816,CUST1043,Central,Toys,1,31.9,31.9,2026-09-04 20:23:00
TXN100817,CUST1194,North,Apparel,4,219.43,877.72,2026-09-02 12:35:00
TXN100818,CUST1074,South,Toys,3,171.82,515.46,2026-09-02 05:55:00
TXN100819,CUST1492,West,Home & Garden,1,128.78,128.78,2026-09-03 23:49:00
TXN100820,CUST1318,East,Electronics,2,39.68,79.36,2026-09-02 06:00:00
TXN100821,CUST1002,Central,Sports,4,151.8,607.2,2026-09-04 17:51:00
TXN100822,CUST1226,North,Grocery,2,68.98,137.96,2026-09-04 14:26:00
TXN100823,CUST1285,South,Electronics,5,6.94,34.7,2026-09-03 19:40:00
TXN100824,CUST1437,North,Toys,2,48.74,97.48,2026-09-03 01:09:00
TXN100825,CUST1044,North,Electronics,5,252.21,1261.05,2026-09-03 10:58:00
TXN100826,CUST1312,Central,Grocery,4,298.15,1192.6,2026-09-02 21:18:00
TXN100827,CUST1184,North,Electronics,5,57.34,286.7,2026-09-04 23:37:00
TXN100828,CUST1218,Central,Electronics,3,100.23,300.69,2026-09-04 02:48:00
TXN100829,CUST1140,East,Grocery,3,143.89,431.67,2026-09-01 22:55:00
TXN100830,CUST1055,Central,Toys,4,159.77,639.08,2026-09-02 19:03:00
TXN100831,CUST1309,East,Sports,5,296.22,1481.1,2026-09-04 23:44:00
TXN100832,CUST1319,East,Apparel,5,255.1,1275.5,2026-09-03 16:36:00
TXN100833,CUST1092,Central,Apparel,5,170.98,854.9,2026-09-04 15:51:00
TXN100834,CUST1238,North,Toys,3,293.88,881.64,2026-09-01 03:01:00
TXN100835,CUST1170,East,Grocery,2,240.87,481.74,2026-09-04 13:02:00
TXN100836,CUST1130,North,Home & Garden,2,8.33,16.66,2026-09-02 22:18:00
TXN100837,CUST1351,East,Home & Garden,3,154.47,463.41,2026-09-03 00:07:00
TXN100838,CUST1169,East,Toys,4,218.7,874.8,2026-09-01 05:12:00
TXN100839,CUST1246,South,Toys,4,275.27,1101.08,2026-09-01 20:08:00
TXN100840,CUST1416,West,Toys,4,268.16,1072.64,2026-09-03 14:50:00
TXN100841,CUST1347,East,Grocery,1,251.36,251.36,2026-09-03 18:46:00
TXN100842,CUST1496,South,Home & Garden,5,10.52,52.6,2026-09-03 11:04:00
TXN100843,CUST1431,South,Grocery,1,105.05,105.05,2026-09-04 20:34:00
TXN100844,CUST1439,East,Toys,5,119.92,599.6,2026-09-01 09:45:00
TXN100845,CUST1121,East,Sports,1,85.09,85.09,2026-09-01 15:56:00
TXN100846,CUST1191,North,Apparel,3,68.76,206.28,2026-09-03 05:07:00
TXN100847,CUST1256,South,Apparel,1,135.91,135.91,2026-09-01 15:57:00
TXN100848,CUST1393,North,Grocery,3,277.47,832.41,2026-09-03 10:09:00
TXN100849,CUST1365,Central,Electronics,2,65.53,131.06,2026-09-01 14:24:00
TXN100850,CUST1304,North,Home & Garden,1,96.74,96.74,2026-09-01 21:54:00
TXN100851,CUST1337,East,Electronics,4,267.31,1069.24,2026-09-01 16:49:00
TXN100852,CUST1098,East,Home & Garden,5,228.76,1143.8,2026-09-02 10:12:00
TXN100853,CUST1139,South,Apparel,5,99.15,495.75,2026-09-04 21:07:00
TXN100854,CUST1179,Central,Home & Garden,3,38.77,116.31,2026-09-01 06:34:00
TXN100855,CUST1087,North,Home & Garden,3,46.76,140.28,2026-09-03 18:15:00
TXN100856,CUST1014,West,Toys,5,268.21,1341.05,2026-09-04 01:08:00
TXN100857,CUST1200,South,Toys,1,36.25,36.25,2026-09-01 02:27:00
TXN100858,CUST1159,East,Apparel,5,267.93,1339.65,2026-09-04 19:22:00
TXN100859,CUST1047,West,Electronics,5,28.17,140.85,2026-09-04 18:08:00
TXN100860,CUST1485,South,Apparel,4,96.57,386.28,2026-09-04 15:14:00
TXN100861,CUST1358,East,Home & Garden,5,81.13,405.65,2026-09-03 12:11:00
TXN100862,CUST1179,West,Sports,4,148.81,595.24,2026-09-01 15:07:00
TXN100863,CUST1065,Central,Electronics,2,88.27,176.54,2026-09-03 19:36:00
TXN100864,CUST1332,North,Home & Garden,4,246.18,984.72,2026-09-01 10:35:00
TXN100865,CUST1124,Central,Apparel,5,140.99,704.95,2026-09-04 07:39:00
TXN100866,CUST1355,Central,Sports,4,118.23,472.92,2026-09-03 06:52:00
TXN100867,CUST1120,South,Toys,4,172.33,689.32,2026-09-03 17:44:00
TXN100868,CUST1305,West,Home & Garden,1,223.11,223.11,2026-09-04 03:37:00
TXN100869,CUST1489,West,Electronics,5,33.81,169.05,2026-09-04 05:19:00
TXN100870,CUST1330,North,Electronics,5,37.08,185.4,2026-09-04 10:31:00
TXN100871,CUST1076,West,Grocery,2,246.02,492.04,2026-09-01 04:42:00
TXN100872,CUST1348,East,Home & Garden,3,120.04,360.12,2026-09-04 06:13:00
TXN100873,CUST1468,East,Electronics,5,239.33,1196.65,2026-09-03 13:45:00
TXN100874,CUST1150,North,Home & Garden,5,7.4,37.0,2026-09-04 04:54:00
TXN100875,CUST1420,East,Electronics,5,290.53,1452.65,2026-09-01 22:35:00
TXN100876,CUST1302,West,Toys,3,260.38,781.14,2026-09-02 13:44:00
TXN100877,CUST1279,South,Toys,3,214.97,644.91,2026-09-04 12:27:00
TXN100878,CUST1431,East,Sports,2,145.09,290.18,2026-09-02 17:24:00
TXN100879,CUST1036,North,Apparel,2,90.1,180.2,2026-09-02 04:00:00
TXN100880,CUST1328,West,Sports,4,199.09,796.36,2026-09-02 02:08:00
TXN100881,CUST1217,Central,Sports,5,279.44,1397.2,2026-09-02 14:32:00
TXN100882,CUST1003,Central,Sports,4,109.82,439.28,2026-09-02 13:38:00
TXN100883,CUST1279,Central,Home & Garden,2,215.08,430.16,2026-09-03 13:59:00
TXN100884,CUST1057,Central,Sports,1,293.58,293.58,2026-09-04 22:23:00
TXN100885,CUST1040,Central,Grocery,1,46.92,46.92,2026-09-03 14:33:00
TXN100886,CUST1276,Central,Home & Garden,1,77.34,77.34,2026-09-01 21:40:00
TXN100887,CUST1005,West,Sports,5,20.57,102.85,2026-09-03 17:49:00
TXN100888,CUST1491,East,Home & Garden,5,272.29,1361.45,2026-09-03 13:22:00
TXN100889,CUST1288,East,Electronics,2,15.42,30.84,2026-09-03 23:50:00
TXN100890,CUST1414,Central,Electronics,4,175.55,702.2,2026-09-01 21:18:00
TXN100891,CUST1435,East,Home & Garden,3,148.0,444.0,2026-09-02 16:04:00
TXN100892,CUST1379,North,Grocery,2,186.66,373.32,2026-09-03 08:00:00
TXN100893,CUST1189,South,Home & Garden,2,273.49,546.98,2026-09-02 21:28:00
TXN100894,CUST1495,South,Grocery,2,148.05,296.1,2026-09-01 10:05:00
TXN100895,CUST1338,West,Toys,2,252.1,504.2,2026-09-04 12:15:00
TXN100896,CUST1135,North,Electronics,2,67.2,134.4,2026-09-03 01:41:00
TXN100897,CUST1382,Central,Apparel,2,141.88,283.76,2026-09-04 09:30:00
TXN100898,CUST1074,Central,Sports,4,206.64,826.56,2026-09-04 15:16:00
TXN100899,CUST1161,Central,Toys,1,90.19,90.19,2026-09-04 12:43:00
TXN100900,CUST1470,East,Home & Garden,1,33.72,33.72,2026-09-03 13:39:00
TXN100901,CUST1299,West,Sports,3,83.79,251.37,2026-09-01 08:41:00
TXN100902,CUST1346,South,Home & Garden,2,221.62,443.24,2026-09-02 16:21:00
TXN100903,CUST1210,North,Grocery,5,8.12,40.6,2026-09-01 02:00:00
TXN100904,CUST1145,East,Apparel,1,207.22,207.22,2026-09-03 07:46:00
TXN100905,CUST1336,South,Grocery,1,11.99,11.99,2026-09-01 01:38:00
TXN100906,CUST1309,South,Sports,1,213.88,213.88,2026-09-01 02:54:00
TXN100907,CUST1094,East,Home & Garden,5,241.94,1209.7,2026-09-02 03:44:00
TXN100908,CUST1472,East,Sports,4,199.84,799.36,2026-09-01 20:29:00
TXN100909,CUST1031,West,Sports,3,80.91,242.73,2026-09-01 08:49:00
TXN100910,CUST1225,North,Sports,3,298.81,896.43,2026-09-03 08:11:00
TXN100911,CUST1055,South,Grocery,2,185.04,370.08,2026-09-02 20:31:00
TXN100912,CUST1132,North,Electronics,4,69.42,277.68,2026-09-01 14:45:00
TXN100913,CUST1459,West,Apparel,1,25.77,25.77,2026-09-03 14:01:00
TXN100914,CUST1358,East,Sports,1,280.2,280.2,2026-09-04 08:09:00
TXN100915,CUST1206,North,Grocery,5,6.09,30.45,2026-09-04 15:27:00
TXN100916,CUST1274,East,Home & Garden,2,5.98,11.96,2026-09-04 03:36:00
TXN100917,CUST1436,East,Electronics,3,123.18,369.54,2026-09-01 11:34:00
TXN100918,CUST1090,Central,Electronics,4,229.33,917.32,2026-09-03 20:12:00
TXN100919,CUST1458,North,Toys,4,199.92,799.68,2026-09-03 22:24:00
TXN100920,CUST1071,North,Apparel,3,148.52,445.56,2026-09-04 23:12:00
TXN100921,CUST1032,Central,Toys,1,217.32,217.32,2026-09-02 15:24:00
TXN100922,CUST1173,North,Home & Garden,3,152.41,457.23,2026-09-04 00:02:00
TXN100923,CUST1267,West,Toys,1,124.62,124.62,2026-09-02 20:42:00
TXN100924,CUST1376,South,Sports,5,48.94,244.7,2026-09-02 02:02:00
TXN100925,CUST1332,South,Electronics,1,144.01,144.01,2026-09-01 07:44:00
TXN100926,CUST1312,South,Grocery,2,191.64,383.28,2026-09-03 03:29:00
TXN100927,CUST1304,Central,Apparel,1,246.25,246.25,2026-09-01 03:31:00
TXN100928,CUST1427,West,Home & Garden,1,242.31,242.31,2026-09-04 10:51:00
TXN100929,CUST1493,South,Electronics,1,292.88,292.88,2026-09-02 10:53:00
TXN100930,CUST1072,West,Apparel,5,56.17,280.85,2026-09-01 03:17:00
TXN100931,CUST1297,North,Apparel,3,168.26,504.78,2026-09-04 07:59:00
TXN100932,CUST1450,West,Electronics,1,238.36,238.36,2026-09-04 05:01:00
TXN100933,CUST1303,East,Sports,1,7.13,7.13,2026-09-01 22:41:00
TXN100934,CUST1138,Central,Sports,4,209.25,837.0,2026-09-02 04:40:00
TXN100935,CUST1019,Central,Apparel,4,75.58,302.32,2026-09-02 19:44:00
TXN100936,CUST1400,East,Home & Garden,4,185.55,742.2,2026-09-01 20:52:00
TXN100937,CUST1271,North,Grocery,4,6.35,25.4,2026-09-02 06:07:00
TXN100938,CUST1320,South,Home & Garden,3,259.51,778.53,2026-09-02 14:49:00
TXN100939,CUST1495,West,Sports,1,62.15,62.15,2026-09-02 21:54:00
TXN100940,CUST1186,East,Apparel,2,52.13,104.26,2026-09-01 01:41:00
TXN100941,CUST1379,North,Grocery,4,79.16,316.64,2026-09-04 01:06:00
TXN100942,CUST1059,North,Apparel,2,51.62,103.24,2026-09-01 15:32:00
TXN100943,CUST1382,East,Apparel,4,179.85,719.4,2026-09-03 13:12:00
TXN100944,CUST1211,South,Sports,1,101.21,101.21,2026-09-01 07:47:00
TXN100945,CUST1223,South,Apparel,2,26.69,53.38,2026-09-04 01:56:00
TXN100946,CUST1234,South,Toys,5,139.22,696.1,2026-09-04 11:08:00
TXN100947,CUST1016,Central,Electronics,3,292.79,878.37,2026-09-02 10:08:00
TXN100948,CUST1087,East,Apparel,3,45.27,135.81,2026-09-04 14:26:00
TXN100949,CUST1437,South,Electronics,3,183.07,549.21,2026-09-02 18:35:00
TXN100950,CUST1242,West,Home & Garden,4,257.81,1031.24,2026-09-04 06:37:00
TXN100951,CUST1222,Central,Apparel,1,220.36,220.36,2026-09-02 07:20:00
TXN100952,CUST1020,West,Toys,5,284.14,1420.7,2026-09-01 13:02:00
TXN100953,CUST1408,North,Sports,5,14.92,74.6,2026-09-04 15:51:00
TXN100954,CUST1208,South,Apparel,4,75.95,303.8,2026-09-01 22:46:00
TXN100955,CUST1342,East,Apparel,3,92.26,276.78,2026-09-01 00:30:00
TXN100956,CUST1395,South,Toys,4,258.09,1032.36,2026-09-01 14:29:00
TXN100957,CUST1360,North,Toys,4,59.56,238.24,2026-09-03 20:29:00
TXN100958,CUST1151,West,Home & Garden,1,118.54,118.54,2026-09-03 16:02:00
TXN100959,CUST1317,East,Toys,5,165.02,825.1,2026-09-02 21:05:00
TXN100960,CUST1196,East,Sports,1,156.85,156.85,2026-09-03 01:07:00
TXN100961,CUST1286,North,Grocery,5,17.06,85.3,2026-09-03 05:41:00
TXN100962,CUST1058,West,Toys,2,45.83,91.66,2026-09-03 07:34:00
TXN100963,CUST1115,East,Home & Garden,5,261.98,1309.9,2026-09-02 23:48:00
TXN100964,CUST1032,East,Home & Garden,3,153.55,460.65,2026-09-04 08:03:00
TXN100965,CUST1272,Central,Home & Garden,4,148.44,593.76,2026-09-01 15:45:00
TXN100966,CUST1452,West,Electronics,4,188.18,752.72,2026-09-01 06:57:00
TXN100967,CUST1055,South,Home & Garden,1,120.25,120.25,2026-09-02 09:04:00
TXN100968,CUST1104,Central,Toys,1,210.64,210.64,2026-09-04 04:55:00
TXN100969,CUST1215,West,Toys,1,91.48,91.48,2026-09-02 15:22:00
TXN100970,CUST1410,South,Grocery,1,91.0,91.0,2026-09-01 00:55:00
TXN100971,CUST1402,East,Sports,3,126.45,379.35,2026-09-03 20:41:00
TXN100972,CUST1290,South,Home & Garden,5,201.43,1007.15,2026-09-04 14:19:00
TXN100973,CUST1497,East,Electronics,2,237.83,475.66,2026-09-02 15:23:00
TXN100974,CUST1473,South,Toys,2,109.17,218.34,2026-09-04 05:39:00
TXN100975,CUST1463,South,Apparel,5,89.15,445.75,2026-09-02 22:44:00
TXN100976,CUST1225,East,Home & Garden,2,39.49,78.98,2026-09-03 18:08:00
TXN100977,CUST1176,South,Home & Garden,2,65.52,131.04,2026-09-01 21:20:00
TXN100978,CUST1062,North,Sports,4,164.26,657.04,2026-09-02 17:19:00
TXN100979,CUST1002,Central,Grocery,4,231.71,926.84,2026-09-04 10:09:00
TXN100980,CUST1148,Central,Toys,3,195.94,587.82,2026-09-03 15:57:00
TXN100981,CUST1057,West,Electronics,2,240.87,481.74,2026-09-04 10:44:00
TXN100982,CUST1205,Central,Apparel,2,205.01,410.02,2026-09-01 09:01:00
TXN100983,CUST1328,South,Grocery,4,110.43,441.72,2026-09-03 01:38:00
TXN100984,CUST1042,Central,Sports,5,70.53,352.65,2026-09-03 06:01:00
TXN100985,CUST1162,Central,Grocery,1,292.87,292.87,2026-09-04 06:31:00
TXN100986,CUST1366,West,Home & Garden,5,283.3,1416.5,2026-09-03 12:09:00
TXN100987,CUST1157,West,Grocery,4,114.99,459.96,2026-09-03 11:22:00
TXN100988,CUST1411,West,Home & Garden,1,68.63,68.63,2026-09-04 23:26:00
TXN100989,CUST1212,South,Grocery,2,242.67,485.34,2026-09-04 23:57:00
TXN100990,CUST1444,Central,Home & Garden,5,30.39,151.95,2026-09-02 09:30:00
TXN100991,CUST1209,East,Sports,1,280.28,280.28,2026-09-04 02:00:00
TXN100992,CUST1426,West,Home & Garden,2,168.97,337.94,2026-09-02 06:11:00
TXN100993,CUST1252,Central,Toys,5,149.72,748.6,2026-09-03 18:19:00
TXN100994,CUST1153,West,Electronics,4,71.23,284.92,2026-09-01 04:16:00
TXN100995,CUST1125,North,Electronics,3,128.06,384.18,2026-09-04 22:41:00
TXN100996,CUST1185,Central,Sports,3,150.45,451.35,2026-09-01 19:47:00
TXN100997,CUST1243,North,Home & Garden,5,133.64,668.2,2026-09-03 20:43:00
TXN100998,CUST1297,North,Apparel,5,221.22,1106.1,2026-09-01 08:10:00
TXN100999,CUST1027,East,Home & Garden,3,141.01,423.03,2026-09-02 11:10:00
TXN101000,CUST1149,Central,Toys,4,192.69,770.76,2026-09-03 01:18:00
TXN101001,CUST1385,South,Grocery,1,156.59,156.59,2026-09-02 03:38:00
TXN101002,CUST1357,East,Electronics,3,262.37,787.11,2026-09-03 08:43:00
TXN101003,CUST1265,East,Home & Garden,5,176.11,880.55,2026-09-02 00:08:00
TXN101004,CUST1079,Central,Apparel,4,126.54,506.16,2026-09-02 03:13:00
TXN101005,CUST1469,North,Electronics,2,239.56,479.12,2026-09-01 13:29:00
TXN101006,CUST1353,East,Apparel,2,277.41,554.82,2026-09-04 11:19:00
TXN101007,CUST1155,North,Toys,4,267.47,1069.88,2026-09-03 05:45:00
TXN101008,CUST1157,South,Apparel,1,70.6,70.6,2026-09-02 22:14:00
TXN101009,CUST1401,North,Electronics,2,294.43,588.86,2026-09-04 22:48:00
TXN101010,CUST1055,North,Toys,1,233.53,233.53,2026-09-04 01:12:00
TXN101011,CUST1129,North,Electronics,5,179.99,899.95,2026-09-04 03:58:00
TXN101012,CUST1308,South,Grocery,3,201.94,605.82,2026-09-01 03:58:00
TXN101013,CUST1074,East,Grocery,2,59.51,119.02,2026-09-03 00:05:00
TXN101014,CUST1034,North,Grocery,3,108.9,326.7,2026-09-02 16:36:00
TXN101015,CUST1461,Central,Electronics,1,161.01,161.01,2026-09-02 09:10:00
TXN101016,CUST1301,South,Sports,1,277.65,277.65,2026-09-04 11:44:00
TXN101017,CUST1109,Central,Apparel,1,58.35,58.35,2026-09-03 12:27:00
TXN101018,CUST1056,Central,Apparel,4,38.29,153.16,2026-09-03 03:29:00
TXN101019,CUST1020,North,Home & Garden,4,229.87,919.48,2026-09-03 17:46:00
TXN101020,CUST1376,East,Toys,4,39.14,156.56,2026-09-03 14:38:00
TXN101021,CUST1219,South,Electronics,4,71.63,286.52,2026-09-04 09:54:00
TXN101022,CUST1345,West,Toys,4,282.03,1128.12,2026-09-03 05:00:00
TXN101023,CUST1202,West,Toys,1,121.93,121.93,2026-09-01 03:09:00
TXN101024,CUST1499,South,Home & Garden,5,293.38,1466.9,2026-09-02 02:23:00
TXN101025,CUST1429,West,Toys,2,180.51,361.02,2026-09-04 03:14:00
TXN101026,CUST1182,West,Toys,4,87.16,348.64,2026-09-03 20:25:00
TXN101027,CUST1075,West,Electronics,5,285.29,1426.45,2026-09-04 16:17:00
TXN101028,CUST1482,South,Electronics,1,78.95,78.95,2026-09-04 07:40:00
TXN101029,CUST1013,South,Sports,1,222.65,222.65,2026-09-01 15:43:00
TXN101030,CUST1319,North,Electronics,5,205.37,1026.85,2026-09-02 09:39:00
TXN101031,CUST1338,West,Sports,5,231.43,1157.15,2026-09-04 06:18:00
TXN101032,CUST1009,North,Sports,5,82.19,410.95,2026-09-03 17:34:00
TXN101033,CUST1235,North,Electronics,1,118.17,118.17,2026-09-03 12:28:00
TXN101034,CUST1251,West,Apparel,2,169.22,338.44,2026-09-03 22:10:00
TXN101035,CUST1345,West,Toys,3,216.14,648.42,2026-09-04 03:36:00
TXN101036,CUST1437,South,Grocery,5,207.19,1035.95,2026-09-04 15:35:00
TXN101037,CUST1315,East,Home & Garden,1,120.46,120.46,2026-09-04 18:24:00
TXN101038,CUST1187,East,Toys,3,23.12,69.36,2026-09-01 04:53:00
TXN101039,CUST1219,East,Home & Garden,5,12.94,64.7,2026-09-03 12:06:00
TXN101040,CUST1331,East,Grocery,4,108.62,434.48,2026-09-02 07:15:00
TXN101041,CUST1172,South,Electronics,1,273.56,273.56,2026-09-01 09:07:00
TXN101042,CUST1216,Central,Grocery,5,101.2,506.0,2026-09-04 21:55:00
TXN101043,CUST1162,West,Grocery,4,83.65,334.6,2026-09-04 18:01:00
TXN101044,CUST1353,South,Home & Garden,4,100.11,400.44,2026-09-01 15:06:00
TXN101045,CUST1153,East,Sports,4,153.32,613.28,2026-09-03 05:39:00
TXN101046,CUST1147,East,Electronics,2,151.6,303.2,2026-09-01 17:13:00
TXN101047,CUST1380,North,Toys,3,298.89,896.67,2026-09-04 07:39:00
TXN101048,CUST1290,Central,Sports,5,32.95,164.75,2026-09-03 08:04:00
TXN101049,CUST1154,Central,Home & Garden,4,66.87,267.48,2026-09-01 20:52:00
TXN101050,CUST1205,East,Grocery,4,200.72,802.88,2026-09-03 06:26:00
TXN101051,CUST1360,Central,Apparel,5,138.7,693.5,2026-09-02 00:40:00
TXN101052,CUST1326,Central,Grocery,5,152.27,761.35,2026-09-04 08:59:00
TXN101053,CUST1186,West,Apparel,4,280.72,1122.88,2026-09-01 16:12:00
TXN101054,CUST1163,North,Toys,2,49.39,98.78,2026-09-03 13:26:00
TXN101055,CUST1082,East,Toys,2,254.56,509.12,2026-09-03 09:41:00
TXN101056,CUST1098,North,Apparel,5,74.66,373.3,2026-09-02 03:09:00
TXN101057,CUST1463,North,Apparel,3,141.93,425.79,2026-09-04 13:41:00
TXN101058,CUST1411,East,Toys,2,85.45,170.9,2026-09-01 08:50:00
TXN101059,CUST1400,North,Electronics,5,56.92,284.6,2026-09-01 23:31:00
TXN101060,CUST1489,West,Home & Garden,1,97.6,97.6,2026-09-03 02:57:00
TXN101061,CUST1292,Central,Electronics,1,122.08,122.08,2026-09-02 07:07:00
TXN101062,CUST1046,South,Grocery,5,200.94,1004.7,2026-09-03 15:56:00
TXN101063,CUST1299,West,Toys,1,233.09,233.09,2026-09-03 10:53:00
TXN101064,CUST1089,South,Home & Garden,2,280.97,561.94,2026-09-02 04:06:00
TXN101065,CUST1191,North,Home & Garden,4,125.47,501.88,2026-09-01 15:34:00
TXN101066,CUST1401,South,Home & Garden,5,130.02,650.1,2026-09-02 08:56:00
TXN101067,CUST1495,Central,Electronics,4,216.12,864.48,2026-09-03 00:41:00
TXN101068,CUST1196,East,Toys,1,208.75,208.75,2026-09-02 08:35:00
TXN101069,CUST1121,West,Sports,3,271.43,814.29,2026-09-01 17:55:00
TXN101070,CUST1046,South,Home & Garden,1,273.39,273.39,2026-09-04 08:19:00
TXN101071,CUST1162,West,Electronics,2,258.53,517.06,2026-09-02 14:40:00
TXN101072,CUST1211,East,Toys,3,260.6,781.8,2026-09-04 15:47:00
TXN101073,CUST1133,Central,Electronics,4,263.64,1054.56,2026-09-01 05:44:00
TXN101074,CUST1014,North,Toys,3,129.16,387.48,2026-09-03 14:44:00
TXN101075,CUST1102,East,Home & Garden,2,190.9,381.8,2026-09-02 00:25:00
TXN101076,CUST1365,South,Grocery,5,29.26,146.3,2026-09-02 07:33:00
TXN101077,CUST1447,South,Home & Garden,4,238.83,955.32,2026-09-03 14:30:00
TXN101078,CUST1043,West,Home & Garden,2,207.8,415.6,2026-09-03 09:12:00
TXN101079,CUST1010,North,Grocery,2,121.08,242.16,2026-09-04 18:14:00
TXN101080,CUST1134,South,Electronics,5,189.86,949.3,2026-09-01 14:12:00
TXN101081,CUST1490,East,Apparel,4,187.31,749.24,2026-09-03 04:05:00
TXN101082,CUST1344,West,Electronics,5,39.62,198.1,2026-09-04 14:52:00
TXN101083,CUST1382,West,Sports,2,215.5,431.0,2026-09-02 08:18:00
TXN101084,CUST1421,East,Toys,2,132.24,264.48,2026-09-02 19:13:00
TXN101085,CUST1148,East,Apparel,2,128.41,256.82,2026-09-04 04:01:00
TXN101086,CUST1350,West,Electronics,5,138.04,690.2,2026-09-02 11:37:00
TXN101087,CUST1351,South,Toys,1,143.32,143.32,2026-09-03 22:25:00
TXN101088,CUST1285,North,Electronics,4,213.99,855.96,2026-09-03 02:06:00
TXN101089,CUST1480,Central,Toys,3,279.66,838.98,2026-09-04 11:38:00
TXN101090,CUST1343,East,Apparel,1,6.58,6.58,2026-09-04 09:25:00
TXN101091,CUST1257,West,Home & Garden,5,17.13,85.65,2026-09-02 08:10:00
TXN101092,CUST1221,South,Home & Garden,4,43.92,175.68,2026-09-03 22:33:00
TXN101093,CUST1498,East,Toys,1,97.41,97.41,2026-09-02 15:55:00
TXN101094,CUST1424,East,Grocery,3,278.24,834.72,2026-09-03 08:39:00
TXN101095,CUST1251,South,Grocery,3,133.55,400.65,2026-09-02 10:47:00
TXN101096,CUST1093,North,Sports,4,20.7,82.8,2026-09-02 01:14:00
TXN101097,CUST1458,West,Electronics,3,53.25,159.75,2026-09-04 13:07:00
TXN101098,CUST1057,South,Electronics,4,110.17,440.68,2026-09-04 14:31:00
TXN101099,CUST1086,Central,Home & Garden,3,32.61,97.83,2026-09-03 05:53:00
TXN101100,CUST1269,Central,Apparel,5,267.81,1339.05,2026-09-02 18:00:00
TXN101101,CUST1048,East,Electronics,4,276.52,1106.08,2026-09-02 15:43:00
TXN101102,CUST1302,North,Home & Garden,3,205.99,617.97,2026-09-01 12:23:00
TXN101103,CUST1245,West,Toys,2,13.52,27.04,2026-09-04 22:42:00
TXN101104,CUST1335,Central,Sports,3,180.29,540.87,2026-09-01 10:02:00
TXN101105,CUST1024,East,Home & Garden,3,284.49,853.47,2026-09-02 06:55:00
TXN101106,CUST1130,South,Apparel,1,224.42,224.42,2026-09-04 02:25:00
TXN101107,CUST1399,West,Home & Garden,4,31.31,125.24,2026-09-02 05:24:00
TXN101108,CUST1412,East,Toys,2,40.58,81.16,2026-09-04 13:47:00
TXN101109,CUST1102,West,Sports,5,43.73,218.65,2026-09-01 11:32:00
TXN101110,CUST1216,East,Grocery,4,145.55,582.2,2026-09-04 02:48:00
TXN101111,CUST1262,East,Sports,2,133.06,266.12,2026-09-04 02:02:00
TXN101112,CUST1322,Central,Electronics,2,196.05,392.1,2026-09-02 15:33:00
TXN101113,CUST1076,South,Toys,3,143.12,429.36,2026-09-01 15:19:00
TXN101114,CUST1024,Central,Electronics,3,253.25,759.75,2026-09-04 09:36:00
TXN101115,CUST1237,Central,Home & Garden,1,156.46,156.46,2026-09-04 13:06:00
TXN101116,CUST1058,West,Apparel,3,80.18,240.54,2026-09-01 16:01:00
TXN101117,CUST1448,East,Home & Garden,2,253.66,507.32,2026-09-01 02:26:00
TXN101118,CUST1135,East,Apparel,5,218.61,1093.05,2026-09-04 19:51:00
TXN101119,CUST1222,Central,Electronics,2,59.6,119.2,2026-09-03 21:06:00
TXN101120,CUST1244,West,Toys,1,121.51,121.51,2026-09-01 05:41:00
TXN101121,CUST1416,Central,Home & Garden,4,261.29,1045.16,2026-09-04 09:39:00
TXN101122,CUST1007,South,Electronics,4,242.37,969.48,2026-09-01 04:08:00
TXN101123,CUST1246,South,Toys,1,210.33,210.33,2026-09-02 00:13:00
TXN101124,CUST1394,West,Apparel,2,133.56,267.12,2026-09-02 02:19:00
TXN101125,CUST1078,West,Sports,4,129.45,517.8,2026-09-01 05:57:00
TXN101126,CUST1103,East,Grocery,4,10.79,43.16,2026-09-04 18:15:00
TXN101127,CUST1433,West,Sports,4,20.02,80.08,2026-09-01 03:40:00
TXN101128,CUST1204,West,Grocery,4,222.44,889.76,2026-09-03 01:31:00
TXN101129,CUST1031,Central,Electronics,5,218.76,1093.8,2026-09-04 07:45:00
TXN101130,CUST1331,West,Sports,4,175.04,700.16,2026-09-01 08:57:00
TXN101131,CUST1223,North,Apparel,1,150.96,150.96,2026-09-03 14:44:00
TXN101132,CUST1118,Central,Apparel,3,219.23,657.69,2026-09-04 11:28:00
TXN101133,CUST1431,West,Apparel,5,273.18,1365.9,2026-09-03 19:54:00
TXN101134,CUST1481,East,Sports,3,218.28,654.84,2026-09-04 13:53:00
TXN101135,CUST1044,West,Apparel,2,188.44,376.88,2026-09-03 22:47:00
TXN101136,CUST1212,West,Home & Garden,2,63.85,127.7,2026-09-04 03:50:00
TXN101137,CUST1451,East,Home & Garden,2,66.78,133.56,2026-09-01 00:22:00
TXN101138,CUST1220,North,Grocery,2,56.54,113.08,2026-09-01 02:21:00
TXN101139,CUST1174,East,Electronics,2,40.6,81.2,2026-09-02 15:16:00
TXN101140,CUST1263,Central,Toys,5,83.91,419.55,2026-09-02 22:55:00
TXN101141,CUST1386,North,Electronics,1,213.39,213.39,2026-09-04 14:53:00
TXN101142,CUST1259,North,Apparel,5,184.85,924.25,2026-09-01 17:02:00
TXN101143,CUST1149,West,Grocery,1,261.91,261.91,2026-09-03 05:46:00
TXN101144,CUST1186,East,Apparel,4,221.1,884.4,2026-09-01 04:41:00
TXN101145,CUST1393,North,Apparel,1,255.34,255.34,2026-09-04 13:49:00
TXN101146,CUST1190,West,Home & Garden,4,105.69,422.76,2026-09-02 02:17:00
TXN101147,CUST1410,West,Sports,2,49.73,99.46,2026-09-04 07:08:00
TXN101148,CUST1074,North,Toys,4,269.93,1079.72,2026-09-03 00:28:00
TXN101149,CUST1205,South,Sports,5,283.37,1416.85,2026-09-01 10:20:00
TXN101150,CUST1328,South,Grocery,1,121.01,121.01,2026-09-01 21:59:00
TXN101151,CUST1453,Central,Home & Garden,1,293.43,293.43,2026-09-03 13:25:00
TXN101152,CUST1270,Central,Apparel,3,273.22,819.66,2026-09-01 08:57:00
TXN101153,CUST1403,Central,Toys,4,136.63,546.52,2026-09-02 17:39:00
TXN101154,CUST1154,North,Electronics,4,210.75,843.0,2026-09-04 06:56:00
TXN101155,CUST1145,South,Electronics,5,103.68,518.4,2026-09-02 16:34:00
TXN101156,CUST1011,North,Grocery,5,167.78,838.9,2026-09-03 20:10:00
TXN101157,CUST1258,North,Toys,5,81.31,406.55,2026-09-03 23:27:00
TXN101158,CUST1181,North,Electronics,1,253.27,253.27,2026-09-03 20:32:00
TXN101159,CUST1120,Central,Grocery,1,137.38,137.38,2026-09-01 14:21:00
TXN101160,CUST1145,Central,Toys,5,254.13,1270.65,2026-09-02 11:19:00
TXN101161,CUST1264,Central,Apparel,2,215.73,431.46,2026-09-02 03:20:00
TXN101162,CUST1424,West,Electronics,3,139.02,417.06,2026-09-02 22:27:00
TXN101163,CUST1228,North,Home & Garden,1,23.35,23.35,2026-09-02 15:13:00
TXN101164,CUST1255,West,Sports,5,123.81,619.05,2026-09-04 08:37:00
TXN101165,CUST1258,South,Sports,4,220.86,883.44,2026-09-04 05:09:00
TXN101166,CUST1233,West,Electronics,4,43.17,172.68,2026-09-01 22:13:00
TXN101167,CUST1436,West,Electronics,2,283.5,567.0,2026-09-03 03:38:00
TXN101168,CUST1078,North,Home & Garden,1,114.03,114.03,2026-09-03 01:33:00
TXN101169,CUST1014,South,Apparel,3,297.35,892.05,2026-09-03 09:31:00
TXN101170,CUST1093,West,Electronics,5,129.42,647.1,2026-09-03 09:13:00
TXN101171,CUST1246,Central,Home & Garden,1,166.52,166.52,2026-09-01 01:26:00
TXN101172,CUST1427,Central,Apparel,5,138.45,692.25,2026-09-03 12:30:00
TXN101173,CUST1229,South,Toys,2,153.91,307.82,2026-09-04 14:42:00
TXN101174,CUST1460,West,Home & Garden,3,31.35,94.05,2026-09-04 12:14:00
TXN101175,CUST1330,North,Apparel,5,18.52,92.6,2026-09-04 23:17:00
TXN101176,CUST1063,Central,Electronics,1,173.74,173.74,2026-09-03 17:41:00
TXN101177,CUST1096,West,Grocery,2,286.77,573.54,2026-09-01 18:33:00
TXN101178,CUST1402,South,Apparel,1,40.48,40.48,2026-09-02 00:17:00
TXN101179,CUST1023,West,Electronics,5,136.05,680.25,2026-09-03 12:37:00
TXN101180,CUST1270,East,Sports,3,133.92,401.76,2026-09-04 00:55:00
TXN101181,CUST1146,South,Apparel,3,31.85,95.55,2026-09-01 17:10:00
TXN101182,CUST1347,South,Electronics,3,231.65,694.95,2026-09-02 09:26:00
TXN101183,CUST1029,East,Sports,5,288.53,1442.65,2026-09-02 00:45:00
TXN101184,CUST1192,North,Electronics,1,99.41,99.41,2026-09-04 10:16:00
TXN101185,CUST1385,Central,Sports,2,75.69,151.38,2026-09-02 15:32:00
TXN101186,CUST1208,North,Sports,1,84.44,84.44,2026-09-03 14:35:00
TXN101187,CUST1283,Central,Toys,1,125.21,125.21,2026-09-02 00:17:00
TXN101188,CUST1208,West,Electronics,1,77.66,77.66,2026-09-02 09:36:00
TXN101189,CUST1086,South,Grocery,5,65.02,325.1,2026-09-02 11:34:00
TXN101190,CUST1416,West,Grocery,4,288.6,1154.4,2026-09-04 01:00:00
TXN101191,CUST1477,West,Home & Garden,3,197.65,592.95,2026-09-02 00:03:00
TXN101192,CUST1323,South,Grocery,5,79.01,395.05,2026-09-04 11:53:00
TXN101193,CUST1288,North,Home & Garden,5,87.99,439.95,2026-09-02 23:34:00
TXN101194,CUST1284,East,Sports,1,121.61,121.61,2026-09-01 04:46:00
TXN101195,CUST1325,East,Toys,2,185.08,370.16,2026-09-03 21:21:00
TXN101196,CUST1235,Central,Home & Garden,4,85.54,342.16,2026-09-03 10:13:00
TXN101197,CUST1001,Central,Sports,1,274.64,274.64,2026-09-02 20:59:00
TXN101198,CUST1458,West,Sports,1,270.93,270.93,2026-09-02 13:35:00
TXN101199,CUST1456,West,Toys,5,28.94,144.7,2026-09-01 17:01:00
TXN101200,CUST1198,South,Toys,1,109.13,109.13,2026-09-04 19:22:00
TXN101201,CUST1004,South,Toys,1,41.81,41.81,2026-09-03 06:28:00
TXN101202,CUST1417,Central,Toys,1,228.73,228.73,2026-09-03 06:05:00
TXN101203,CUST1495,East,Electronics,3,243.48,730.44,2026-09-02 07:31:00
TXN101204,CUST1420,West,Electronics,3,150.39,451.17,2026-09-02 00:12:00
TXN101205,CUST1099,Central,Toys,3,172.89,518.67,2026-09-04 05:35:00
TXN101206,CUST1381,North,Apparel,5,171.72,858.6,2026-09-01 18:08:00
TXN101207,CUST1400,East,Apparel,3,280.4,841.2,2026-09-02 16:46:00
TXN101208,CUST1452,West,Electronics,1,297.63,297.63,2026-09-03 21:35:00
TXN101209,CUST1432,West,Home & Garden,4,194.09,776.36,2026-09-01 10:27:00
TXN101210,CUST1264,North,Toys,1,205.65,205.65,2026-09-04 15:23:00
TXN101211,CUST1161,North,Sports,2,18.85,37.7,2026-09-04 17:28:00
TXN101212,CUST1353,West,Electronics,2,103.74,207.48,2026-09-01 23:14:00
TXN101213,CUST1320,North,Electronics,2,63.08,126.16,2026-09-03 09:04:00
TXN101214,CUST1320,East,Home & Garden,4,132.42,529.68,2026-09-01 18:51:00
TXN101215,CUST1027,East,Grocery,2,36.81,73.62,2026-09-02 10:53:00
TXN101216,CUST1228,Central,Electronics,2,283.35,566.7,2026-09-04 03:40:00
TXN101217,CUST1455,North,Apparel,1,292.49,292.49,2026-09-01 12:20:00
TXN101218,CUST1312,West,Electronics,1,276.14,276.14,2026-09-04 01:19:00
TXN101219,CUST1195,West,Electronics,1,204.88,204.88,2026-09-01 09:54:00
TXN101220,CUST1337,Central,Electronics,5,226.83,1134.15,2026-09-02 19:50:00
TXN101221,CUST1051,East,Toys,4,118.26,473.04,2026-09-04 19:39:00
TXN101222,CUST1055,North,Electronics,1,138.95,138.95,2026-09-03 18:12:00
TXN101223,CUST1326,Central,Home & Garden,5,215.42,1077.1,2026-09-02 18:08:00
TXN101224,CUST1070,North,Electronics,3,129.2,387.6,2026-09-04 05:15:00
TXN101225,CUST1386,East,Home & Garden,2,96.94,193.88,2026-09-04 16:41:00
TXN101226,CUST1158,Central,Home & Garden,5,266.14,1330.7,2026-09-02 04:30:00
TXN101227,CUST1336,South,Electronics,3,113.8,341.4,2026-09-01 16:37:00
TXN101228,CUST1100,South,Toys,2,154.6,309.2,2026-09-01 13:22:00
TXN101229,CUST1243,West,Grocery,2,236.65,473.3,2026-09-03 06:42:00
TXN101230,CUST1214,East,Apparel,3,256.34,769.02,2026-09-03 19:19:00
TXN101231,CUST1471,North,Toys,1,139.02,139.02,2026-09-01 15:14:00
TXN101232,CUST1122,West,Toys,2,209.5,419.0,2026-09-04 19:13:00
TXN101233,CUST1094,North,Home & Garden,3,243.15,729.45,2026-09-04 06:25:00
TXN101234,CUST1072,East,Sports,1,26.75,26.75,2026-09-01 17:07:00
TXN101235,CUST1101,South,Home & Garden,2,191.24,382.48,2026-09-03 01:01:00
TXN101236,CUST1173,Central,Apparel,2,69.59,139.18,2026-09-03 23:11:00
TXN101237,CUST1051,North,Toys,2,62.82,125.64,2026-09-02 08:58:00
TXN101238,CUST1107,East,Sports,2,116.78,233.56,2026-09-01 10:59:00
TXN101239,CUST1481,Central,Grocery,2,114.04,228.08,2026-09-03 21:10:00
TXN101240,CUST1451,South,Apparel,4,264.12,1056.48,2026-09-01 03:09:00
TXN101241,CUST1219,South,Electronics,2,162.1,324.2,2026-09-03 10:38:00
TXN101242,CUST1126,North,Toys,5,178.26,891.3,2026-09-03 04:20:00
TXN101243,CUST1041,West,Toys,3,262.49,787.47,2026-09-04 06:46:00
TXN101244,CUST1260,East,Sports,5,24.14,120.7,2026-09-04 20:48:00
TXN101245,CUST1269,West,Toys,5,141.96,709.8,2026-09-03 22:23:00
TXN101246,CUST1404,Central,Toys,4,144.76,579.04,2026-09-04 20:58:00
TXN101247,CUST1120,West,Apparel,1,66.12,66.12,2026-09-02 14:55:00
TXN101248,CUST1478,East,Home & Garden,3,130.38,391.14,2026-09-04 18:10:00
TXN101249,CUST1265,East,Apparel,5,30.0,150.0,2026-09-01 09:28:00
TXN101250,CUST1239,West,Sports,5,17.14,85.7,2026-09-03 13:28:00
TXN101251,CUST1012,South,Sports,3,242.33,726.99,2026-09-03 08:24:00
TXN101252,CUST1042,East,Grocery,2,83.36,166.72,2026-09-01 11:57:00
TXN101253,CUST1116,North,Electronics,5,166.26,831.3,2026-09-01 08:59:00
TXN101254,CUST1345,East,Home & Garden,1,111.27,111.27,2026-09-02 10:12:00
TXN101255,CUST1309,South,Toys,3,224.84,674.52,2026-09-03 06:45:00
TXN101256,CUST1421,East,Sports,5,274.15,1370.75,2026-09-01 09:18:00
TXN101257,CUST1262,South,Sports,4,247.45,989.8,2026-09-01 15:41:00
TXN101258,CUST1264,Central,Grocery,2,71.94,143.88,2026-09-02 15:14:00
TXN101259,CUST1043,East,Apparel,4,218.14,872.56,2026-09-04 10:50:00
TXN101260,CUST1230,Central,Electronics,4,232.19,928.76,2026-09-04 06:28:00
TXN101261,CUST1004,West,Toys,3,45.99,137.97,2026-09-02 09:47:00
TXN101262,CUST1385,West,Toys,3,105.25,315.75,2026-09-04 13:43:00
TXN101263,CUST1016,South,Apparel,5,93.39,466.95,2026-09-01 18:50:00
TXN101264,CUST1485,West,Electronics,3,172.62,517.86,2026-09-04 12:13:00
TXN101265,CUST1291,West,Toys,5,119.0,595.0,2026-09-04 03:21:00
TXN101266,CUST1090,North,Toys,3,32.51,97.53,2026-09-01 21:35:00
TXN101267,CUST1466,West,Home & Garden,5,149.14,745.7,2026-09-02 06:04:00
TXN101268,CUST1188,Central,Electronics,2,73.75,147.5,2026-09-01 14:03:00
TXN101269,CUST1056,South,Grocery,2,101.4,202.8,2026-09-04 12:10:00
TXN101270,CUST1443,South,Apparel,4,146.08,584.32,2026-09-01 12:57:00
TXN101271,CUST1294,East,Grocery,2,96.38,192.76,2026-09-04 05:38:00
TXN101272,CUST1003,South,Sports,2,153.23,306.46,2026-09-04 08:12:00
TXN101273,CUST1466,Central,Sports,1,248.25,248.25,2026-09-02 16:21:00
TXN101274,CUST1147,West,Home & Garden,4,141.5,566.0,2026-09-01 23:05:00
TXN101275,CUST1091,Central,Toys,3,120.37,361.11,2026-09-02 13:15:00
TXN101276,CUST1048,West,Toys,4,140.06,560.24,2026-09-02 22:36:00
TXN101277,CUST1321,Central,Home & Garden,1,75.71,75.71,2026-09-02 08:56:00
TXN101278,CUST1390,Central,Electronics,1,210.92,210.92,2026-09-02 15:26:00
TXN101279,CUST1399,East,Sports,3,27.58,82.74,2026-09-01 16:49:00
TXN101280,CUST1236,North,Electronics,4,53.63,214.52,2026-09-02 16:02:00
TXN101281,CUST1019,North,Home & Garden,4,117.44,469.76,2026-09-04 06:25:00
TXN101282,CUST1383,West,Sports,1,214.18,214.18,2026-09-02 10:42:00
TXN101283,CUST1071,West,Home & Garden,4,25.13,100.52,2026-09-02 22:28:00
TXN101284,CUST1090,East,Electronics,2,55.32,110.64,2026-09-01 19:06:00
TXN101285,CUST1390,North,Toys,5,223.73,1118.65,2026-09-02 02:42:00
TXN101286,CUST1365,North,Toys,3,50.28,150.84,2026-09-03 05:13:00
TXN101287,CUST1267,North,Sports,5,68.77,343.85,2026-09-01 20:51:00
TXN101288,CUST1193,South,Apparel,3,135.98,407.94,2026-09-01 01:49:00
TXN101289,CUST1215,North,Electronics,3,273.08,819.24,2026-09-02 02:01:00
TXN101290,CUST1049,South,Toys,3,247.06,741.18,2026-09-01 07:56:00
TXN101291,CUST1287,South,Grocery,2,17.98,35.96,2026-09-01 10:20:00
TXN101292,CUST1118,South,Electronics,2,280.63,561.26,2026-09-04 13:07:00
TXN101293,CUST1161,North,Sports,3,100.39,301.17,2026-09-01 12:41:00
TXN101294,CUST1142,Central,Home & Garden,2,140.34,280.68,2026-09-01 21:52:00
TXN101295,CUST1392,Central,Sports,1,24.86,24.86,2026-09-02 13:19:00
TXN101296,CUST1307,East,Toys,1,215.2,215.2,2026-09-02 08:06:00
TXN101297,CUST1325,East,Toys,4,204.98,819.92,2026-09-02 10:11:00
TXN101298,CUST1299,West,Sports,4,24.92,99.68,2026-09-01 19:58:00
TXN101299,CUST1360,North,Apparel,5,193.97,969.85,2026-09-02 16:37:00
TXN101300,CUST1377,West,Apparel,1,186.82,186.82,2026-09-01 09:15:00
TXN101301,CUST1151,South,Apparel,5,28.42,142.1,2026-09-02 11:31:00
TXN101302,CUST1371,Central,Sports,4,65.29,261.16,2026-09-01 07:59:00
TXN101303,CUST1389,North,Grocery,3,44.61,133.83,2026-09-03 20:50:00
TXN101304,CUST1433,East,Home & Garden,4,196.17,784.68,2026-09-03 00:14:00
TXN101305,CUST1410,South,Grocery,2,65.72,131.44,2026-09-01 21:15:00
TXN101306,CUST1003,North,Sports,4,158.83,635.32,2026-09-02 14:40:00
TXN101307,CUST1480,South,Apparel,1,286.33,286.33,2026-09-01 20:09:00
TXN101308,CUST1040,West,Toys,1,56.23,56.23,2026-09-02 07:32:00
TXN101309,CUST1090,Central,Apparel,4,96.88,387.52,2026-09-02 07:27:00
TXN101310,CUST1139,West,Electronics,3,89.18,267.54,2026-09-04 20:12:00
TXN101311,CUST1216,Central,Grocery,3,122.48,367.44,2026-09-02 15:28:00
TXN101312,CUST1195,West,Electronics,4,229.3,917.2,2026-09-04 00:48:00
TXN101313,CUST1089,East,Sports,3,180.58,541.74,2026-09-02 17:46:00
TXN101314,CUST1310,West,Electronics,4,95.22,380.88,2026-09-03 12:35:00
TXN101315,CUST1469,South,Electronics,3,45.31,135.93,2026-09-04 06:09:00
TXN101316,CUST1473,West,Sports,1,259.19,259.19,2026-09-03 15:25:00
TXN101317,CUST1036,West,Electronics,3,118.29,354.87,2026-09-03 20:37:00
TXN101318,CUST1223,East,Toys,1,118.52,118.52,2026-09-02 06:48:00
TXN101319,CUST1188,North,Toys,3,155.33,465.99,2026-09-04 20:44:00
TXN101320,CUST1017,East,Toys,4,278.32,1113.28,2026-09-02 07:30:00
TXN101321,CUST1233,South,Home & Garden,1,210.75,210.75,2026-09-02 08:38:00
TXN101322,CUST1394,North,Toys,2,182.63,365.26,2026-09-02 00:07:00
TXN101323,CUST1096,West,Apparel,4,122.31,489.24,2026-09-01 16:58:00
TXN101324,CUST1337,West,Grocery,4,79.6,318.4,2026-09-03 16:34:00
TXN101325,CUST1293,East,Apparel,3,221.51,664.53,2026-09-01 03:40:00
TXN101326,CUST1003,South,Sports,3,225.88,677.64,2026-09-04 22:19:00
TXN101327,CUST1335,East,Toys,1,33.58,33.58,2026-09-04 16:26:00
TXN101328,CUST1068,South,Sports,4,55.34,221.36,2026-09-03 05:45:00
TXN101329,CUST1416,South,Apparel,2,153.27,306.54,2026-09-01 14:36:00
TXN101330,CUST1461,West,Sports,2,22.4,44.8,2026-09-02 06:16:00
TXN101331,CUST1043,West,Electronics,5,37.21,186.05,2026-09-02 02:18:00
TXN101332,CUST1244,West,Toys,3,23.96,71.88,2026-09-01 18:15:00
TXN101333,CUST1298,North,Electronics,1,7.8,7.8,2026-09-03 00:42:00
TXN101334,CUST1266,East,Sports,2,159.09,318.18,2026-09-01 12:38:00
TXN101335,CUST1349,East,Home & Garden,4,228.29,913.16,2026-09-04 10:23:00
TXN101336,CUST1029,East,Home & Garden,2,282.59,565.18,2026-09-04 12:39:00
TXN101337,CUST1454,South,Electronics,1,5.91,5.91,2026-09-04 23:53:00
TXN101338,CUST1417,South,Home & Garden,5,41.25,206.25,2026-09-03 22:48:00
TXN101339,CUST1338,South,Electronics,4,187.41,749.64,2026-09-04 16:26:00
TXN101340,CUST1376,East,Toys,3,9.91,29.73,2026-09-03 01:51:00
TXN101341,CUST1313,North,Home & Garden,4,73.9,295.6,2026-09-04 12:47:00
TXN101342,CUST1358,North,Toys,4,282.03,1128.12,2026-09-04 21:54:00
TXN101343,CUST1445,Central,Grocery,4,91.69,366.76,2026-09-02 22:09:00
TXN101344,CUST1426,Central,Sports,5,14.36,71.8,2026-09-04 02:19:00
TXN101345,CUST1276,South,Apparel,2,269.44,538.88,2026-09-01 15:42:00
TXN101346,CUST1366,North,Apparel,2,55.28,110.56,2026-09-01 03:27:00
TXN101347,CUST1131,West,Toys,3,271.28,813.84,2026-09-03 07:46:00
TXN101348,CUST1354,East,Apparel,1,201.32,201.32,2026-09-04 02:50:00
TXN101349,CUST1193,West,Toys,5,231.07,1155.35,2026-09-01 20:21:00
TXN101350,CUST1132,North,Home & Garden,5,290.04,1450.2,2026-09-04 07:14:00
TXN101351,CUST1479,South,Toys,1,37.86,37.86,2026-09-03 23:37:00
TXN101352,CUST1295,North,Home & Garden,1,173.99,173.99,2026-09-02 10:24:00
TXN101353,CUST1163,East,Toys,1,179.07,179.07,2026-09-02 12:27:00
TXN101354,CUST1004,Central,Sports,2,158.33,316.66,2026-09-02 03:25:00
TXN101355,CUST1348,West,Apparel,3,47.69,143.07,2026-09-03 07:31:00
TXN101356,CUST1158,Central,Toys,5,88.6,443.0,2026-09-01 19:20:00
TXN101357,CUST1110,West,Home & Garden,1,85.67,85.67,2026-09-04 20:53:00
TXN101358,CUST1366,South,Toys,4,22.35,89.4,2026-09-03 04:52:00
TXN101359,CUST1249,West,Home & Garden,2,211.62,423.24,2026-09-01 05:54:00
TXN101360,CUST1347,West,Home & Garden,2,297.36,594.72,2026-09-04 10:27:00
TXN101361,CUST1472,South,Toys,4,120.36,481.44,2026-09-03 09:44:00
TXN101362,CUST1405,Central,Electronics,5,121.16,605.8,2026-09-02 10:48:00
TXN101363,CUST1226,West,Home & Garden,3,139.97,419.91,2026-09-02 18:08:00
TXN101364,CUST1004,East,Toys,2,66.88,133.76,2026-09-02 23:41:00
TXN101365,CUST1347,South,Electronics,5,35.07,175.35,2026-09-02 12:27:00
TXN101366,CUST1060,Central,Toys,1,109.9,109.9,2026-09-04 05:03:00
TXN101367,CUST1206,South,Electronics,3,180.05,540.15,2026-09-02 20:46:00
TXN101368,CUST1305,South,Toys,1,76.05,76.05,2026-09-04 09:44:00
TXN101369,CUST1418,West,Home & Garden,4,233.88,935.52,2026-09-01 14:55:00
TXN101370,CUST1062,West,Toys,4,113.36,453.44,2026-09-01 03:05:00
TXN101371,CUST1381,North,Grocery,5,71.36,356.8,2026-09-04 08:44:00
TXN101372,CUST1064,North,Home & Garden,2,118.27,236.54,2026-09-04 09:36:00
TXN101373,CUST1358,North,Sports,1,215.56,215.56,2026-09-02 12:52:00
TXN101374,CUST1428,Central,Grocery,5,246.15,1230.75,2026-09-04 02:33:00
TXN101375,CUST1060,South,Grocery,1,227.28,227.28,2026-09-02 21:57:00
TXN101376,CUST1020,South,Grocery,2,6.57,13.14,2026-09-04 10:07:00
TXN101377,CUST1435,North,Electronics,2,197.53,395.06,2026-09-01 17:16:00
TXN101378,CUST1216,North,Apparel,1,154.31,154.31,2026-09-03 17:10:00
TXN101379,CUST1227,South,Grocery,3,18.62,55.86,2026-09-03 21:34:00
TXN101380,CUST1261,South,Toys,4,210.05,840.2,2026-09-03 19:34:00
TXN101381,CUST1096,South,Home & Garden,1,200.47,200.47,2026-09-01 07:02:00
TXN101382,CUST1142,South,Toys,2,287.44,574.88,2026-09-02 18:22:00
TXN101383,CUST1332,South,Sports,5,129.49,647.45,2026-09-03 08:24:00
TXN101384,CUST1481,South,Grocery,4,29.56,118.24,2026-09-03 21:27:00
TXN101385,CUST1330,South,Toys,2,25.81,51.62,2026-09-03 20:44:00
TXN101386,CUST1078,East,Sports,3,171.27,513.81,2026-09-02 13:52:00
TXN101387,CUST1063,Central,Electronics,4,12.64,50.56,2026-09-02 02:17:00
TXN101388,CUST1185,East,Home & Garden,5,125.0,625.0,2026-09-03 20:05:00
TXN101389,CUST1050,West,Apparel,2,261.31,522.62,2026-09-02 08:00:00
TXN101390,CUST1372,East,Grocery,4,285.78,1143.12,2026-09-01 05:33:00
TXN101391,CUST1443,East,Grocery,4,33.18,132.72,2026-09-03 22:36:00
TXN101392,CUST1484,West,Apparel,3,184.2,552.6,2026-09-01 05:20:00
TXN101393,CUST1065,East,Electronics,3,242.8,728.4,2026-09-04 15:37:00
TXN101394,CUST1290,East,Electronics,5,215.4,1077.0,2026-09-02 04:24:00
TXN101395,CUST1214,West,Apparel,3,213.71,641.13,2026-09-02 21:38:00
TXN101396,CUST1141,West,Grocery,4,295.94,1183.76,2026-09-04 16:18:00
TXN101397,CUST1394,East,Electronics,2,95.03,190.06,2026-09-01 09:26:00
TXN101398,CUST1294,North,Electronics,1,27.62,27.62,2026-09-02 02:10:00
TXN101399,CUST1346,Central,Toys,3,168.48,505.44,2026-09-04 00:27:00
TXN101400,CUST1315,South,Toys,2,146.5,293.0,2026-09-01 12:00:00
TXN101401,CUST1338,Central,Toys,1,215.68,215.68,2026-09-03 07:47:00
TXN101402,CUST1476,Central,Apparel,5,17.5,87.5,2026-09-04 05:43:00
TXN101403,CUST1487,North,Sports,2,27.16,54.32,2026-09-02 16:22:00
TXN101404,CUST1467,South,Grocery,4,116.83,467.32,2026-09-03 03:21:00
TXN101405,CUST1109,North,Toys,1,90.57,90.57,2026-09-04 09:16:00
TXN101406,CUST1422,North,Sports,5,121.12,605.6,2026-09-03 20:32:00
TXN101407,CUST1315,West,Home & Garden,5,255.26,1276.3,2026-09-01 11:00:00
TXN101408,CUST1369,South,Sports,3,109.4,328.2,2026-09-01 11:56:00
TXN101409,CUST1043,Central,Grocery,3,7.61,22.83,2026-09-04 15:12:00
TXN101410,CUST1393,East,Apparel,2,126.16,252.32,2026-09-04 00:09:00
TXN101411,CUST1456,South,Grocery,4,121.63,486.52,2026-09-03 11:27:00
TXN101412,CUST1224,South,Apparel,3,37.07,111.21,2026-09-04 21:53:00
TXN101413,CUST1445,South,Electronics,3,225.39,676.17,2026-09-01 11:56:00
TXN101414,CUST1380,East,Electronics,2,89.05,178.1,2026-09-02 12:26:00
TXN101415,CUST1060,West,Sports,2,201.53,403.06,2026-09-04 21:17:00
TXN101416,CUST1391,West,Grocery,5,151.19,755.95,2026-09-02 10:48:00
TXN101417,CUST1079,East,Grocery,4,43.77,175.08,2026-09-01 00:08:00
TXN101418,CUST1424,East,Sports,1,231.38,231.38,2026-09-02 01:43:00
TXN101419,CUST1144,West,Electronics,5,222.54,1112.7,2026-09-04 15:18:00
TXN101420,CUST1095,South,Home & Garden,4,78.09,312.36,2026-09-02 23:32:00
TXN101421,CUST1219,South,Sports,1,259.93,259.93,2026-09-02 21:52:00
TXN101422,CUST1302,South,Apparel,1,211.84,211.84,2026-09-02 06:54:00
TXN101423,CUST1475,South,Sports,1,44.03,44.03,2026-09-01 08:12:00
TXN101424,CUST1208,Central,Home & Garden,1,186.86,186.86,2026-09-01 01:24:00
TXN101425,CUST1261,West,Toys,2,70.42,140.84,2026-09-04 15:03:00
TXN101426,CUST1482,East,Toys,1,94.77,94.77,2026-09-03 11:17:00
TXN101427,CUST1000,North,Toys,4,77.86,311.44,2026-09-01 05:02:00
TXN101428,CUST1310,North,Sports,3,67.53,202.59,2026-09-04 08:58:00
TXN101429,CUST1155,North,Electronics,2,79.42,158.84,2026-09-04 11:21:00
TXN101430,CUST1379,East,Toys,1,206.47,206.47,2026-09-02 10:23:00
TXN101431,CUST1141,South,Grocery,5,161.01,805.05,2026-09-03 07:41:00
TXN101432,CUST1380,Central,Electronics,4,30.73,122.92,2026-09-01 04:40:00
TXN101433,CUST1228,North,Electronics,1,178.04,178.04,2026-09-02 06:45:00
TXN101434,CUST1389,South,Grocery,5,187.61,938.05,2026-09-03 23:30:00
TXN101435,CUST1364,East,Grocery,2,17.92,35.84,2026-09-02 13:35:00
TXN101436,CUST1060,West,Electronics,3,269.0,807.0,2026-09-04 20:45:00
TXN101437,CUST1140,South,Home & Garden,4,128.61,514.44,2026-09-01 05:38:00
TXN101438,CUST1379,West,Sports,1,286.96,286.96,2026-09-01 22:12:00
TXN101439,CUST1384,Central,Sports,5,261.73,1308.65,2026-09-01 05:28:00
TXN101440,CUST1105,South,Electronics,5,234.91,1174.55,2026-09-04 19:17:00
TXN101441,CUST1257,Central,Home & Garden,2,173.71,347.42,2026-09-01 16:29:00
TXN101442,CUST1282,North,Apparel,3,256.48,769.44,2026-09-03 22:17:00
TXN101443,CUST1327,South,Home & Garden,2,18.46,36.92,2026-09-02 09:02:00
TXN101444,CUST1421,South,Grocery,2,84.78,169.56,2026-09-01 20:15:00
TXN101445,CUST1497,East,Home & Garden,1,5.41,5.41,2026-09-03 20:38:00
TXN101446,CUST1209,Central,Home & Garden,1,284.2,284.2,2026-09-03 23:08:00
TXN101447,CUST1374,East,Apparel,3,295.65,886.95,2026-09-01 11:14:00
TXN101448,CUST1352,West,Toys,3,291.62,874.86,2026-09-01 23:47:00
TXN101449,CUST1166,East,Apparel,3,261.66,784.98,2026-09-02 14:14:00
TXN101450,CUST1118,West,Home & Garden,5,190.79,953.95,2026-09-04 04:28:00
TXN101451,CUST1235,South,Apparel,2,271.14,542.28,2026-09-01 15:11:00
TXN101452,CUST1010,East,Apparel,2,173.05,346.1,2026-09-02 20:18:00
TXN101453,CUST1036,West,Apparel,2,246.16,492.32,2026-09-02 02:09:00
TXN101454,CUST1269,South,Toys,4,273.19,1092.76,2026-09-04 03:46:00
TXN101455,CUST1056,North,Toys,1,182.97,182.97,2026-09-04 12:01:00
TXN101456,CUST1480,Central,Electronics,1,43.99,43.99,2026-09-01 08:09:00
TXN101457,CUST1418,East,Toys,1,287.5,287.5,2026-09-01 17:47:00
TXN101458,CUST1227,South,Home & Garden,1,64.68,64.68,2026-09-04 18:57:00
TXN101459,CUST1354,East,Toys,3,146.28,438.84,2026-09-02 01:34:00
TXN101460,CUST1151,North,Grocery,5,41.31,206.55,2026-09-01 03:34:00
TXN101461,CUST1218,West,Apparel,4,46.84,187.36,2026-09-02 00:14:00
TXN101462,CUST1351,North,Sports,3,198.33,594.99,2026-09-02 21:24:00
TXN101463,CUST1182,North,Grocery,2,297.28,594.56,2026-09-02 03:18:00
TXN101464,CUST1077,South,Sports,3,39.91,119.73,2026-09-01 01:38:00
TXN101465,CUST1076,East,Grocery,5,103.78,518.9,2026-09-02 21:27:00
TXN101466,CUST1255,East,Home & Garden,3,107.77,323.31,2026-09-01 08:58:00
TXN101467,CUST1163,South,Sports,1,237.71,237.71,2026-09-02 20:09:00
TXN101468,CUST1295,West,Toys,4,217.8,871.2,2026-09-04 02:07:00
TXN101469,CUST1392,West,Home & Garden,3,47.68,143.04,2026-09-03 04:11:00
TXN101470,CUST1308,East,Apparel,3,150.79,452.37,2026-09-04 22:26:00
TXN101471,CUST1252,Central,Grocery,2,118.04,236.08,2026-09-04 17:34:00
TXN101472,CUST1397,South,Toys,2,118.47,236.94,2026-09-04 16:36:00
TXN101473,CUST1008,East,Grocery,1,74.38,74.38,2026-09-01 06:54:00
TXN101474,CUST1178,East,Apparel,4,287.5,1150.0,2026-09-01 01:58:00
TXN101475,CUST1423,South,Electronics,3,140.81,422.43,2026-09-04 07:13:00
TXN101476,CUST1013,West,Home & Garden,2,39.58,79.16,2026-09-02 12:46:00
TXN101477,CUST1304,South,Electronics,1,211.91,211.91,2026-09-01 15:53:00
TXN101478,CUST1006,Central,Sports,2,112.75,225.5,2026-09-01 07:04:00
TXN101479,CUST1383,Central,Toys,2,230.8,461.6,2026-09-04 23:08:00
TXN101480,CUST1330,North,Home & Garden,3,143.7,431.1,2026-09-03 14:50:00
TXN101481,CUST1088,Central,Apparel,1,50.99,50.99,2026-09-01 19:48:00
TXN101482,CUST1232,Central,Toys,1,121.94,121.94,2026-09-04 21:56:00
TXN101483,CUST1216,South,Home & Garden,3,276.15,828.45,2026-09-03 22:14:00
TXN101484,CUST1205,Central,Electronics,1,158.84,158.84,2026-09-02 23:13:00
TXN101485,CUST1244,East,Toys,2,120.73,241.46,2026-09-01 22:29:00
TXN101486,CUST1190,West,Apparel,4,249.04,996.16,2026-09-02 01:51:00
TXN101487,CUST1398,East,Electronics,3,36.98,110.94,2026-09-01 11:38:00
TXN101488,CUST1305,North,Home & Garden,2,88.25,176.5,2026-09-01 02:13:00
TXN101489,CUST1043,Central,Grocery,2,167.75,335.5,2026-09-01 07:17:00
TXN101490,CUST1161,North,Home & Garden,1,171.3,171.3,2026-09-04 01:03:00
TXN101491,CUST1099,East,Sports,1,294.26,294.26,2026-09-03 12:32:00
TXN101492,CUST1459,Central,Electronics,3,292.29,876.87,2026-09-01 10:26:00
TXN101493,CUST1407,West,Sports,5,243.21,1216.05,2026-09-02 00:37:00
TXN101494,CUST1077,West,Electronics,5,261.3,1306.5,2026-09-01 09:10:00
TXN101495,CUST1348,South,Toys,1,286.08,286.08,2026-09-02 06:51:00
TXN101496,CUST1067,East,Home & Garden,2,298.06,596.12,2026-09-03 14:50:00
TXN101497,CUST1364,West,Apparel,3,188.92,566.76,2026-09-04 01:57:00
TXN101498,CUST1321,West,Electronics,2,299.12,598.24,2026-09-01 04:36:00
TXN101499,CUST1496,North,Sports,1,47.07,47.07,2026-09-03 17:55:00
TXN101500,CUST1034,East,Grocery,1,139.17,139.17,2026-09-02 09:10:00
TXN101501,CUST1395,West,Home & Garden,3,109.24,327.72,2026-09-01 05:45:00
TXN101502,CUST1071,North,Grocery,4,293.65,1174.6,2026-09-04 20:59:00
TXN101503,CUST1438,Central,Toys,4,16.68,66.72,2026-09-03 12:26:00
TXN101504,CUST1349,West,Grocery,2,135.04,270.08,2026-09-03 11:05:00
TXN101505,CUST1029,South,Toys,4,82.53,330.12,2026-09-01 19:41:00
TXN101506,CUST1081,Central,Sports,5,7.34,36.7,2026-09-01 09:24:00
TXN101507,CUST1178,West,Sports,1,70.8,70.8,2026-09-04 21:05:00
TXN101508,CUST1092,North,Sports,5,270.54,1352.7,2026-09-04 03:05:00
TXN101509,CUST1175,Central,Sports,4,63.84,255.36,2026-09-03 02:20:00
TXN101510,CUST1232,North,Grocery,2,212.18,424.36,2026-09-04 03:17:00
TXN101511,CUST1163,Central,Electronics,2,284.82,569.64,2026-09-02 20:13:00
TXN101512,CUST1220,West,Apparel,5,233.39,1166.95,2026-09-01 11:50:00
TXN101513,CUST1138,East,Toys,1,67.39,67.39,2026-09-01 21:27:00
TXN101514,CUST1041,East,Toys,2,29.66,59.32,2026-09-01 08:25:00
TXN101515,CUST1132,South,Electronics,4,262.03,1048.12,2026-09-02 21:57:00
TXN101516,CUST1152,South,Apparel,1,269.01,269.01,2026-09-04 10:48:00
TXN101517,CUST1352,South,Toys,3,282.87,848.61,2026-09-04 15:34:00
TXN101518,CUST1400,Central,Apparel,4,109.63,438.52,2026-09-04 00:35:00
TXN101519,CUST1421,East,Electronics,1,218.2,218.2,2026-09-02 10:42:00
TXN101520,CUST1162,North,Toys,2,269.47,538.94,2026-09-02 15:55:00
TXN101521,CUST1438,South,Toys,4,82.53,330.12,2026-09-01 14:53:00
TXN101522,CUST1381,South,Sports,4,193.48,773.92,2026-09-01 01:13:00
TXN101523,CUST1107,South,Toys,5,233.44,1167.2,2026-09-04 06:22:00
TXN101524,CUST1154,East,Grocery,5,286.76,1433.8,2026-09-03 11:01:00
TXN101525,CUST1180,East,Grocery,1,211.3,211.3,2026-09-04 13:26:00
TXN101526,CUST1090,West,Sports,4,159.34,637.36,2026-09-03 03:59:00
TXN101527,CUST1195,East,Toys,3,57.18,171.54,2026-09-02 17:27:00
TXN101528,CUST1428,North,Electronics,4,192.06,768.24,2026-09-01 02:51:00
TXN101529,CUST1383,Central,Grocery,1,186.8,186.8,2026-09-04 03:31:00
TXN101530,CUST1436,West,Apparel,1,191.89,191.89,2026-09-01 21:18:00
TXN101531,CUST1438,West,Electronics,2,234.18,468.36,2026-09-04 03:12:00
TXN101532,CUST1420,West,Electronics,3,290.45,871.35,2026-09-04 13:58:00
TXN101533,CUST1337,East,Home & Garden,3,235.75,707.25,2026-09-03 08:56:00
TXN101534,CUST1007,North,Apparel,4,203.62,814.48,2026-09-01 13:02:00
TXN101535,CUST1491,Central,Sports,3,253.03,759.09,2026-09-03 10:10:00
TXN101536,CUST1329,West,Electronics,2,168.94,337.88,2026-09-04 06:39:00
TXN101537,CUST1206,East,Grocery,5,131.59,657.95,2026-09-04 23:11:00
TXN101538,CUST1064,Central,Electronics,2,134.03,268.06,2026-09-01 22:51:00
TXN101539,CUST1485,East,Apparel,5,236.36,1181.8,2026-09-03 17:10:00
TXN101540,CUST1394,Central,Apparel,1,32.51,32.51,2026-09-04 00:40:00
TXN101541,CUST1012,South,Sports,1,187.34,187.34,2026-09-01 18:24:00
TXN101542,CUST1274,South,Toys,3,60.03,180.09,2026-09-02 09:12:00
TXN101543,CUST1478,South,Toys,4,232.27,929.08,2026-09-01 08:05:00
TXN101544,CUST1474,Central,Electronics,1,193.32,193.32,2026-09-01 03:29:00
TXN101545,CUST1039,West,Home & Garden,1,46.84,46.84,2026-09-03 05:05:00
TXN101546,CUST1037,West,Toys,2,120.29,240.58,2026-09-04 00:26:00
TXN101547,CUST1160,West,Apparel,1,67.04,67.04,2026-09-04 12:56:00
TXN101548,CUST1323,Central,Electronics,2,93.13,186.26,2026-09-02 21:36:00
TXN101549,CUST1307,Central,Electronics,1,292.9,292.9,2026-09-03 15:39:00
TXN101550,CUST1310,North,Grocery,2,158.92,317.84,2026-09-03 03:12:00
TXN101551,CUST1186,North,Apparel,1,157.81,157.81,2026-09-02 06:55:00
TXN101552,CUST1354,South,Home & Garden,1,101.62,101.62,2026-09-02 02:46:00
TXN101553,CUST1282,East,Sports,3,147.06,441.18,2026-09-01 11:45:00
TXN101554,CUST1088,South,Toys,4,133.64,534.56,2026-09-04 06:16:00
TXN101555,CUST1392,Central,Home & Garden,3,288.75,866.25,2026-09-01 18:50:00
TXN101556,CUST1228,West,Grocery,2,239.26,478.52,2026-09-04 13:56:00
TXN101557,CUST1219,South,Grocery,3,245.69,737.07,2026-09-01 19:24:00
TXN101558,CUST1455,North,Grocery,3,115.32,345.96,2026-09-01 14:10:00
TXN101559,CUST1449,Central,Home & Garden,3,178.13,534.39,2026-09-03 19:52:00
TXN101560,CUST1404,South,Home & Garden,4,13.83,55.32,2026-09-02 10:27:00
TXN101561,CUST1399,East,Electronics,2,26.43,52.86,2026-09-03 11:09:00
TXN101562,CUST1109,West,Grocery,1,98.98,98.98,2026-09-01 22:21:00
TXN101563,CUST1308,South,Grocery,3,270.13,810.39,2026-09-01 12:18:00
TXN101564,CUST1484,North,Grocery,2,35.36,70.72,2026-09-03 22:38:00
TXN101565,CUST1163,South,Apparel,4,206.23,824.92,2026-09-04 10:52:00
TXN101566,CUST1215,North,Electronics,1,241.8,241.8,2026-09-04 01:17:00
TXN101567,CUST1121,Central,Electronics,4,55.49,221.96,2026-09-03 18:24:00
TXN101568,CUST1067,West,Electronics,3,10.26,30.78,2026-09-01 14:18:00
TXN101569,CUST1008,North,Sports,5,275.82,1379.1,2026-09-01 10:41:00
TXN101570,CUST1140,East,Home & Garden,1,249.81,249.81,2026-09-04 23:19:00
TXN101571,CUST1024,West,Home & Garden,4,28.53,114.12,2026-09-03 15:39:00
TXN101572,CUST1052,North,Apparel,4,150.53,602.12,2026-09-01 11:39:00
TXN101573,CUST1441,West,Apparel,1,248.51,248.51,2026-09-02 03:20:00
TXN101574,CUST1478,North,Home & Garden,2,30.96,61.92,2026-09-03 17:00:00
TXN101575,CUST1168,Central,Sports,1,37.69,37.69,2026-09-03 02:16:00
TXN101576,CUST1061,South,Home & Garden,3,211.11,633.33,2026-09-02 18:29:00
TXN101577,CUST1342,North,Grocery,2,227.15,454.3,2026-09-04 20:28:00
TXN101578,CUST1499,East,Home & Garden,5,75.95,379.75,2026-09-04 21:31:00
TXN101579,CUST1042,East,Grocery,4,71.62,286.48,2026-09-03 09:45:00
TXN101580,CUST1038,West,Electronics,2,199.55,399.1,2026-09-02 22:04:00
TXN101581,CUST1197,South,Sports,2,8.87,17.74,2026-09-02 14:52:00
TXN101582,CUST1232,South,Grocery,1,105.43,105.43,2026-09-03 09:45:00
TXN101583,CUST1499,West,Grocery,1,274.67,274.67,2026-09-02 11:24:00
TXN101584,CUST1142,West,Apparel,5,64.89,324.45,2026-09-04 06:04:00
TXN101585,CUST1448,North,Toys,3,285.69,857.07,2026-09-01 04:29:00
TXN101586,CUST1014,West,Toys,1,75.97,75.97,2026-09-04 05:17:00
TXN101587,CUST1281,North,Home & Garden,5,138.53,692.65,2026-09-03 03:59:00
TXN101588,CUST1260,East,Electronics,4,67.56,270.24,2026-09-04 16:27:00
TXN101589,CUST1195,West,Apparel,4,85.41,341.64,2026-09-01 01:41:00
TXN101590,CUST1271,Central,Sports,3,60.89,182.67,2026-09-02 19:17:00
TXN101591,CUST1490,North,Apparel,5,132.9,664.5,2026-09-01 20:15:00
TXN101592,CUST1122,North,Grocery,1,20.68,20.68,2026-09-01 18:17:00
TXN101593,CUST1051,South,Toys,1,86.26,86.26,2026-09-04 12:25:00
TXN101594,CUST1326,East,Toys,3,151.08,453.24,2026-09-02 06:22:00
TXN101595,CUST1257,Central,Sports,5,89.95,449.75,2026-09-01 03:11:00
TXN101596,CUST1348,North,Apparel,3,256.51,769.53,2026-09-02 05:20:00
TXN101597,CUST1341,West,Sports,2,102.99,205.98,2026-09-04 04:00:00
TXN101598,CUST1347,North,Grocery,3,11.14,33.42,2026-09-03 02:10:00
TXN101599,CUST1126,West,Electronics,3,291.01,873.03,2026-09-01 15:55:00
TXN101600,CUST1257,South,Apparel,1,246.58,246.58,2026-09-03 07:33:00
TXN101601,CUST1376,East,Grocery,1,34.5,34.5,2026-09-03 14:31:00
TXN101602,CUST1006,East,Home & Garden,3,200.71,602.13,2026-09-03 11:29:00
TXN101603,CUST1351,Central,Toys,3,267.95,803.85,2026-09-04 03:17:00
TXN101604,CUST1072,East,Sports,1,48.63,48.63,2026-09-04 07:42:00
TXN101605,CUST1381,North,Apparel,1,77.09,77.09,2026-09-04 11:13:00
TXN101606,CUST1278,West,Grocery,4,193.43,773.72,2026-09-03 20:43:00
TXN101607,CUST1301,West,Home & Garden,2,83.27,166.54,2026-09-03 10:25:00
TXN101608,CUST1221,West,Grocery,3,61.22,183.66,2026-09-03 19:07:00
TXN101609,CUST1350,South,Sports,3,90.08,270.24,2026-09-01 15:59:00
TXN101610,CUST1340,South,Home & Garden,2,159.34,318.68,2026-09-03 19:35:00
TXN101611,CUST1020,South,Home & Garden,4,90.04,360.16,2026-09-03 00:29:00
TXN101612,CUST1220,East,Toys,5,41.41,207.05,2026-09-04 09:00:00
TXN101613,CUST1145,Central,Toys,1,19.72,19.72,2026-09-02 11:56:00
TXN101614,CUST1073,South,Sports,5,50.74,253.7,2026-09-01 22:17:00
TXN101615,CUST1242,East,Apparel,5,275.89,1379.45,2026-09-03 07:02:00
TXN101616,CUST1154,Central,Home & Garden,4,129.66,518.64,2026-09-01 08:58:00
TXN101617,CUST1349,South,Home & Garden,2,171.35,342.7,2026-09-03 18:08:00
TXN101618,CUST1043,East,Grocery,2,127.81,255.62,2026-09-02 09:19:00
TXN101619,CUST1070,Central,Sports,4,166.02,664.08,2026-09-04 13:06:00
TXN101620,CUST1218,West,Sports,3,153.63,460.89,2026-09-03 14:22:00
TXN101621,CUST1386,South,Grocery,4,141.08,564.32,2026-09-01 13:05:00
TXN101622,CUST1278,Central,Home & Garden,3,237.06,711.18,2026-09-03 04:39:00
TXN101623,CUST1343,North,Sports,1,227.82,227.82,2026-09-04 04:25:00
TXN101624,CUST1138,North,Home & Garden,5,140.77,703.85,2026-09-01 02:03:00
TXN101625,CUST1353,East,Electronics,5,33.73,168.65,2026-09-03 18:30:00
TXN101626,CUST1264,South,Grocery,1,223.44,223.44,2026-09-01 22:13:00
TXN101627,CUST1159,North,Sports,4,45.24,180.96,2026-09-02 09:40:00
TXN101628,CUST1078,Central,Electronics,5,207.89,1039.45,2026-09-01 02:00:00
TXN101629,CUST1012,Central,Sports,5,33.57,167.85,2026-09-02 03:30:00
TXN101630,CUST1247,South,Apparel,4,21.42,85.68,2026-09-01 09:25:00
TXN101631,CUST1063,West,Apparel,5,81.78,408.9,2026-09-04 21:39:00
TXN101632,CUST1379,Central,Apparel,1,59.52,59.52,2026-09-02 05:32:00
TXN101633,CUST1491,Central,Sports,4,146.74,586.96,2026-09-03 21:06:00
TXN101634,CUST1409,North,Sports,3,201.97,605.91,2026-09-04 12:44:00
TXN101635,CUST1234,North,Grocery,4,244.98,979.92,2026-09-02 00:18:00
TXN101636,CUST1333,Central,Sports,4,8.25,33.0,2026-09-03 01:41:00
TXN101637,CUST1451,West,Home & Garden,1,272.89,272.89,2026-09-03 04:29:00
TXN101638,CUST1440,Central,Apparel,1,294.62,294.62,2026-09-03 16:54:00
TXN101639,CUST1089,South,Home & Garden,3,271.25,813.75,2026-09-04 16:04:00
TXN101640,CUST1390,East,Sports,5,105.09,525.45,2026-09-02 08:50:00
TXN101641,CUST1310,South,Grocery,1,275.27,275.27,2026-09-04 12:30:00
TXN101642,CUST1165,Central,Grocery,5,233.74,1168.7,2026-09-03 04:44:00
TXN101643,CUST1015,South,Apparel,3,177.43,532.29,2026-09-04 02:02:00
TXN101644,CUST1165,South,Toys,1,201.25,201.25,2026-09-04 21:30:00
TXN101645,CUST1196,West,Electronics,2,36.1,72.2,2026-09-02 23:57:00
TXN101646,CUST1383,North,Sports,1,185.51,185.51,2026-09-01 01:54:00
TXN101647,CUST1055,West,Sports,3,183.93,551.79,2026-09-01 05:20:00
TXN101648,CUST1251,West,Toys,2,296.72,593.44,2026-09-02 06:16:00
TXN101649,CUST1270,South,Electronics,3,71.52,214.56,2026-09-02 13:52:00
TXN101650,CUST1414,South,Electronics,5,12.15,60.75,2026-09-01 06:02:00
TXN101651,CUST1349,Central,Sports,3,233.44,700.32,2026-09-01 10:11:00
TXN101652,CUST1182,Central,Grocery,2,250.56,501.12,2026-09-04 16:22:00
TXN101653,CUST1192,North,Grocery,2,241.47,482.94,2026-09-04 13:40:00
TXN101654,CUST1255,South,Electronics,1,42.52,42.52,2026-09-03 03:07:00
TXN101655,CUST1481,East,Home & Garden,5,164.46,822.3,2026-09-01 07:52:00
TXN101656,CUST1038,Central,Grocery,4,212.47,849.88,2026-09-01 05:18:00
TXN101657,CUST1029,Central,Toys,2,256.69,513.38,2026-09-03 12:39:00
TXN101658,CUST1016,East,Sports,1,176.92,176.92,2026-09-03 20:01:00
TXN101659,CUST1280,East,Toys,3,64.15,192.45,2026-09-01 04:13:00
TXN101660,CUST1312,North,Home & Garden,1,74.51,74.51,2026-09-01 18:57:00
TXN101661,CUST1484,South,Home & Garden,1,285.22,285.22,2026-09-01 17:30:00
TXN101662,CUST1332,East,Sports,1,35.7,35.7,2026-09-04 16:14:00
TXN101663,CUST1028,North,Apparel,4,94.51,378.04,2026-09-02 00:59:00
TXN101664,CUST1377,North,Grocery,5,184.4,922.0,2026-09-04 21:43:00
TXN101665,CUST1220,West,Grocery,4,20.38,81.52,2026-09-04 22:08:00
TXN101666,CUST1188,East,Apparel,2,39.1,78.2,2026-09-01 19:57:00
TXN101667,CUST1047,Central,Electronics,3,133.77,401.31,2026-09-01 07:14:00
TXN101668,CUST1368,South,Electronics,2,126.85,253.7,2026-09-01 00:55:00
TXN101669,CUST1022,East,Home & Garden,1,21.71,21.71,2026-09-04 05:18:00
TXN101670,CUST1310,West,Sports,5,198.29,991.45,2026-09-02 09:08:00
TXN101671,CUST1105,West,Toys,1,198.69,198.69,2026-09-01 08:34:00
TXN101672,CUST1154,East,Grocery,3,269.8,809.4,2026-09-02 14:45:00
TXN101673,CUST1136,East,Toys,3,261.35,784.05,2026-09-02 16:57:00
TXN101674,CUST1210,Central,Sports,5,153.52,767.6,2026-09-01 11:57:00
TXN101675,CUST1156,Central,Apparel,3,28.14,84.42,2026-09-02 16:14:00
TXN101676,CUST1357,West,Toys,1,114.86,114.86,2026-09-02 01:15:00
TXN101677,CUST1017,East,Home & Garden,4,286.15,1144.6,2026-09-01 15:53:00
TXN101678,CUST1437,Central,Sports,5,118.33,591.65,2026-09-01 01:17:00
TXN101679,CUST1022,South,Apparel,4,10.56,42.24,2026-09-04 12:28:00
TXN101680,CUST1338,East,Electronics,4,59.41,237.64,2026-09-04 17:03:00
TXN101681,CUST1457,East,Home & Garden,5,230.08,1150.4,2026-09-01 19:48:00
TXN101682,CUST1424,Central,Sports,5,68.88,344.4,2026-09-01 10:46:00
TXN101683,CUST1198,East,Grocery,4,235.87,943.48,2026-09-01 03:35:00
TXN101684,CUST1239,South,Apparel,4,130.03,520.12,2026-09-03 05:24:00
TXN101685,CUST1394,Central,Home & Garden,1,87.81,87.81,2026-09-03 02:15:00
TXN101686,CUST1185,East,Toys,3,173.47,520.41,2026-09-01 19:17:00
TXN101687,CUST1291,East,Home & Garden,3,235.82,707.46,2026-09-01 03:19:00
TXN101688,CUST1238,North,Home & Garden,2,135.92,271.84,2026-09-01 14:00:00
TXN101689,CUST1296,North,Home & Garden,4,193.13,772.52,2026-09-02 13:03:00
TXN101690,CUST1132,East,Home & Garden,5,167.68,838.4,2026-09-01 14:11:00
TXN101691,CUST1316,North,Apparel,4,42.53,170.12,2026-09-02 04:55:00
TXN101692,CUST1440,West,Grocery,1,198.11,198.11,2026-09-02 21:32:00
TXN101693,CUST1132,East,Electronics,3,17.38,52.14,2026-09-02 01:45:00
TXN101694,CUST1179,North,Electronics,3,164.43,493.29,2026-09-01 19:15:00
TXN101695,CUST1166,Central,Home & Garden,5,135.92,679.6,2026-09-01 07:13:00
TXN101696,CUST1012,East,Grocery,4,26.06,104.24,2026-09-04 09:09:00
TXN101697,CUST1240,East,Grocery,3,103.82,311.46,2026-09-04 20:23:00
TXN101698,CUST1076,Central,Electronics,1,52.29,52.29,2026-09-01 09:59:00
TXN101699,CUST1399,Central,Grocery,1,184.67,184.67,2026-09-03 16:45:00
TXN101700,CUST1336,South,Sports,3,282.28,846.84,2026-09-04 18:02:00
TXN101701,CUST1294,Central,Toys,1,286.78,286.78,2026-09-02 18:32:00
TXN101702,CUST1026,Central,Sports,4,164.0,656.0,2026-09-01 16:51:00
TXN101703,CUST1428,Central,Home & Garden,5,158.5,792.5,2026-09-03 08:12:00
TXN101704,CUST1161,North,Toys,2,101.96,203.92,2026-09-03 07:29:00
TXN101705,CUST1180,Central,Grocery,2,136.28,272.56,2026-09-04 11:05:00
TXN101706,CUST1229,West,Apparel,1,274.82,274.82,2026-09-04 19:14:00
TXN101707,CUST1397,West,Toys,5,249.21,1246.05,2026-09-02 17:15:00
TXN101708,CUST1160,North,Electronics,5,201.44,1007.2,2026-09-03 09:21:00
TXN101709,CUST1323,South,Apparel,4,129.2,516.8,2026-09-02 18:31:00
TXN101710,CUST1391,Central,Toys,4,9.58,38.32,2026-09-01 13:16:00
TXN101711,CUST1220,North,Toys,4,224.14,896.56,2026-09-02 01:53:00
TXN101712,CUST1271,West,Sports,2,297.03,594.06,2026-09-02 16:55:00
TXN101713,CUST1060,East,Home & Garden,3,42.6,127.8,2026-09-02 22:18:00
TXN101714,CUST1037,East,Sports,5,184.58,922.9,2026-09-01 23:02:00
TXN101715,CUST1244,South,Toys,4,191.1,764.4,2026-09-04 09:48:00
TXN101716,CUST1003,Central,Grocery,2,218.49,436.98,2026-09-01 04:57:00
TXN101717,CUST1224,South,Grocery,3,203.8,611.4,2026-09-04 12:20:00
TXN101718,CUST1252,East,Electronics,5,87.39,436.95,2026-09-01 07:19:00
TXN101719,CUST1196,East,Apparel,5,157.71,788.55,2026-09-04 09:20:00
TXN101720,CUST1142,Central,Grocery,2,17.37,34.74,2026-09-02 13:33:00
TXN101721,CUST1147,East,Sports,3,34.34,103.02,2026-09-03 05:07:00
TXN101722,CUST1132,Central,Electronics,4,70.97,283.88,2026-09-02 09:58:00
TXN101723,CUST1282,Central,Apparel,2,201.6,403.2,2026-09-02 03:13:00
TXN101724,CUST1409,South,Electronics,1,181.53,181.53,2026-09-01 17:34:00
TXN101725,CUST1144,Central,Sports,4,250.59,1002.36,2026-09-01 11:13:00
TXN101726,CUST1056,North,Sports,4,158.66,634.64,2026-09-04 09:58:00
TXN101727,CUST1374,North,Home & Garden,4,150.51,602.04,2026-09-01 04:17:00
TXN101728,CUST1167,South,Grocery,1,224.56,224.56,2026-09-02 23:04:00
TXN101729,CUST1161,North,Sports,3,86.45,259.35,2026-09-01 22:44:00
TXN101730,CUST1285,North,Toys,1,280.05,280.05,2026-09-03 06:53:00
TXN101731,CUST1100,East,Sports,1,77.54,77.54,2026-09-04 07:43:00
TXN101732,CUST1144,South,Apparel,2,147.93,295.86,2026-09-02 23:31:00
TXN101733,CUST1034,West,Grocery,1,285.5,285.5,2026-09-02 00:27:00
TXN101734,CUST1352,East,Grocery,5,66.52,332.6,2026-09-02 01:26:00
TXN101735,CUST1247,Central,Toys,4,191.15,764.6,2026-09-02 20:22:00
TXN101736,CUST1248,West,Toys,2,263.98,527.96,2026-09-02 09:42:00
TXN101737,CUST1112,North,Home & Garden,4,181.36,725.44,2026-09-04 09:06:00
TXN101738,CUST1217,North,Apparel,4,290.96,1163.84,2026-09-03 07:42:00
TXN101739,CUST1203,South,Sports,4,287.11,1148.44,2026-09-01 11:44:00
TXN101740,CUST1137,Central,Apparel,4,182.31,729.24,2026-09-02 00:18:00
TXN101741,CUST1162,West,Sports,4,22.94,91.76,2026-09-03 08:43:00
TXN101742,CUST1248,South,Home & Garden,4,130.43,521.72,2026-09-03 01:17:00
TXN101743,CUST1448,South,Grocery,1,96.01,96.01,2026-09-04 07:36:00
TXN101744,CUST1168,South,Grocery,2,234.97,469.94,2026-09-01 19:39:00
TXN101745,CUST1399,East,Home & Garden,5,10.88,54.4,2026-09-01 12:05:00
TXN101746,CUST1185,Central,Apparel,5,23.72,118.6,2026-09-01 16:13:00
TXN101747,CUST1148,South,Home & Garden,2,252.25,504.5,2026-09-04 22:14:00
TXN101748,CUST1432,North,Grocery,3,126.95,380.85,2026-09-02 00:02:00
TXN101749,CUST1144,East,Electronics,1,152.94,152.94,2026-09-04 01:10:00
TXN101750,CUST1383,North,Sports,2,191.31,382.62,2026-09-02 01:17:00
TXN101751,CUST1037,Central,Toys,4,43.7,174.8,2026-09-03 02:04:00
TXN101752,CUST1301,West,Apparel,4,10.95,43.8,2026-09-02 03:47:00
TXN101753,CUST1380,North,Home & Garden,5,258.49,1292.45,2026-09-03 13:32:00
TXN101754,CUST1295,West,Sports,3,140.38,421.14,2026-09-01 08:41:00
TXN101755,CUST1142,West,Home & Garden,3,131.71,395.13,2026-09-02 13:35:00
TXN101756,CUST1372,West,Home & Garden,5,154.45,772.25,2026-09-04 00:31:00
TXN101757,CUST1499,North,Sports,5,215.8,1079.0,2026-09-04 07:36:00
TXN101758,CUST1329,East,Home & Garden,2,136.89,273.78,2026-09-04 18:06:00
TXN101759,CUST1086,South,Sports,2,243.86,487.72,2026-09-01 03:35:00
TXN101760,CUST1429,West,Grocery,5,78.74,393.7,2026-09-02 12:39:00
TXN101761,CUST1210,East,Toys,5,229.37,1146.85,2026-09-01 15:16:00
TXN101762,CUST1289,Central,Sports,3,251.13,753.39,2026-09-01 10:44:00
TXN101763,CUST1250,Central,Sports,1,84.1,84.1,2026-09-02 17:50:00
TXN101764,CUST1362,West,Grocery,3,288.05,864.15,2026-09-02 10:29:00
TXN101765,CUST1358,North,Sports,5,258.3,1291.5,2026-09-01 03:27:00
TXN101766,CUST1062,South,Apparel,2,228.28,456.56,2026-09-02 16:47:00
TXN101767,CUST1217,West,Apparel,4,261.58,1046.32,2026-09-01 01:56:00
TXN101768,CUST1151,North,Sports,5,148.72,743.6,2026-09-04 12:00:00
TXN101769,CUST1314,East,Grocery,3,217.38,652.14,2026-09-03 16:20:00
TXN101770,CUST1190,Central,Grocery,2,46.75,93.5,2026-09-02 19:45:00
TXN101771,CUST1382,South,Apparel,3,144.27,432.81,2026-09-02 10:59:00
TXN101772,CUST1213,South,Apparel,5,215.95,1079.75,2026-09-04 00:20:00
TXN101773,CUST1096,South,Toys,4,24.78,99.12,2026-09-01 09:44:00
TXN101774,CUST1319,West,Grocery,1,163.63,163.63,2026-09-03 03:03:00
TXN101775,CUST1007,South,Home & Garden,2,24.7,49.4,2026-09-02 11:40:00
TXN101776,CUST1156,East,Grocery,3,247.12,741.36,2026-09-04 18:46:00
TXN101777,CUST1078,North,Toys,4,280.62,1122.48,2026-09-02 02:37:00
TXN101778,CUST1064,Central,Grocery,2,87.6,175.2,2026-09-03 18:06:00
TXN101779,CUST1315,West,Apparel,4,102.4,409.6,2026-09-03 23:55:00
TXN101780,CUST1475,Central,Apparel,2,5.79,11.58,2026-09-02 06:05:00
TXN101781,CUST1458,North,Apparel,2,53.62,107.24,2026-09-01 10:04:00
TXN101782,CUST1167,East,Grocery,5,243.13,1215.65,2026-09-04 21:30:00
TXN101783,CUST1197,West,Home & Garden,1,76.03,76.03,2026-09-04 12:49:00
TXN101784,CUST1452,Central,Apparel,3,252.4,757.2,2026-09-03 16:05:00
TXN101785,CUST1430,West,Grocery,2,283.92,567.84,2026-09-03 22:09:00
TXN101786,CUST1285,West,Toys,4,149.58,598.32,2026-09-03 21:07:00
TXN101787,CUST1343,East,Toys,3,57.51,172.53,2026-09-03 14:49:00
TXN101788,CUST1091,North,Apparel,4,68.07,272.28,2026-09-02 12:23:00
TXN101789,CUST1158,East,Electronics,4,111.49,445.96,2026-09-02 00:37:00
TXN101790,CUST1017,East,Toys,3,275.16,825.48,2026-09-01 19:17:00
TXN101791,CUST1029,Central,Electronics,4,122.5,490.0,2026-09-03 08:40:00
TXN101792,CUST1242,Central,Electronics,4,299.18,1196.72,2026-09-04 15:11:00
TXN101793,CUST1090,South,Electronics,1,114.01,114.01,2026-09-02 22:47:00
TXN101794,CUST1326,North,Home & Garden,4,251.05,1004.2,2026-09-01 01:28:00
TXN101795,CUST1314,North,Home & Garden,1,258.08,258.08,2026-09-03 06:41:00
TXN101796,CUST1483,East,Grocery,3,269.83,809.49,2026-09-02 18:46:00
TXN101797,CUST1341,North,Electronics,1,282.46,282.46,2026-09-04 13:53:00
TXN101798,CUST1042,South,Sports,2,248.39,496.78,2026-09-02 23:17:00
TXN101799,CUST1209,South,Toys,1,86.28,86.28,2026-09-02 22:32:00
TXN101800,CUST1238,Central,Toys,1,96.79,96.79,2026-09-03 03:21:00
TXN101801,CUST1470,North,Apparel,1,172.03,172.03,2026-09-04 02:07:00
TXN101802,CUST1005,South,Toys,1,59.77,59.77,2026-09-01 05:50:00
TXN101803,CUST1348,South,Toys,3,140.8,422.4,2026-09-02 09:53:00
TXN101804,CUST1091,East,Apparel,2,96.59,193.18,2026-09-04 22:18:00
TXN101805,CUST1452,South,Apparel,5,98.08,490.4,2026-09-02 06:17:00
TXN101806,CUST1250,East,Grocery,3,81.51,244.53,2026-09-04 08:05:00
TXN101807,CUST1425,South,Electronics,3,107.91,323.73,2026-09-04 20:43:00
TXN101808,CUST1177,East,Apparel,5,118.78,593.9,2026-09-02 22:27:00
TXN101809,CUST1395,South,Home & Garden,3,211.4,634.2,2026-09-03 02:32:00
TXN101810,CUST1337,South,Sports,2,142.97,285.94,2026-09-01 03:33:00
TXN101811,CUST1193,Central,Electronics,2,142.84,285.68,2026-09-03 11:36:00
TXN101812,CUST1215,West,Home & Garden,3,211.88,635.64,2026-09-03 00:10:00
TXN101813,CUST1183,East,Apparel,3,196.12,588.36,2026-09-01 05:58:00
TXN101814,CUST1315,West,Grocery,4,166.3,665.2,2026-09-01 14:51:00
TXN101815,CUST1124,East,Toys,5,209.88,1049.4,2026-09-04 15:53:00
TXN101816,CUST1153,North,Apparel,3,182.28,546.84,2026-09-04 21:25:00
TXN101817,CUST1205,Central,Electronics,5,36.82,184.1,2026-09-04 08:36:00
TXN101818,CUST1482,Central,Apparel,2,156.1,312.2,2026-09-03 19:44:00
TXN101819,CUST1403,North,Electronics,5,226.8,1134.0,2026-09-02 21:21:00
TXN101820,CUST1202,South,Sports,3,238.89,716.67,2026-09-02 11:29:00
TXN101821,CUST1157,North,Apparel,1,199.29,199.29,2026-09-02 05:19:00
TXN101822,CUST1125,South,Toys,2,258.04,516.08,2026-09-04 02:46:00
TXN101823,CUST1081,East,Electronics,5,254.47,1272.35,2026-09-03 00:30:00
TXN101824,CUST1467,West,Toys,4,167.2,668.8,2026-09-04 22:13:00
TXN101825,CUST1065,East,Apparel,4,250.25,1001.0,2026-09-02 03:24:00
TXN101826,CUST1446,West,Grocery,4,233.11,932.44,2026-09-03 21:46:00
TXN101827,CUST1379,Central,Electronics,4,162.56,650.24,2026-09-03 15:42:00
TXN101828,CUST1185,East,Grocery,2,266.25,532.5,2026-09-02 07:23:00
TXN101829,CUST1117,South,Sports,1,185.12,185.12,2026-09-04 02:41:00
TXN101830,CUST1173,West,Toys,2,18.05,36.1,2026-09-03 13:05:00
TXN101831,CUST1345,West,Electronics,2,130.58,261.16,2026-09-03 09:24:00
TXN101832,CUST1203,Central,Electronics,3,287.76,863.28,2026-09-04 05:10:00
TXN101833,CUST1051,West,Electronics,4,242.84,971.36,2026-09-03 21:46:00
TXN101834,CUST1005,West,Toys,2,99.11,198.22,2026-09-04 21:29:00
TXN101835,CUST1132,North,Grocery,4,129.62,518.48,2026-09-01 09:27:00
TXN101836,CUST1432,Central,Home & Garden,4,153.11,612.44,2026-09-04 22:21:00
TXN101837,CUST1196,North,Apparel,1,236.72,236.72,2026-09-04 17:48:00
TXN101838,CUST1416,Central,Toys,1,104.45,104.45,2026-09-03 06:32:00
TXN101839,CUST1062,West,Sports,4,133.29,533.16,2026-09-04 09:02:00
TXN101840,CUST1172,East,Electronics,3,19.77,59.31,2026-09-03 08:27:00
TXN101841,CUST1008,West,Home & Garden,5,83.83,419.15,2026-09-03 11:26:00
TXN101842,CUST1018,Central,Toys,3,192.61,577.83,2026-09-01 11:46:00
TXN101843,CUST1064,South,Toys,4,78.34,313.36,2026-09-01 17:06:00
TXN101844,CUST1352,Central,Apparel,4,132.17,528.68,2026-09-03 11:29:00
TXN101845,CUST1190,North,Apparel,5,172.88,864.4,2026-09-01 02:20:00
TXN101846,CUST1371,North,Home & Garden,5,293.17,1465.85,2026-09-01 12:32:00
TXN101847,CUST1131,North,Sports,3,129.65,388.95,2026-09-01 05:47:00
TXN101848,CUST1263,Central,Apparel,1,239.13,239.13,2026-09-03 09:39:00
TXN101849,CUST1478,West,Home & Garden,1,115.4,115.4,2026-09-04 06:48:00
TXN101850,CUST1465,South,Toys,2,86.67,173.34,2026-09-01 19:25:00
TXN101851,CUST1400,West,Toys,3,85.44,256.32,2026-09-04 06:01:00
TXN101852,CUST1499,East,Electronics,2,86.06,172.12,2026-09-04 19:50:00
TXN101853,CUST1313,East,Toys,2,71.32,142.64,2026-09-03 07:04:00
TXN101854,CUST1168,Central,Sports,5,248.96,1244.8,2026-09-04 20:38:00
TXN101855,CUST1163,East,Sports,4,279.31,1117.24,2026-09-01 10:21:00
TXN101856,CUST1357,South,Toys,2,141.27,282.54,2026-09-04 06:34:00
TXN101857,CUST1292,North,Toys,4,80.43,321.72,2026-09-01 21:54:00
TXN101858,CUST1382,Central,Home & Garden,4,170.59,682.36,2026-09-03 02:13:00
TXN101859,CUST1239,North,Apparel,3,91.09,273.27,2026-09-03 14:43:00
TXN101860,CUST1212,North,Home & Garden,5,177.56,887.8,2026-09-03 18:27:00
TXN101861,CUST1275,South,Sports,5,224.5,1122.5,2026-09-02 12:58:00
TXN101862,CUST1111,South,Electronics,5,284.9,1424.5,2026-09-01 03:25:00
TXN101863,CUST1281,West,Home & Garden,5,90.36,451.8,2026-09-02 23:25:00
TXN101864,CUST1185,North,Toys,2,128.36,256.72,2026-09-03 10:49:00
TXN101865,CUST1206,West,Sports,3,153.18,459.54,2026-09-04 07:54:00
TXN101866,CUST1447,South,Sports,3,248.71,746.13,2026-09-04 05:59:00
TXN101867,CUST1088,North,Sports,3,5.98,17.94,2026-09-03 14:41:00
TXN101868,CUST1325,North,Grocery,5,197.67,988.35,2026-09-04 13:12:00
TXN101869,CUST1374,West,Electronics,2,45.88,91.76,2026-09-01 19:36:00
TXN101870,CUST1241,North,Home & Garden,3,184.89,554.67,2026-09-02 18:40:00
TXN101871,CUST1442,South,Apparel,1,224.17,224.17,2026-09-04 17:32:00
TXN101872,CUST1479,South,Home & Garden,4,113.87,455.48,2026-09-02 05:30:00
TXN101873,CUST1236,West,Apparel,2,91.43,182.86,2026-09-01 06:36:00
TXN101874,CUST1256,North,Grocery,5,135.88,679.4,2026-09-02 05:29:00
TXN101875,CUST1369,North,Electronics,3,262.27,786.81,2026-09-02 07:29:00
TXN101876,CUST1441,West,Electronics,1,206.2,206.2,2026-09-04 16:30:00
TXN101877,CUST1310,Central,Toys,4,287.48,1149.92,2026-09-01 22:49:00
TXN101878,CUST1203,North,Home & Garden,1,134.36,134.36,2026-09-01 09:51:00
TXN101879,CUST1063,North,Apparel,4,216.4,865.6,2026-09-04 13:50:00
TXN101880,CUST1187,West,Toys,3,228.59,685.77,2026-09-01 23:10:00
TXN101881,CUST1135,North,Home & Garden,3,46.88,140.64,2026-09-02 15:13:00
TXN101882,CUST1133,East,Home & Garden,1,140.18,140.18,2026-09-04 07:48:00
TXN101883,CUST1290,East,Grocery,4,102.55,410.2,2026-09-04 22:16:00
TXN101884,CUST1013,South,Home & Garden,1,229.59,229.59,2026-09-02 16:18:00
TXN101885,CUST1081,Central,Toys,5,112.0,560.0,2026-09-03 09:45:00
TXN101886,CUST1079,South,Apparel,3,145.21,435.63,2026-09-04 21:18:00
TXN101887,CUST1116,North,Apparel,5,91.24,456.2,2026-09-04 08:40:00
TXN101888,CUST1369,Central,Toys,5,94.37,471.85,2026-09-01 08:23:00
TXN101889,CUST1079,Central,Grocery,5,124.72,623.6,2026-09-02 11:41:00
TXN101890,CUST1086,Central,Sports,3,159.38,478.14,2026-09-04 15:41:00
TXN101891,CUST1484,North,Home & Garden,2,147.78,295.56,2026-09-04 00:42:00
TXN101892,CUST1311,North,Toys,2,96.25,192.5,2026-09-02 04:17:00
TXN101893,CUST1326,North,Toys,2,110.17,220.34,2026-09-04 18:58:00
TXN101894,CUST1016,West,Toys,5,269.95,1349.75,2026-09-02 11:42:00
TXN101895,CUST1492,Central,Toys,1,285.85,285.85,2026-09-01 08:35:00
TXN101896,CUST1267,South,Apparel,5,262.42,1312.1,2026-09-01 14:36:00
TXN101897,CUST1333,South,Apparel,3,240.19,720.57,2026-09-02 22:59:00
TXN101898,CUST1046,South,Toys,4,57.34,229.36,2026-09-03 17:17:00
TXN101899,CUST1031,South,Apparel,1,272.31,272.31,2026-09-02 16:19:00
TXN101900,CUST1274,North,Home & Garden,2,177.77,355.54,2026-09-04 14:06:00
TXN101901,CUST1243,South,Electronics,1,62.95,62.95,2026-09-01 14:05:00
TXN101902,CUST1004,Central,Sports,5,178.87,894.35,2026-09-04 09:36:00
TXN101903,CUST1301,Central,Sports,1,217.39,217.39,2026-09-04 20:12:00
TXN101904,CUST1252,South,Home & Garden,1,79.27,79.27,2026-09-04 19:17:00
TXN101905,CUST1135,Central,Apparel,5,147.57,737.85,2026-09-03 20:19:00
TXN101906,CUST1057,South,Sports,3,86.21,258.63,2026-09-03 20:28:00
TXN101907,CUST1091,North,Sports,1,99.17,99.17,2026-09-04 15:10:00
TXN101908,CUST1351,Central,Apparel,3,32.9,98.7,2026-09-04 10:40:00
TXN101909,CUST1256,East,Home & Garden,2,234.74,469.48,2026-09-02 06:19:00
TXN101910,CUST1292,South,Home & Garden,5,144.2,721.0,2026-09-03 19:13:00
TXN101911,CUST1080,Central,Toys,2,61.61,123.22,2026-09-04 05:54:00
TXN101912,CUST1403,West,Toys,2,101.08,202.16,2026-09-04 20:38:00
TXN101913,CUST1438,East,Home & Garden,3,72.47,217.41,2026-09-03 15:59:00
TXN101914,CUST1230,East,Sports,2,95.34,190.68,2026-09-03 23:20:00
TXN101915,CUST1481,West,Electronics,5,121.09,605.45,2026-09-04 00:48:00
TXN101916,CUST1140,North,Toys,4,109.32,437.28,2026-09-02 14:49:00
TXN101917,CUST1191,North,Home & Garden,2,66.54,133.08,2026-09-03 09:53:00
TXN101918,CUST1378,South,Apparel,4,238.32,953.28,2026-09-03 17:35:00
TXN101919,CUST1124,South,Home & Garden,5,153.37,766.85,2026-09-03 03:04:00
TXN101920,CUST1337,West,Toys,4,282.74,1130.96,2026-09-04 01:49:00
TXN101921,CUST1028,East,Home & Garden,4,78.7,314.8,2026-09-04 01:06:00
TXN101922,CUST1068,North,Home & Garden,5,113.99,569.95,2026-09-03 03:30:00
TXN101923,CUST1293,South,Grocery,4,248.17,992.68,2026-09-02 18:19:00
TXN101924,CUST1390,East,Grocery,1,134.29,134.29,2026-09-03 18:34:00
TXN101925,CUST1394,North,Toys,5,246.11,1230.55,2026-09-01 04:49:00
TXN101926,CUST1452,South,Apparel,3,287.37,862.11,2026-09-03 14:47:00
TXN101927,CUST1101,East,Home & Garden,3,143.16,429.48,2026-09-04 11:21:00
TXN101928,CUST1328,West,Sports,5,225.56,1127.8,2026-09-01 04:07:00
TXN101929,CUST1467,Central,Home & Garden,4,242.79,971.16,2026-09-01 16:03:00
TXN101930,CUST1408,East,Grocery,1,171.89,171.89,2026-09-01 16:55:00
TXN101931,CUST1376,North,Grocery,4,88.38,353.52,2026-09-03 20:04:00
TXN101932,CUST1408,Central,Electronics,1,292.4,292.4,2026-09-01 17:10:00
TXN101933,CUST1350,West,Home & Garden,5,277.14,1385.7,2026-09-02 02:49:00
TXN101934,CUST1037,South,Toys,4,138.13,552.52,2026-09-02 20:21:00
TXN101935,CUST1294,East,Electronics,5,105.24,526.2,2026-09-04 00:25:00
TXN101936,CUST1165,West,Apparel,5,249.33,1246.65,2026-09-01 00:14:00
TXN101937,CUST1334,South,Grocery,3,257.39,772.17,2026-09-03 17:29:00
TXN101938,CUST1075,South,Home & Garden,3,268.51,805.53,2026-09-02 06:49:00
TXN101939,CUST1178,North,Home & Garden,2,34.76,69.52,2026-09-01 04:34:00
TXN101940,CUST1083,West,Home & Garden,3,278.9,836.7,2026-09-02 06:19:00
TXN101941,CUST1070,West,Electronics,2,281.21,562.42,2026-09-02 11:01:00
TXN101942,CUST1228,West,Sports,4,12.5,50.0,2026-09-02 12:03:00
TXN101943,CUST1063,North,Apparel,2,65.66,131.32,2026-09-04 18:52:00
TXN101944,CUST1107,North,Sports,5,274.42,1372.1,2026-09-01 05:48:00
TXN101945,CUST1107,North,Grocery,5,110.73,553.65,2026-09-03 13:12:00
TXN101946,CUST1003,West,Sports,3,146.0,438.0,2026-09-01 14:01:00
TXN101947,CUST1484,East,Electronics,4,288.66,1154.64,2026-09-01 11:23:00
TXN101948,CUST1043,West,Sports,4,284.05,1136.2,2026-09-03 07:44:00
TXN101949,CUST1459,East,Electronics,1,285.64,285.64,2026-09-03 23:41:00
TXN101950,CUST1065,Central,Apparel,2,254.99,509.98,2026-09-02 18:00:00
TXN101951,CUST1410,South,Toys,2,210.05,420.1,2026-09-01 01:38:00
TXN101952,CUST1088,South,Grocery,3,114.65,343.95,2026-09-04 05:26:00
TXN101953,CUST1473,North,Apparel,2,223.88,447.76,2026-09-02 11:56:00
TXN101954,CUST1191,East,Grocery,1,151.78,151.78,2026-09-03 12:40:00
TXN101955,CUST1455,West,Electronics,3,13.4,40.2,2026-09-01 10:01:00
TXN101956,CUST1390,Central,Toys,2,274.51,549.02,2026-09-01 17:24:00
TXN101957,CUST1459,South,Electronics,5,55.07,275.35,2026-09-01 00:22:00
TXN101958,CUST1212,Central,Sports,4,296.52,1186.08,2026-09-01 15:29:00
TXN101959,CUST1240,East,Apparel,2,257.79,515.58,2026-09-01 09:30:00
TXN101960,CUST1366,North,Sports,3,198.63,595.89,2026-09-03 19:42:00
TXN101961,CUST1263,South,Apparel,4,225.87,903.48,2026-09-02 04:14:00
TXN101962,CUST1144,Central,Electronics,2,199.47,398.94,2026-09-01 22:25:00
TXN101963,CUST1154,East,Toys,2,71.74,143.48,2026-09-02 23:42:00
TXN101964,CUST1216,East,Toys,4,202.17,808.68,2026-09-03 04:20:00
TXN101965,CUST1409,West,Toys,2,175.91,351.82,2026-09-01 23:57:00
TXN101966,CUST1324,North,Apparel,1,239.29,239.29,2026-09-02 00:09:00
TXN101967,CUST1247,East,Apparel,2,122.05,244.1,2026-09-01 18:30:00
TXN101968,CUST1134,Central,Sports,5,124.67,623.35,2026-09-02 14:39:00
TXN101969,CUST1095,East,Home & Garden,1,224.76,224.76,2026-09-03 10:57:00
TXN101970,CUST1342,East,Grocery,4,232.74,930.96,2026-09-04 21:06:00
TXN101971,CUST1013,Central,Apparel,3,23.62,70.86,2026-09-03 13:41:00
TXN101972,CUST1281,East,Apparel,1,72.0,72.0,2026-09-04 03:07:00
TXN101973,CUST1494,Central,Apparel,3,95.57,286.71,2026-09-04 17:05:00
TXN101974,CUST1348,South,Electronics,4,246.91,987.64,2026-09-02 04:53:00
TXN101975,CUST1399,South,Grocery,2,221.36,442.72,2026-09-03 16:38:00
TXN101976,CUST1355,Central,Apparel,5,159.89,799.45,2026-09-03 17:14:00
TXN101977,CUST1439,Central,Apparel,3,51.83,155.49,2026-09-02 20:40:00
TXN101978,CUST1025,West,Home & Garden,2,164.54,329.08,2026-09-04 06:17:00
TXN101979,CUST1164,South,Toys,4,270.78,1083.12,2026-09-04 15:29:00
TXN101980,CUST1342,East,Apparel,3,5.1,15.3,2026-09-03 22:35:00
TXN101981,CUST1210,South,Apparel,5,180.23,901.15,2026-09-01 01:48:00
TXN101982,CUST1081,West,Sports,4,247.62,990.48,2026-09-02 12:50:00
TXN101983,CUST1493,East,Apparel,5,62.04,310.2,2026-09-03 02:14:00
TXN101984,CUST1072,East,Home & Garden,4,41.42,165.68,2026-09-02 06:28:00
TXN101985,CUST1395,Central,Sports,1,192.84,192.84,2026-09-03 16:06:00
TXN101986,CUST1380,Central,Sports,2,199.82,399.64,2026-09-03 03:34:00
TXN101987,CUST1195,East,Electronics,2,25.77,51.54,2026-09-03 08:02:00
TXN101988,CUST1443,West,Home & Garden,4,130.64,522.56,2026-09-02 22:44:00
TXN101989,CUST1491,Central,Home & Garden,2,159.24,318.48,2026-09-01 23:38:00
TXN101990,CUST1215,North,Toys,2,261.46,522.92,2026-09-04 22:27:00
TXN101991,CUST1141,East,Toys,1,260.22,260.22,2026-09-03 23:46:00
TXN101992,CUST1006,North,Toys,5,102.0,510.0,2026-09-03 11:05:00
TXN101993,CUST1222,East,Electronics,4,76.61,306.44,2026-09-04 07:37:00
TXN101994,CUST1445,West,Electronics,4,170.4,681.6,2026-09-04 19:33:00
TXN101995,CUST1060,South,Home & Garden,5,36.8,184.0,2026-09-01 18:06:00
TXN101996,CUST1381,North,Home & Garden,5,203.42,1017.1,2026-09-04 12:45:00
TXN101997,CUST1412,West,Toys,4,256.41,1025.64,2026-09-01 12:52:00
TXN101998,CUST1484,East,Electronics,1,68.73,68.73,2026-09-02 00:40:00
TXN101999,CUST1434,East,Home & Garden,3,276.6,829.8,2026-09-01 23:29:00
TXN102000,CUST1401,North,Home & Garden,3,108.95,326.85,2026-09-02 08:28:00
TXN102001,CUST1285,Central,Toys,4,211.24,844.96,2026-09-03 05:13:00
TXN102002,CUST1255,North,Home & Garden,3,223.51,670.53,2026-09-03 05:54:00
TXN102003,CUST1156,North,Toys,3,186.84,560.52,2026-09-02 10:53:00
TXN102004,CUST1327,South,Sports,1,193.64,193.64,2026-09-03 19:31:00
TXN102005,CUST1412,West,Home & Garden,2,83.08,166.16,2026-09-04 11:21:00
TXN102006,CUST1097,Central,Home & Garden,2,288.0,576.0,2026-09-03 00:07:00
TXN102007,CUST1091,West,Grocery,5,211.57,1057.85,2026-09-03 17:34:00
TXN102008,CUST1468,West,Home & Garden,1,63.59,63.59,2026-09-01 22:38:00
TXN102009,CUST1471,West,Electronics,2,216.19,432.38,2026-09-03 12:08:00
TXN102010,CUST1226,North,Apparel,3,185.96,557.88,2026-09-01 10:14:00
TXN102011,CUST1114,South,Apparel,5,50.73,253.65,2026-09-03 00:31:00
TXN102012,CUST1151,South,Electronics,2,134.9,269.8,2026-09-02 04:00:00
TXN102013,CUST1282,Central,Apparel,5,147.57,737.85,2026-09-04 13:35:00
TXN102014,CUST1454,West,Toys,4,59.89,239.56,2026-09-04 20:36:00
TXN102015,CUST1189,East,Apparel,3,213.49,640.47,2026-09-03 08:27:00
TXN102016,CUST1164,South,Grocery,3,164.41,493.23,2026-09-01 22:08:00
TXN102017,CUST1053,Central,Apparel,5,42.99,214.95,2026-09-04 17:20:00
TXN102018,CUST1294,North,Sports,3,216.68,650.04,2026-09-02 14:17:00
TXN102019,CUST1011,Central,Sports,5,134.17,670.85,2026-09-04 02:10:00
TXN102020,CUST1361,South,Electronics,5,196.83,984.15,2026-09-03 15:55:00
TXN102021,CUST1485,North,Toys,3,24.3,72.9,2026-09-03 18:16:00
TXN102022,CUST1338,West,Home & Garden,5,149.79,748.95,2026-09-02 12:13:00
TXN102023,CUST1291,Central,Sports,5,210.68,1053.4,2026-09-03 10:14:00
TXN102024,CUST1027,East,Grocery,2,231.06,462.12,2026-09-03 00:39:00
TXN102025,CUST1271,West,Toys,1,233.51,233.51,2026-09-01 19:04:00
TXN102026,CUST1388,South,Apparel,2,221.1,442.2,2026-09-02 19:49:00
TXN102027,CUST1169,North,Electronics,1,196.58,196.58,2026-09-04 23:07:00
TXN102028,CUST1356,West,Apparel,4,174.33,697.32,2026-09-04 13:24:00
TXN102029,CUST1362,West,Home & Garden,3,58.98,176.94,2026-09-03 11:11:00
TXN102030,CUST1116,East,Toys,4,31.77,127.08,2026-09-03 12:12:00
TXN102031,CUST1010,Central,Electronics,1,105.22,105.22,2026-09-01 16:16:00
TXN102032,CUST1000,Central,Electronics,5,22.45,112.25,2026-09-03 03:10:00
TXN102033,CUST1463,Central,Grocery,1,101.42,101.42,2026-09-03 00:51:00
TXN102034,CUST1317,West,Apparel,3,258.51,775.53,2026-09-02 06:40:00
TXN102035,CUST1349,South,Grocery,5,69.42,347.1,2026-09-03 03:55:00
TXN102036,CUST1450,South,Grocery,3,174.33,522.99,2026-09-04 22:54:00
TXN102037,CUST1019,Central,Electronics,2,245.24,490.48,2026-09-04 00:39:00
TXN102038,CUST1092,Central,Grocery,3,280.83,842.49,2026-09-01 11:43:00
TXN102039,CUST1079,Central,Home & Garden,2,270.57,541.14,2026-09-04 06:38:00
TXN102040,CUST1342,Central,Electronics,4,278.94,1115.76,2026-09-04 14:07:00
TXN102041,CUST1251,South,Sports,3,77.64,232.92,2026-09-02 07:52:00
TXN102042,CUST1386,Central,Electronics,1,110.7,110.7,2026-09-04 21:45:00
TXN102043,CUST1294,Central,Grocery,5,31.83,159.15,2026-09-03 16:36:00
TXN102044,CUST1069,West,Apparel,4,228.29,913.16,2026-09-02 09:20:00
TXN102045,CUST1193,North,Sports,3,283.55,850.65,2026-09-04 12:27:00
TXN102046,CUST1312,West,Home & Garden,1,149.92,149.92,2026-09-03 17:30:00
TXN102047,CUST1028,Central,Electronics,4,297.72,1190.88,2026-09-03 21:44:00
TXN102048,CUST1460,Central,Grocery,2,284.3,568.6,2026-09-03 18:47:00
TXN102049,CUST1024,East,Sports,2,194.08,388.16,2026-09-01 17:01:00
TXN102050,CUST1222,Central,Grocery,2,108.77,217.54,2026-09-01 21:55:00
TXN102051,CUST1234,South,Apparel,2,155.08,310.16,2026-09-01 06:06:00
TXN102052,CUST1292,Central,Electronics,3,26.52,79.56,2026-09-02 15:13:00
TXN102053,CUST1473,East,Electronics,1,277.02,277.02,2026-09-02 22:07:00
TXN102054,CUST1423,South,Home & Garden,2,199.58,399.16,2026-09-03 05:24:00
TXN102055,CUST1318,East,Sports,4,18.2,72.8,2026-09-02 19:15:00
TXN102056,CUST1334,East,Sports,5,214.5,1072.5,2026-09-03 06:56:00
TXN102057,CUST1431,South,Sports,1,127.69,127.69,2026-09-04 12:17:00
TXN102058,CUST1392,West,Apparel,3,182.04,546.12,2026-09-04 01:44:00
TXN102059,CUST1461,West,Electronics,2,25.8,51.6,2026-09-01 03:10:00
TXN102060,CUST1489,West,Home & Garden,2,163.4,326.8,2026-09-02 23:16:00
TXN102061,CUST1061,West,Apparel,5,89.5,447.5,2026-09-03 03:48:00
TXN102062,CUST1265,North,Sports,1,168.65,168.65,2026-09-04 06:08:00
TXN102063,CUST1198,South,Electronics,4,37.26,149.04,2026-09-02 01:53:00
TXN102064,CUST1073,West,Grocery,1,76.32,76.32,2026-09-03 14:47:00
TXN102065,CUST1162,North,Grocery,1,200.55,200.55,2026-09-02 06:46:00
TXN102066,CUST1089,East,Sports,1,284.83,284.83,2026-09-03 08:58:00
TXN102067,CUST1078,East,Grocery,2,270.96,541.92,2026-09-01 12:24:00
TXN102068,CUST1369,West,Electronics,1,71.44,71.44,2026-09-02 10:42:00
TXN102069,CUST1147,Central,Apparel,4,25.47,101.88,2026-09-02 19:33:00
TXN102070,CUST1350,North,Sports,2,166.4,332.8,2026-09-03 01:07:00
TXN102071,CUST1164,East,Electronics,5,162.61,813.05,2026-09-02 23:59:00
TXN102072,CUST1001,Central,Electronics,2,270.95,541.9,2026-09-02 00:24:00
TXN102073,CUST1321,North,Grocery,4,231.77,927.08,2026-09-01 07:48:00
TXN102074,CUST1197,East,Toys,5,26.81,134.05,2026-09-04 18:41:00
TXN102075,CUST1313,East,Home & Garden,5,119.1,595.5,2026-09-02 21:31:00
TXN102076,CUST1450,East,Apparel,4,146.34,585.36,2026-09-02 14:34:00
TXN102077,CUST1451,South,Home & Garden,2,89.62,179.24,2026-09-02 12:16:00
TXN102078,CUST1235,West,Toys,1,132.36,132.36,2026-09-03 04:02:00
TXN102079,CUST1320,East,Apparel,5,256.25,1281.25,2026-09-04 04:53:00
TXN102080,CUST1231,West,Sports,4,129.24,516.96,2026-09-04 14:46:00
TXN102081,CUST1068,Central,Apparel,4,112.25,449.0,2026-09-03 21:25:00
TXN102082,CUST1485,Central,Home & Garden,2,69.0,138.0,2026-09-02 18:12:00
TXN102083,CUST1157,South,Sports,4,166.72,666.88,2026-09-04 11:41:00
TXN102084,CUST1426,Central,Sports,2,143.72,287.44,2026-09-04 09:57:00
TXN102085,CUST1080,West,Grocery,1,63.83,63.83,2026-09-03 17:56:00
TXN102086,CUST1105,West,Grocery,4,58.19,232.76,2026-09-04 00:44:00
TXN102087,CUST1294,South,Apparel,2,85.63,171.26,2026-09-02 20:25:00
TXN102088,CUST1390,West,Home & Garden,4,98.36,393.44,2026-09-02 23:08:00
TXN102089,CUST1402,North,Electronics,5,280.24,1401.2,2026-09-01 21:06:00
TXN102090,CUST1046,East,Home & Garden,1,7.56,7.56,2026-09-01 10:54:00
TXN102091,CUST1033,East,Grocery,2,224.36,448.72,2026-09-02 09:53:00
TXN102092,CUST1360,South,Home & Garden,3,177.12,531.36,2026-09-04 15:21:00
TXN102093,CUST1212,North,Grocery,3,34.94,104.82,2026-09-02 04:10:00
TXN102094,CUST1353,South,Electronics,5,125.86,629.3,2026-09-04 22:17:00
TXN102095,CUST1450,West,Sports,2,273.21,546.42,2026-09-01 01:08:00
TXN102096,CUST1418,East,Sports,4,145.68,582.72,2026-09-01 18:44:00
TXN102097,CUST1484,Central,Home & Garden,5,173.71,868.55,2026-09-04 00:31:00
TXN102098,CUST1069,Central,Home & Garden,3,296.41,889.23,2026-09-03 02:11:00
TXN102099,CUST1492,East,Home & Garden,4,275.45,1101.8,2026-09-01 21:12:00
TXN102100,CUST1456,Central,Sports,1,109.64,109.64,2026-09-04 00:39:00
TXN102101,CUST1143,Central,Electronics,2,112.74,225.48,2026-09-03 06:32:00
TXN102102,CUST1122,East,Home & Garden,4,98.98,395.92,2026-09-02 01:41:00
TXN102103,CUST1383,West,Toys,4,298.87,1195.48,2026-09-03 01:17:00
TXN102104,CUST1474,Central,Electronics,1,103.21,103.21,2026-09-01 04:55:00
TXN102105,CUST1240,West,Sports,5,10.67,53.35,2026-09-04 06:57:00
TXN102106,CUST1171,East,Grocery,1,210.11,210.11,2026-09-03 22:24:00
TXN102107,CUST1368,East,Grocery,4,125.12,500.48,2026-09-03 04:22:00
TXN102108,CUST1230,North,Toys,2,149.2,298.4,2026-09-03 02:58:00
TXN102109,CUST1065,North,Apparel,3,259.14,777.42,2026-09-01 00:51:00
TXN102110,CUST1410,South,Electronics,1,57.25,57.25,2026-09-01 04:36:00
TXN102111,CUST1174,Central,Electronics,1,7.85,7.85,2026-09-01 23:51:00
TXN102112,CUST1169,North,Grocery,2,176.91,353.82,2026-09-04 20:55:00
TXN102113,CUST1381,North,Apparel,1,21.57,21.57,2026-09-02 06:58:00
TXN102114,CUST1405,South,Apparel,1,216.89,216.89,2026-09-01 00:27:00
TXN102115,CUST1271,South,Sports,1,216.51,216.51,2026-09-04 10:40:00
TXN102116,CUST1095,West,Home & Garden,2,213.93,427.86,2026-09-04 19:45:00
TXN102117,CUST1259,North,Electronics,5,260.18,1300.9,2026-09-01 14:11:00
TXN102118,CUST1277,Central,Apparel,2,292.39,584.78,2026-09-03 04:56:00
TXN102119,CUST1434,East,Apparel,1,212.35,212.35,2026-09-01 06:11:00
TXN102120,CUST1259,East,Apparel,2,121.43,242.86,2026-09-03 19:26:00
TXN102121,CUST1271,North,Toys,4,79.03,316.12,2026-09-03 23:15:00
TXN102122,CUST1032,West,Home & Garden,3,88.03,264.09,2026-09-02 02:03:00
TXN102123,CUST1391,West,Electronics,1,187.85,187.85,2026-09-04 02:43:00
TXN102124,CUST1310,North,Grocery,1,98.93,98.93,2026-09-03 22:43:00
TXN102125,CUST1380,West,Home & Garden,3,219.51,658.53,2026-09-03 14:22:00
TXN102126,CUST1381,South,Apparel,4,93.57,374.28,2026-09-04 10:34:00
TXN102127,CUST1450,West,Home & Garden,5,55.31,276.55,2026-09-03 13:29:00
TXN102128,CUST1072,West,Sports,4,141.77,567.08,2026-09-04 14:09:00
TXN102129,CUST1323,South,Sports,1,262.64,262.64,2026-09-03 12:55:00
TXN102130,CUST1484,South,Apparel,3,9.12,27.36,2026-09-02 04:37:00
TXN102131,CUST1172,South,Electronics,1,9.83,9.83,2026-09-04 04:17:00
TXN102132,CUST1116,South,Sports,4,120.71,482.84,2026-09-03 17:17:00
TXN102133,CUST1081,West,Toys,5,218.5,1092.5,2026-09-04 13:54:00
TXN102134,CUST1361,West,Grocery,1,109.24,109.24,2026-09-01 02:20:00
TXN102135,CUST1251,North,Home & Garden,3,46.74,140.22,2026-09-04 06:26:00
TXN102136,CUST1219,Central,Electronics,2,104.88,209.76,2026-09-03 21:39:00
TXN102137,CUST1191,South,Home & Garden,5,43.18,215.9,2026-09-03 10:46:00
TXN102138,CUST1189,West,Apparel,5,291.28,1456.4,2026-09-01 00:28:00
TXN102139,CUST1468,West,Home & Garden,2,283.65,567.3,2026-09-02 10:40:00
TXN102140,CUST1461,South,Home & Garden,5,105.52,527.6,2026-09-03 22:12:00
TXN102141,CUST1312,South,Apparel,5,291.49,1457.45,2026-09-02 22:37:00
TXN102142,CUST1450,North,Sports,4,171.17,684.68,2026-09-01 10:32:00
TXN102143,CUST1236,Central,Toys,2,188.96,377.92,2026-09-01 16:31:00
TXN102144,CUST1394,East,Toys,3,24.74,74.22,2026-09-04 06:50:00
TXN102145,CUST1114,North,Home & Garden,2,112.32,224.64,2026-09-01 15:15:00
TXN102146,CUST1401,East,Home & Garden,3,248.33,744.99,2026-09-04 17:09:00
TXN102147,CUST1490,Central,Grocery,4,295.66,1182.64,2026-09-02 20:12:00
TXN102148,CUST1099,Central,Grocery,1,92.21,92.21,2026-09-01 23:56:00
TXN102149,CUST1419,North,Home & Garden,3,78.23,234.69,2026-09-04 13:44:00
TXN102150,CUST1333,West,Electronics,3,65.25,195.75,2026-09-03 00:01:00
TXN102151,CUST1195,Central,Apparel,3,142.16,426.48,2026-09-02 14:40:00
TXN102152,CUST1140,West,Home & Garden,5,136.02,680.1,2026-09-03 03:59:00
TXN102153,CUST1300,South,Home & Garden,2,213.36,426.72,2026-09-04 09:10:00
TXN102154,CUST1188,South,Home & Garden,1,41.55,41.55,2026-09-03 17:30:00
TXN102155,CUST1202,South,Home & Garden,4,167.29,669.16,2026-09-04 20:20:00
TXN102156,CUST1165,Central,Grocery,5,251.64,1258.2,2026-09-01 20:18:00
TXN102157,CUST1365,South,Sports,1,265.56,265.56,2026-09-01 23:45:00
TXN102158,CUST1267,South,Toys,1,278.45,278.45,2026-09-02 04:06:00
TXN102159,CUST1041,West,Home & Garden,2,32.1,64.2,2026-09-03 11:21:00
TXN102160,CUST1328,West,Toys,1,150.27,150.27,2026-09-01 16:26:00
TXN102161,CUST1081,North,Home & Garden,2,166.69,333.38,2026-09-01 06:28:00
TXN102162,CUST1431,South,Sports,2,75.58,151.16,2026-09-01 01:41:00
TXN102163,CUST1070,Central,Home & Garden,1,17.44,17.44,2026-09-02 04:55:00
TXN102164,CUST1391,East,Sports,3,119.32,357.96,2026-09-04 00:32:00
TXN102165,CUST1020,South,Grocery,1,202.54,202.54,2026-09-04 17:04:00
TXN102166,CUST1359,North,Grocery,1,66.61,66.61,2026-09-04 00:22:00
TXN102167,CUST1077,Central,Electronics,3,155.2,465.6,2026-09-02 12:13:00
TXN102168,CUST1081,South,Grocery,5,88.02,440.1,2026-09-03 16:24:00
TXN102169,CUST1061,East,Sports,3,103.67,311.01,2026-09-03 08:25:00
TXN102170,CUST1057,North,Sports,1,136.44,136.44,2026-09-04 06:11:00
TXN102171,CUST1291,East,Toys,1,224.13,224.13,2026-09-02 06:48:00
TXN102172,CUST1027,South,Grocery,2,266.56,533.12,2026-09-03 11:29:00
TXN102173,CUST1110,South,Home & Garden,3,68.96,206.88,2026-09-01 09:00:00
TXN102174,CUST1234,West,Grocery,2,152.38,304.76,2026-09-04 23:20:00
TXN102175,CUST1146,South,Electronics,2,276.64,553.28,2026-09-04 17:38:00
TXN102176,CUST1025,North,Home & Garden,5,36.64,183.2,2026-09-01 00:39:00
TXN102177,CUST1492,South,Electronics,1,94.52,94.52,2026-09-04 23:36:00
TXN102178,CUST1448,East,Electronics,1,113.57,113.57,2026-09-02 13:47:00
TXN102179,CUST1017,North,Home & Garden,3,128.16,384.48,2026-09-01 09:49:00
TXN102180,CUST1325,North,Sports,2,82.5,165.0,2026-09-02 03:58:00
TXN102181,CUST1233,Central,Toys,2,9.23,18.46,2026-09-01 23:15:00
TXN102182,CUST1245,North,Toys,5,85.57,427.85,2026-09-01 22:36:00
TXN102183,CUST1015,North,Sports,2,68.57,137.14,2026-09-04 21:24:00
TXN102184,CUST1295,North,Toys,4,249.98,999.92,2026-09-04 05:00:00
TXN102185,CUST1368,West,Apparel,1,288.03,288.03,2026-09-03 22:18:00
TXN102186,CUST1353,West,Electronics,3,12.2,36.6,2026-09-03 06:15:00
TXN102187,CUST1250,South,Toys,1,262.69,262.69,2026-09-04 17:44:00
TXN102188,CUST1233,West,Grocery,1,89.52,89.52,2026-09-01 19:23:00
TXN102189,CUST1276,South,Home & Garden,2,115.11,230.22,2026-09-03 23:35:00
TXN102190,CUST1177,East,Apparel,3,125.07,375.21,2026-09-04 11:29:00
TXN102191,CUST1044,Central,Home & Garden,4,204.33,817.32,2026-09-04 11:27:00
TXN102192,CUST1230,Central,Toys,2,103.18,206.36,2026-09-03 20:29:00
TXN102193,CUST1440,South,Grocery,2,267.47,534.94,2026-09-03 16:58:00
TXN102194,CUST1417,South,Toys,3,164.36,493.08,2026-09-02 18:08:00
TXN102195,CUST1278,North,Grocery,4,29.11,116.44,2026-09-04 03:32:00
TXN102196,CUST1482,South,Toys,1,174.76,174.76,2026-09-03 17:42:00
TXN102197,CUST1166,East,Grocery,2,206.78,413.56,2026-09-03 15:07:00
TXN102198,CUST1179,West,Toys,4,159.32,637.28,2026-09-04 07:36:00
TXN102199,CUST1355,South,Toys,1,71.62,71.62,2026-09-04 04:53:00
TXN102200,CUST1468,North,Toys,1,268.49,268.49,2026-09-01 15:09:00
TXN102201,CUST1107,Central,Toys,3,76.34,229.02,2026-09-04 09:52:00
TXN102202,CUST1015,East,Electronics,1,285.71,285.71,2026-09-02 00:01:00
TXN102203,CUST1231,North,Sports,2,59.79,119.58,2026-09-01 02:16:00
TXN102204,CUST1153,East,Sports,3,200.17,600.51,2026-09-01 22:38:00
TXN102205,CUST1470,West,Toys,3,66.49,199.47,2026-09-04 19:37:00
TXN102206,CUST1163,East,Electronics,5,180.03,900.15,2026-09-04 01:31:00
TXN102207,CUST1050,West,Toys,3,211.69,635.07,2026-09-04 17:49:00
TXN102208,CUST1013,West,Electronics,5,187.97,939.85,2026-09-03 21:31:00
TXN102209,CUST1278,North,Electronics,4,228.92,915.68,2026-09-01 15:16:00
TXN102210,CUST1383,East,Apparel,2,218.66,437.32,2026-09-01 14:24:00
TXN102211,CUST1282,West,Apparel,5,295.28,1476.4,2026-09-01 10:19:00
TXN102212,CUST1303,North,Grocery,5,126.13,630.65,2026-09-01 21:08:00
TXN102213,CUST1356,Central,Sports,4,25.38,101.52,2026-09-02 14:17:00
TXN102214,CUST1060,Central,Sports,5,197.84,989.2,2026-09-01 08:37:00
TXN102215,CUST1148,Central,Home & Garden,2,271.17,542.34,2026-09-03 05:02:00
TXN102216,CUST1246,West,Apparel,4,37.35,149.4,2026-09-02 02:12:00
TXN102217,CUST1154,South,Apparel,1,119.25,119.25,2026-09-02 12:02:00
TXN102218,CUST1227,North,Electronics,3,260.34,781.02,2026-09-04 07:45:00
TXN102219,CUST1187,West,Electronics,2,46.07,92.14,2026-09-01 14:31:00
TXN102220,CUST1054,West,Sports,5,269.82,1349.1,2026-09-03 20:34:00
TXN102221,CUST1044,East,Toys,1,87.28,87.28,2026-09-04 02:04:00
TXN102222,CUST1012,South,Electronics,3,145.01,435.03,2026-09-02 04:07:00
TXN102223,CUST1279,East,Grocery,5,60.1,300.5,2026-09-02 14:42:00
TXN102224,CUST1059,Central,Electronics,3,145.97,437.91,2026-09-02 18:26:00
TXN102225,CUST1359,West,Electronics,2,64.72,129.44,2026-09-03 04:47:00
TXN102226,CUST1340,East,Grocery,3,22.7,68.1,2026-09-01 03:33:00
TXN102227,CUST1124,West,Apparel,5,7.61,38.05,2026-09-02 10:58:00
TXN102228,CUST1050,South,Sports,2,200.89,401.78,2026-09-04 15:13:00
TXN102229,CUST1065,Central,Apparel,5,191.85,959.25,2026-09-01 04:42:00
TXN102230,CUST1126,West,Toys,1,145.92,145.92,2026-09-01 18:10:00
TXN102231,CUST1385,West,Electronics,3,281.59,844.77,2026-09-03 13:03:00
TXN102232,CUST1371,East,Sports,3,235.29,705.87,2026-09-01 06:42:00
TXN102233,CUST1065,West,Grocery,4,183.9,735.6,2026-09-02 23:58:00
TXN102234,CUST1266,East,Sports,5,267.18,1335.9,2026-09-02 07:38:00
TXN102235,CUST1287,North,Toys,1,132.66,132.66,2026-09-01 13:04:00
TXN102236,CUST1201,East,Sports,2,233.01,466.02,2026-09-01 11:17:00
TXN102237,CUST1485,West,Grocery,3,94.53,283.59,2026-09-03 09:54:00
TXN102238,CUST1046,West,Home & Garden,4,118.9,475.6,2026-09-02 15:21:00
TXN102239,CUST1137,East,Home & Garden,5,157.51,787.55,2026-09-01 08:40:00
TXN102240,CUST1122,Central,Apparel,5,156.49,782.45,2026-09-03 10:58:00
TXN102241,CUST1346,West,Home & Garden,3,291.84,875.52,2026-09-02 10:33:00
TXN102242,CUST1402,South,Toys,3,181.34,544.02,2026-09-02 19:56:00
TXN102243,CUST1283,East,Apparel,3,61.04,183.12,2026-09-03 22:34:00
TXN102244,CUST1370,East,Toys,4,176.62,706.48,2026-09-02 03:46:00
TXN102245,CUST1331,West,Home & Garden,2,65.69,131.38,2026-09-03 05:56:00
TXN102246,CUST1275,East,Apparel,2,120.53,241.06,2026-09-03 18:29:00
TXN102247,CUST1416,Central,Sports,3,183.77,551.31,2026-09-03 03:24:00
TXN102248,CUST1478,Central,Grocery,1,24.63,24.63,2026-09-03 15:29:00
TXN102249,CUST1026,West,Toys,3,155.78,467.34,2026-09-04 06:17:00
TXN102250,CUST1160,North,Apparel,4,180.61,722.44,2026-09-04 13:24:00
TXN102251,CUST1035,East,Electronics,2,41.26,82.52,2026-09-01 01:54:00
TXN102252,CUST1380,West,Apparel,5,162.89,814.45,2026-09-02 03:59:00
TXN102253,CUST1172,Central,Toys,1,267.94,267.94,2026-09-01 00:07:00
TXN102254,CUST1316,Central,Grocery,3,88.84,266.52,2026-09-02 07:14:00
TXN102255,CUST1011,Central,Grocery,3,278.72,836.16,2026-09-03 07:09:00
TXN102256,CUST1277,Central,Electronics,3,229.89,689.67,2026-09-02 12:13:00
TXN102257,CUST1048,South,Sports,2,31.9,63.8,2026-09-03 15:07:00
TXN102258,CUST1112,East,Electronics,2,76.4,152.8,2026-09-02 05:58:00
TXN102259,CUST1440,Central,Sports,1,75.44,75.44,2026-09-03 13:37:00
TXN102260,CUST1364,West,Sports,4,67.95,271.8,2026-09-01 02:26:00
TXN102261,CUST1194,North,Grocery,2,223.05,446.1,2026-09-04 19:48:00
TXN102262,CUST1448,Central,Home & Garden,3,65.51,196.53,2026-09-04 13:50:00
TXN102263,CUST1105,East,Apparel,3,11.11,33.33,2026-09-04 14:38:00
TXN102264,CUST1206,South,Apparel,1,182.28,182.28,2026-09-04 05:50:00
TXN102265,CUST1148,South,Sports,3,109.21,327.63,2026-09-03 07:45:00
TXN102266,CUST1288,South,Toys,5,263.93,1319.65,2026-09-01 21:59:00
TXN102267,CUST1176,East,Sports,1,138.41,138.41,2026-09-01 12:36:00
TXN102268,CUST1223,East,Home & Garden,1,149.83,149.83,2026-09-04 13:05:00
TXN102269,CUST1086,South,Grocery,2,84.39,168.78,2026-09-03 15:10:00
TXN102270,CUST1186,North,Apparel,5,181.74,908.7,2026-09-02 01:24:00
TXN102271,CUST1356,Central,Electronics,1,213.6,213.6,2026-09-02 02:39:00
TXN102272,CUST1150,South,Sports,3,28.38,85.14,2026-09-03 14:09:00
TXN102273,CUST1159,South,Grocery,3,261.95,785.85,2026-09-02 07:26:00
TXN102274,CUST1293,South,Home & Garden,1,73.39,73.39,2026-09-01 19:03:00
TXN102275,CUST1008,South,Grocery,5,143.72,718.6,2026-09-04 05:15:00
TXN102276,CUST1400,South,Grocery,1,24.88,24.88,2026-09-01 08:52:00
TXN102277,CUST1078,Central,Apparel,1,234.82,234.82,2026-09-03 23:11:00
TXN102278,CUST1139,Central,Electronics,2,237.14,474.28,2026-09-03 05:49:00
TXN102279,CUST1085,North,Sports,5,153.83,769.15,2026-09-01 12:08:00
TXN102280,CUST1188,Central,Home & Garden,2,254.73,509.46,2026-09-02 19:53:00
TXN102281,CUST1365,South,Apparel,4,77.51,310.04,2026-09-02 22:07:00
TXN102282,CUST1000,East,Sports,5,227.58,1137.9,2026-09-01 12:08:00
TXN102283,CUST1371,West,Grocery,5,240.66,1203.3,2026-09-04 17:34:00
TXN102284,CUST1367,West,Home & Garden,4,288.82,1155.28,2026-09-03 19:36:00
TXN102285,CUST1255,South,Electronics,5,281.38,1406.9,2026-09-02 16:54:00
TXN102286,CUST1309,West,Sports,2,26.66,53.32,2026-09-03 09:07:00
TXN102287,CUST1101,North,Apparel,4,93.36,373.44,2026-09-01 10:31:00
TXN102288,CUST1302,South,Toys,4,233.65,934.6,2026-09-02 14:55:00
TXN102289,CUST1116,West,Home & Garden,3,121.93,365.79,2026-09-02 00:57:00
TXN102290,CUST1104,West,Apparel,4,122.78,491.12,2026-09-04 11:56:00
TXN102291,CUST1327,North,Home & Garden,4,288.09,1152.36,2026-09-02 04:57:00
TXN102292,CUST1334,West,Electronics,3,20.67,62.01,2026-09-04 12:56:00
TXN102293,CUST1444,West,Electronics,5,91.72,458.6,2026-09-04 01:59:00
TXN102294,CUST1005,North,Apparel,3,102.78,308.34,2026-09-03 16:10:00
TXN102295,CUST1322,Central,Home & Garden,5,84.53,422.65,2026-09-01 16:13:00
TXN102296,CUST1177,Central,Home & Garden,1,137.27,137.27,2026-09-03 19:29:00
TXN102297,CUST1249,West,Grocery,3,113.55,340.65,2026-09-01 14:48:00
TXN102298,CUST1422,West,Home & Garden,1,201.56,201.56,2026-09-01 04:59:00
TXN102299,CUST1390,South,Electronics,4,220.78,883.12,2026-09-03 04:09:00
TXN102300,CUST1022,East,Electronics,5,118.25,591.25,2026-09-04 07:02:00
TXN102301,CUST1422,South,Sports,2,62.38,124.76,2026-09-02 13:51:00
TXN102302,CUST1083,North,Home & Garden,5,172.62,863.1,2026-09-02 00:04:00
TXN102303,CUST1084,West,Electronics,4,237.17,948.68,2026-09-02 14:58:00
TXN102304,CUST1190,West,Home & Garden,1,202.48,202.48,2026-09-03 19:46:00
TXN102305,CUST1167,Central,Apparel,5,169.78,848.9,2026-09-03 20:42:00
TXN102306,CUST1459,South,Apparel,5,158.41,792.05,2026-09-03 19:49:00
TXN102307,CUST1153,West,Toys,1,132.99,132.99,2026-09-03 10:32:00
TXN102308,CUST1421,South,Grocery,4,20.13,80.52,2026-09-03 08:06:00
TXN102309,CUST1463,South,Electronics,2,254.12,508.24,2026-09-02 07:29:00
TXN102310,CUST1214,Central,Home & Garden,5,154.22,771.1,2026-09-04 23:25:00
TXN102311,CUST1485,North,Home & Garden,3,28.93,86.79,2026-09-02 19:30:00
TXN102312,CUST1242,North,Home & Garden,1,133.51,133.51,2026-09-04 04:26:00
TXN102313,CUST1251,West,Grocery,3,39.88,119.64,2026-09-02 15:56:00
TXN102314,CUST1312,South,Home & Garden,2,124.57,249.14,2026-09-02 09:15:00
TXN102315,CUST1042,North,Toys,2,181.4,362.8,2026-09-04 02:06:00
TXN102316,CUST1047,South,Electronics,1,49.26,49.26,2026-09-04 15:57:00
TXN102317,CUST1431,East,Toys,1,144.01,144.01,2026-09-01 04:18:00
TXN102318,CUST1457,East,Home & Garden,3,201.49,604.47,2026-09-01 01:10:00
TXN102319,CUST1000,South,Apparel,1,16.49,16.49,2026-09-01 01:39:00
TXN102320,CUST1303,East,Grocery,4,248.14,992.56,2026-09-04 03:17:00
TXN102321,CUST1236,Central,Home & Garden,5,26.15,130.75,2026-09-03 04:04:00
TXN102322,CUST1114,East,Electronics,2,194.82,389.64,2026-09-01 15:38:00
TXN102323,CUST1414,West,Home & Garden,4,256.39,1025.56,2026-09-02 22:30:00
TXN102324,CUST1476,South,Home & Garden,5,95.39,476.95,2026-09-04 13:51:00
TXN102325,CUST1079,North,Electronics,3,67.11,201.33,2026-09-04 04:45:00
TXN102326,CUST1229,South,Apparel,1,178.37,178.37,2026-09-01 04:06:00
TXN102327,CUST1296,South,Toys,1,88.33,88.33,2026-09-03 22:20:00
TXN102328,CUST1482,Central,Toys,4,133.42,533.68,2026-09-01 20:42:00
TXN102329,CUST1017,East,Apparel,5,94.25,471.25,2026-09-02 15:41:00
TXN102330,CUST1430,East,Sports,4,61.49,245.96,2026-09-01 01:02:00
TXN102331,CUST1401,East,Sports,2,244.69,489.38,2026-09-04 21:25:00
TXN102332,CUST1490,Central,Toys,2,245.66,491.32,2026-09-04 21:20:00
TXN102333,CUST1047,West,Home & Garden,2,7.19,14.38,2026-09-02 08:26:00
TXN102334,CUST1309,West,Home & Garden,2,17.4,34.8,2026-09-02 07:32:00
TXN102335,CUST1004,East,Toys,2,217.63,435.26,2026-09-04 01:49:00
TXN102336,CUST1053,West,Grocery,3,241.06,723.18,2026-09-03 10:00:00
TXN102337,CUST1439,Central,Home & Garden,2,67.26,134.52,2026-09-03 21:42:00
TXN102338,CUST1486,North,Sports,5,120.25,601.25,2026-09-02 13:49:00
TXN102339,CUST1170,North,Sports,5,166.4,832.0,2026-09-04 01:18:00
TXN102340,CUST1449,West,Sports,5,189.98,949.9,2026-09-01 15:53:00
TXN102341,CUST1230,East,Home & Garden,5,173.71,868.55,2026-09-03 18:14:00
TXN102342,CUST1002,Central,Apparel,1,245.94,245.94,2026-09-03 12:16:00
TXN102343,CUST1001,West,Electronics,1,70.43,70.43,2026-09-04 07:25:00
TXN102344,CUST1460,Central,Sports,1,241.71,241.71,2026-09-03 17:52:00
TXN102345,CUST1026,West,Grocery,1,153.02,153.02,2026-09-03 19:42:00
TXN102346,CUST1120,West,Grocery,2,162.56,325.12,2026-09-03 03:54:00
TXN102347,CUST1219,North,Home & Garden,3,57.28,171.84,2026-09-02 00:43:00
TXN102348,CUST1476,East,Apparel,2,284.24,568.48,2026-09-01 03:08:00
TXN102349,CUST1218,South,Toys,3,203.18,609.54,2026-09-04 05:57:00
TXN102350,CUST1354,Central,Toys,2,111.62,223.24,2026-09-03 09:34:00
TXN102351,CUST1479,North,Apparel,1,27.49,27.49,2026-09-02 03:54:00
TXN102352,CUST1391,West,Home & Garden,1,234.71,234.71,2026-09-03 05:07:00
TXN102353,CUST1246,Central,Home & Garden,1,152.64,152.64,2026-09-04 16:07:00
TXN102354,CUST1198,South,Grocery,1,110.1,110.1,2026-09-01 11:11:00
TXN102355,CUST1074,East,Apparel,3,218.97,656.91,2026-09-01 02:10:00
TXN102356,CUST1387,East,Electronics,5,245.49,1227.45,2026-09-02 15:59:00
TXN102357,CUST1262,West,Apparel,3,256.78,770.34,2026-09-04 03:51:00
TXN102358,CUST1357,North,Toys,2,61.09,122.18,2026-09-04 18:47:00
TXN102359,CUST1234,West,Home & Garden,2,251.18,502.36,2026-09-04 17:49:00
TXN102360,CUST1096,North,Grocery,3,63.74,191.22,2026-09-01 01:28:00
TXN102361,CUST1212,North,Home & Garden,3,10.05,30.15,2026-09-03 20:21:00
TXN102362,CUST1287,North,Grocery,4,30.14,120.56,2026-09-01 19:33:00
TXN102363,CUST1415,North,Toys,2,144.66,289.32,2026-09-03 03:39:00
TXN102364,CUST1439,North,Electronics,3,77.58,232.74,2026-09-04 09:02:00
TXN102365,CUST1417,West,Apparel,3,201.12,603.36,2026-09-02 22:16:00
TXN102366,CUST1186,North,Sports,3,105.28,315.84,2026-09-04 02:33:00
TXN102367,CUST1145,East,Apparel,3,222.9,668.7,2026-09-04 00:01:00
TXN102368,CUST1048,East,Home & Garden,1,261.5,261.5,2026-09-01 11:07:00
TXN102369,CUST1298,North,Apparel,3,267.08,801.24,2026-09-02 18:13:00
TXN102370,CUST1478,Central,Toys,1,86.57,86.57,2026-09-01 22:35:00
TXN102371,CUST1206,North,Home & Garden,5,92.68,463.4,2026-09-03 03:57:00
TXN102372,CUST1026,South,Electronics,4,32.43,129.72,2026-09-03 08:47:00
TXN102373,CUST1244,North,Sports,1,284.95,284.95,2026-09-01 03:57:00
TXN102374,CUST1302,Central,Apparel,3,124.77,374.31,2026-09-01 08:10:00
TXN102375,CUST1291,North,Toys,1,103.55,103.55,2026-09-02 20:58:00
TXN102376,CUST1490,Central,Apparel,1,143.74,143.74,2026-09-02 05:47:00
TXN102377,CUST1373,South,Sports,4,6.56,26.24,2026-09-03 18:50:00
TXN102378,CUST1341,West,Apparel,5,75.18,375.9,2026-09-04 06:39:00
TXN102379,CUST1210,Central,Home & Garden,5,91.35,456.75,2026-09-02 12:37:00
TXN102380,CUST1130,Central,Sports,3,78.46,235.38,2026-09-01 22:26:00
TXN102381,CUST1382,East,Toys,1,293.46,293.46,2026-09-04 18:12:00
TXN102382,CUST1067,North,Apparel,2,175.1,350.2,2026-09-01 21:15:00
TXN102383,CUST1068,South,Home & Garden,2,224.74,449.48,2026-09-01 21:25:00
TXN102384,CUST1424,North,Sports,1,174.5,174.5,2026-09-02 22:07:00
TXN102385,CUST1370,North,Home & Garden,1,105.7,105.7,2026-09-04 04:09:00
TXN102386,CUST1348,East,Sports,3,293.29,879.87,2026-09-04 21:33:00
TXN102387,CUST1180,South,Toys,2,258.04,516.08,2026-09-02 06:24:00
TXN102388,CUST1129,North,Sports,2,149.52,299.04,2026-09-03 13:03:00
TXN102389,CUST1268,East,Apparel,4,51.79,207.16,2026-09-01 23:29:00
TXN102390,CUST1143,South,Sports,4,37.57,150.28,2026-09-03 04:18:00
TXN102391,CUST1178,East,Toys,1,144.6,144.6,2026-09-01 18:29:00
TXN102392,CUST1138,South,Sports,2,137.56,275.12,2026-09-03 15:24:00
TXN102393,CUST1120,West,Sports,2,134.25,268.5,2026-09-02 00:49:00
TXN102394,CUST1369,East,Grocery,2,296.02,592.04,2026-09-02 03:17:00
TXN102395,CUST1409,East,Toys,3,208.52,625.56,2026-09-03 21:33:00
TXN102396,CUST1144,East,Apparel,4,10.99,43.96,2026-09-01 07:57:00
TXN102397,CUST1270,North,Apparel,5,257.48,1287.4,2026-09-02 20:31:00
TXN102398,CUST1000,West,Apparel,1,101.58,101.58,2026-09-04 18:21:00
TXN102399,CUST1217,East,Toys,2,37.0,74.0,2026-09-03 23:48:00
TXN102400,CUST1491,Central,Grocery,3,177.93,533.79,2026-09-04 21:53:00
TXN102401,CUST1100,South,Home & Garden,5,110.28,551.4,2026-09-04 15:39:00
TXN102402,CUST1123,Central,Home & Garden,1,258.05,258.05,2026-09-03 15:48:00
TXN102403,CUST1052,Central,Apparel,4,72.14,288.56,2026-09-01 22:04:00
TXN102404,CUST1211,Central,Toys,2,126.17,252.34,2026-09-01 06:29:00
TXN102405,CUST1113,South,Apparel,1,35.27,35.27,2026-09-04 22:08:00
TXN102406,CUST1300,West,Electronics,3,33.57,100.71,2026-09-03 00:58:00
TXN102407,CUST1174,South,Grocery,3,194.69,584.07,2026-09-04 06:05:00
TXN102408,CUST1382,South,Electronics,1,32.59,32.59,2026-09-03 19:34:00
TXN102409,CUST1356,North,Sports,4,208.25,833.0,2026-09-02 21:48:00
TXN102410,CUST1257,Central,Apparel,2,239.74,479.48,2026-09-03 03:05:00
TXN102411,CUST1478,East,Sports,5,86.91,434.55,2026-09-04 22:22:00
TXN102412,CUST1321,Central,Electronics,5,210.3,1051.5,2026-09-01 23:06:00
TXN102413,CUST1023,South,Apparel,3,61.8,185.4,2026-09-02 07:47:00
TXN102414,CUST1338,West,Apparel,2,63.31,126.62,2026-09-03 14:03:00
TXN102415,CUST1370,South,Home & Garden,5,44.68,223.4,2026-09-01 23:58:00
TXN102416,CUST1032,South,Sports,3,251.25,753.75,2026-09-04 04:44:00
TXN102417,CUST1089,West,Electronics,4,7.25,29.0,2026-09-03 01:34:00
TXN102418,CUST1212,North,Sports,1,230.5,230.5,2026-09-02 02:09:00
TXN102419,CUST1266,Central,Toys,2,211.41,422.82,2026-09-02 08:45:00
TXN102420,CUST1424,Central,Grocery,5,285.24,1426.2,2026-09-03 14:10:00
TXN102421,CUST1312,West,Home & Garden,5,68.6,343.0,2026-09-04 13:11:00
TXN102422,CUST1395,North,Apparel,3,81.77,245.31,2026-09-02 23:51:00
TXN102423,CUST1297,North,Toys,4,92.18,368.72,2026-09-04 02:55:00
TXN102424,CUST1273,North,Grocery,2,270.75,541.5,2026-09-02 23:44:00
TXN102425,CUST1092,Central,Apparel,4,121.41,485.64,2026-09-02 01:33:00
TXN102426,CUST1310,Central,Electronics,2,75.94,151.88,2026-09-01 16:54:00
TXN102427,CUST1275,North,Home & Garden,2,164.01,328.02,2026-09-01 10:33:00
TXN102428,CUST1218,West,Apparel,3,102.96,308.88,2026-09-02 05:02:00
TXN102429,CUST1045,Central,Apparel,2,241.85,483.7,2026-09-02 22:40:00
TXN102430,CUST1279,North,Toys,5,135.49,677.45,2026-09-04 23:40:00
TXN102431,CUST1016,North,Electronics,3,140.97,422.91,2026-09-03 10:01:00
TXN102432,CUST1084,Central,Electronics,1,259.55,259.55,2026-09-01 02:20:00
TXN102433,CUST1401,Central,Toys,1,207.95,207.95,2026-09-04 03:28:00
TXN102434,CUST1180,East,Sports,3,21.89,65.67,2026-09-01 23:09:00
TXN102435,CUST1081,North,Grocery,1,239.43,239.43,2026-09-03 09:16:00
TXN102436,CUST1267,North,Apparel,2,182.1,364.2,2026-09-04 09:31:00
TXN102437,CUST1403,North,Home & Garden,2,248.19,496.38,2026-09-03 16:39:00
TXN102438,CUST1022,Central,Electronics,4,143.32,573.28,2026-09-04 14:01:00
TXN102439,CUST1325,East,Electronics,1,200.3,200.3,2026-09-02 12:22:00
TXN102440,CUST1207,West,Grocery,3,218.55,655.65,2026-09-03 16:09:00
TXN102441,CUST1116,East,Home & Garden,1,74.56,74.56,2026-09-02 08:32:00
TXN102442,CUST1373,North,Grocery,1,113.03,113.03,2026-09-02 18:24:00
TXN102443,CUST1123,West,Grocery,1,189.38,189.38,2026-09-01 13:13:00
TXN102444,CUST1319,Central,Apparel,5,169.69,848.45,2026-09-03 00:49:00
TXN102445,CUST1062,West,Home & Garden,2,24.03,48.06,2026-09-03 01:59:00
TXN102446,CUST1375,East,Toys,5,41.66,208.3,2026-09-01 08:40:00
TXN102447,CUST1476,South,Grocery,2,166.51,333.02,2026-09-04 15:56:00
TXN102448,CUST1032,West,Home & Garden,2,116.54,233.08,2026-09-02 16:41:00
TXN102449,CUST1204,Central,Toys,2,50.68,101.36,2026-09-01 04:44:00
TXN102450,CUST1081,North,Apparel,3,219.17,657.51,2026-09-03 13:19:00
TXN102451,CUST1371,Central,Sports,4,228.16,912.64,2026-09-02 11:46:00
TXN102452,CUST1447,North,Sports,2,35.71,71.42,2026-09-03 02:29:00
TXN102453,CUST1484,East,Home & Garden,3,283.91,851.73,2026-09-04 05:22:00
TXN102454,CUST1188,East,Grocery,1,60.04,60.04,2026-09-02 23:43:00
TXN102455,CUST1240,West,Home & Garden,2,91.68,183.36,2026-09-01 21:05:00
TXN102456,CUST1491,Central,Grocery,4,238.67,954.68,2026-09-03 16:36:00
TXN102457,CUST1284,Central,Grocery,1,232.75,232.75,2026-09-01 11:15:00
TXN102458,CUST1497,South,Sports,2,249.97,499.94,2026-09-03 10:46:00
TXN102459,CUST1174,North,Home & Garden,5,250.37,1251.85,2026-09-01 21:44:00
TXN102460,CUST1469,South,Apparel,1,297.97,297.97,2026-09-03 07:13:00
TXN102461,CUST1452,North,Sports,3,62.33,186.99,2026-09-03 18:20:00
TXN102462,CUST1364,Central,Sports,2,242.98,485.96,2026-09-01 02:06:00
TXN102463,CUST1310,South,Apparel,5,142.6,713.0,2026-09-01 17:03:00
TXN102464,CUST1068,West,Toys,5,31.97,159.85,2026-09-02 15:13:00
TXN102465,CUST1017,North,Electronics,3,299.84,899.52,2026-09-01 13:54:00
TXN102466,CUST1048,West,Grocery,5,229.6,1148.0,2026-09-04 10:24:00
TXN102467,CUST1094,South,Electronics,4,234.78,939.12,2026-09-01 00:58:00
TXN102468,CUST1281,South,Grocery,1,177.9,177.9,2026-09-03 13:07:00
TXN102469,CUST1170,West,Toys,5,277.68,1388.4,2026-09-02 22:24:00
TXN102470,CUST1491,West,Electronics,4,82.85,331.4,2026-09-03 19:07:00
TXN102471,CUST1405,East,Apparel,5,205.64,1028.2,2026-09-04 11:39:00
TXN102472,CUST1269,Central,Home & Garden,1,27.49,27.49,2026-09-01 03:55:00
TXN102473,CUST1271,West,Home & Garden,1,164.07,164.07,2026-09-02 07:25:00
TXN102474,CUST1417,South,Apparel,1,178.03,178.03,2026-09-04 06:10:00
TXN102475,CUST1231,East,Home & Garden,5,182.58,912.9,2026-09-02 02:15:00
TXN102476,CUST1018,East,Apparel,3,128.39,385.17,2026-09-01 08:59:00
TXN102477,CUST1010,East,Apparel,5,163.15,815.75,2026-09-01 11:40:00
TXN102478,CUST1380,North,Grocery,4,281.0,1124.0,2026-09-04 13:50:00
TXN102479,CUST1433,North,Electronics,1,39.37,39.37,2026-09-02 13:49:00
TXN102480,CUST1104,East,Sports,2,263.07,526.14,2026-09-01 16:56:00
TXN102481,CUST1078,West,Electronics,4,265.94,1063.76,2026-09-01 00:24:00
TXN102482,CUST1393,South,Home & Garden,3,282.39,847.17,2026-09-02 03:11:00
TXN102483,CUST1093,West,Grocery,3,109.96,329.88,2026-09-04 16:35:00
TXN102484,CUST1287,South,Grocery,1,148.19,148.19,2026-09-04 13:48:00
TXN102485,CUST1493,North,Electronics,2,295.26,590.52,2026-09-03 09:47:00
TXN102486,CUST1399,South,Home & Garden,2,94.68,189.36,2026-09-01 16:28:00
TXN102487,CUST1108,South,Toys,3,75.04,225.12,2026-09-02 13:02:00
TXN102488,CUST1341,East,Sports,3,186.28,558.84,2026-09-01 01:06:00
TXN102489,CUST1289,Central,Toys,1,183.68,183.68,2026-09-01 16:23:00
TXN102490,CUST1478,North,Toys,1,241.97,241.97,2026-09-03 18:11:00
TXN102491,CUST1306,Central,Grocery,4,297.61,1190.44,2026-09-02 12:48:00
TXN102492,CUST1425,Central,Toys,4,231.16,924.64,2026-09-04 21:18:00
TXN102493,CUST1267,East,Apparel,5,229.05,1145.25,2026-09-04 02:56:00
TXN102494,CUST1127,South,Home & Garden,5,236.14,1180.7,2026-09-04 20:36:00
TXN102495,CUST1158,Central,Grocery,5,35.37,176.85,2026-09-01 16:56:00
TXN102496,CUST1429,South,Home & Garden,2,286.22,572.44,2026-09-02 03:11:00
TXN102497,CUST1286,North,Sports,2,234.0,468.0,2026-09-04 12:36:00
TXN102498,CUST1327,North,Sports,5,211.4,1057.0,2026-09-04 04:25:00
TXN102499,CUST1089,South,Home & Garden,4,291.84,1167.36,2026-09-01 20:28:00
TXN102500,CUST1112,East,Toys,5,283.19,1415.95,2026-09-02 16:38:00
TXN102501,CUST1336,Central,Electronics,5,272.82,1364.1,2026-09-02 16:08:00
TXN102502,CUST1339,North,Apparel,3,249.26,747.78,2026-09-03 13:56:00
TXN102503,CUST1411,South,Sports,5,184.95,924.75,2026-09-03 00:35:00
TXN102504,CUST1136,North,Grocery,5,230.12,1150.6,2026-09-02 13:42:00
TXN102505,CUST1037,South,Electronics,4,174.01,696.04,2026-09-03 13:40:00
TXN102506,CUST1425,South,Apparel,5,147.17,735.85,2026-09-04 03:43:00
TXN102507,CUST1431,South,Home & Garden,5,97.54,487.7,2026-09-03 03:16:00
TXN102508,CUST1395,East,Grocery,4,164.73,658.92,2026-09-02 18:50:00
TXN102509,CUST1491,South,Sports,3,189.68,569.04,2026-09-01 00:53:00
TXN102510,CUST1464,West,Electronics,2,5.29,10.58,2026-09-04 19:25:00
TXN102511,CUST1038,North,Toys,1,39.45,39.45,2026-09-04 16:12:00
TXN102512,CUST1484,North,Sports,2,245.22,490.44,2026-09-03 00:03:00
TXN102513,CUST1322,Central,Electronics,5,21.52,107.6,2026-09-03 02:18:00
TXN102514,CUST1322,Central,Apparel,3,21.03,63.09,2026-09-04 05:55:00
TXN102515,CUST1025,East,Apparel,5,285.08,1425.4,2026-09-04 20:09:00
TXN102516,CUST1306,East,Sports,3,84.69,254.07,2026-09-04 14:28:00
TXN102517,CUST1206,West,Toys,2,22.16,44.32,2026-09-04 04:46:00
TXN102518,CUST1408,North,Toys,2,180.91,361.82,2026-09-03 00:35:00
TXN102519,CUST1024,South,Grocery,4,218.87,875.48,2026-09-04 12:59:00
TXN102520,CUST1479,Central,Toys,5,24.7,123.5,2026-09-03 00:25:00
TXN102521,CUST1232,South,Electronics,5,82.53,412.65,2026-09-02 06:12:00
TXN102522,CUST1476,South,Apparel,2,286.49,572.98,2026-09-03 11:45:00
TXN102523,CUST1278,North,Sports,3,275.17,825.51,2026-09-04 03:29:00
TXN102524,CUST1040,Central,Apparel,1,65.45,65.45,2026-09-02 21:06:00
TXN102525,CUST1422,Central,Toys,1,117.05,117.05,2026-09-02 13:15:00
TXN102526,CUST1499,East,Sports,3,44.05,132.15,2026-09-04 17:36:00
TXN102527,CUST1341,Central,Home & Garden,1,61.16,61.16,2026-09-04 02:57:00
TXN102528,CUST1442,Central,Home & Garden,3,83.06,249.18,2026-09-01 23:10:00
TXN102529,CUST1022,North,Sports,1,46.55,46.55,2026-09-04 09:32:00
TXN102530,CUST1104,East,Electronics,3,89.0,267.0,2026-09-01 07:28:00
TXN102531,CUST1237,West,Toys,4,143.77,575.08,2026-09-01 04:57:00
TXN102532,CUST1426,South,Toys,5,55.24,276.2,2026-09-02 02:00:00
TXN102533,CUST1099,East,Grocery,1,264.06,264.06,2026-09-02 03:40:00
TXN102534,CUST1251,Central,Sports,4,55.63,222.52,2026-09-03 23:53:00
TXN102535,CUST1448,North,Grocery,2,228.57,457.14,2026-09-02 17:15:00
TXN102536,CUST1173,South,Grocery,2,165.34,330.68,2026-09-03 13:01:00
TXN102537,CUST1359,Central,Grocery,4,288.13,1152.52,2026-09-01 15:50:00
TXN102538,CUST1358,North,Sports,4,123.82,495.28,2026-09-01 14:30:00
TXN102539,CUST1413,South,Electronics,4,74.61,298.44,2026-09-04 16:49:00
TXN102540,CUST1043,South,Apparel,3,230.54,691.62,2026-09-04 17:09:00
TXN102541,CUST1044,West,Toys,2,190.61,381.22,2026-09-03 21:10:00
TXN102542,CUST1479,North,Toys,3,9.38,28.14,2026-09-03 17:28:00
TXN102543,CUST1267,South,Electronics,3,124.46,373.38,2026-09-02 23:04:00
TXN102544,CUST1304,North,Grocery,5,45.93,229.65,2026-09-04 14:48:00
TXN102545,CUST1319,Central,Grocery,5,162.61,813.05,2026-09-03 07:27:00
TXN102546,CUST1456,North,Home & Garden,3,236.09,708.27,2026-09-01 05:08:00
TXN102547,CUST1277,West,Toys,1,285.66,285.66,2026-09-02 21:53:00
TXN102548,CUST1331,South,Home & Garden,5,216.44,1082.2,2026-09-03 16:18:00
TXN102549,CUST1145,East,Sports,5,104.63,523.15,2026-09-01 20:05:00
TXN102550,CUST1225,North,Home & Garden,5,154.72,773.6,2026-09-01 22:41:00
TXN102551,CUST1244,South,Grocery,2,74.41,148.82,2026-09-04 14:24:00
TXN102552,CUST1399,North,Grocery,2,12.73,25.46,2026-09-04 08:24:00
TXN102553,CUST1272,West,Sports,1,217.23,217.23,2026-09-04 15:39:00
TXN102554,CUST1367,South,Apparel,5,49.23,246.15,2026-09-04 16:31:00
TXN102555,CUST1019,Central,Home & Garden,3,157.25,471.75,2026-09-02 15:47:00
TXN102556,CUST1405,South,Home & Garden,5,5.19,25.95,2026-09-02 21:40:00
TXN102557,CUST1444,East,Sports,1,210.17,210.17,2026-09-01 21:57:00
TXN102558,CUST1291,North,Electronics,4,219.67,878.68,2026-09-03 21:29:00
TXN102559,CUST1436,East,Home & Garden,1,54.54,54.54,2026-09-02 23:21:00
TXN102560,CUST1201,South,Apparel,3,58.85,176.55,2026-09-04 14:37:00
TXN102561,CUST1126,South,Toys,3,248.81,746.43,2026-09-03 05:40:00
TXN102562,CUST1443,South,Apparel,5,223.11,1115.55,2026-09-03 12:53:00
TXN102563,CUST1084,East,Electronics,5,288.34,1441.7,2026-09-01 10:25:00
TXN102564,CUST1247,South,Home & Garden,3,60.05,180.15,2026-09-03 23:59:00
TXN102565,CUST1113,South,Home & Garden,4,54.47,217.88,2026-09-02 12:37:00
TXN102566,CUST1440,Central,Electronics,5,184.34,921.7,2026-09-03 03:14:00
TXN102567,CUST1487,West,Grocery,5,214.63,1073.15,2026-09-03 11:01:00
TXN102568,CUST1164,West,Toys,3,287.1,861.3,2026-09-03 00:39:00
TXN102569,CUST1156,Central,Electronics,3,248.33,744.99,2026-09-02 00:12:00
TXN102570,CUST1246,Central,Sports,5,248.18,1240.9,2026-09-01 03:58:00
TXN102571,CUST1137,North,Electronics,2,18.83,37.66,2026-09-03 18:15:00
TXN102572,CUST1150,West,Electronics,3,67.0,201.0,2026-09-03 02:20:00
TXN102573,CUST1373,South,Home & Garden,3,249.14,747.42,2026-09-02 03:13:00
TXN102574,CUST1433,Central,Electronics,5,266.4,1332.0,2026-09-04 15:46:00
TXN102575,CUST1008,Central,Home & Garden,2,240.65,481.3,2026-09-04 10:02:00
TXN102576,CUST1405,North,Electronics,2,210.65,421.3,2026-09-01 09:49:00
TXN102577,CUST1485,North,Toys,3,57.31,171.93,2026-09-04 19:33:00
TXN102578,CUST1427,South,Sports,5,159.5,797.5,2026-09-01 19:46:00
TXN102579,CUST1263,Central,Grocery,1,85.15,85.15,2026-09-02 07:54:00
TXN102580,CUST1414,West,Sports,3,123.65,370.95,2026-09-02 10:35:00
TXN102581,CUST1226,East,Home & Garden,1,286.89,286.89,2026-09-04 14:34:00
TXN102582,CUST1379,East,Grocery,2,45.77,91.54,2026-09-03 16:21:00
TXN102583,CUST1443,East,Toys,3,221.2,663.6,2026-09-04 11:50:00
TXN102584,CUST1466,North,Electronics,5,89.97,449.85,2026-09-02 09:39:00
TXN102585,CUST1435,North,Electronics,4,295.69,1182.76,2026-09-01 04:59:00
TXN102586,CUST1117,Central,Toys,1,51.0,51.0,2026-09-03 11:40:00
TXN102587,CUST1449,North,Home & Garden,2,26.46,52.92,2026-09-02 04:41:00
TXN102588,CUST1246,North,Grocery,3,25.43,76.29,2026-09-01 10:21:00
TXN102589,CUST1093,North,Home & Garden,2,191.86,383.72,2026-09-04 17:47:00
TXN102590,CUST1317,West,Apparel,3,88.89,266.67,2026-09-04 12:37:00
TXN102591,CUST1460,West,Toys,4,289.11,1156.44,2026-09-02 13:28:00
TXN102592,CUST1066,East,Grocery,3,194.73,584.19,2026-09-02 23:00:00
TXN102593,CUST1269,South,Apparel,2,276.18,552.36,2026-09-03 06:04:00
TXN102594,CUST1097,North,Apparel,5,243.28,1216.4,2026-09-01 23:08:00
TXN102595,CUST1319,North,Electronics,2,183.94,367.88,2026-09-01 20:19:00
TXN102596,CUST1212,East,Sports,4,222.8,891.2,2026-09-01 16:15:00
TXN102597,CUST1272,South,Sports,2,65.17,130.34,2026-09-04 11:01:00
TXN102598,CUST1090,South,Home & Garden,4,158.01,632.04,2026-09-01 21:29:00
TXN102599,CUST1287,East,Sports,4,141.96,567.84,2026-09-03 23:23:00
TXN102600,CUST1316,North,Grocery,2,116.78,233.56,2026-09-01 10:09:00
TXN102601,CUST1200,North,Grocery,4,117.81,471.24,2026-09-02 23:06:00
TXN102602,CUST1089,North,Sports,2,216.9,433.8,2026-09-01 20:30:00
TXN102603,CUST1298,South,Electronics,2,63.5,127.0,2026-09-02 18:41:00
TXN102604,CUST1465,Central,Apparel,3,58.63,175.89,2026-09-02 18:36:00
TXN102605,CUST1409,East,Toys,4,265.06,1060.24,2026-09-01 23:27:00
TXN102606,CUST1281,South,Apparel,5,27.23,136.15,2026-09-03 07:35:00
TXN102607,CUST1404,Central,Grocery,2,100.91,201.82,2026-09-03 22:15:00
TXN102608,CUST1062,West,Toys,2,99.46,198.92,2026-09-03 08:26:00
TXN102609,CUST1413,West,Home & Garden,4,222.45,889.8,2026-09-04 07:10:00
TXN102610,CUST1129,Central,Sports,2,282.86,565.72,2026-09-03 08:55:00
TXN102611,CUST1228,Central,Grocery,5,216.07,1080.35,2026-09-01 05:57:00
TXN102612,CUST1082,North,Home & Garden,4,5.79,23.16,2026-09-02 14:04:00
TXN102613,CUST1254,North,Apparel,2,201.68,403.36,2026-09-04 16:58:00
TXN102614,CUST1487,Central,Grocery,4,213.84,855.36,2026-09-03 04:37:00
TXN102615,CUST1497,North,Apparel,2,43.55,87.1,2026-09-01 21:48:00
TXN102616,CUST1088,North,Electronics,3,122.15,366.45,2026-09-01 17:12:00
TXN102617,CUST1481,West,Grocery,3,229.49,688.47,2026-09-04 19:51:00
TXN102618,CUST1107,East,Toys,5,154.25,771.25,2026-09-04 11:43:00
TXN102619,CUST1201,North,Electronics,5,110.42,552.1,2026-09-02 20:34:00
TXN102620,CUST1198,North,Grocery,2,10.11,20.22,2026-09-03 07:59:00
TXN102621,CUST1427,South,Apparel,5,99.62,498.1,2026-09-04 02:22:00
TXN102622,CUST1076,Central,Apparel,5,270.07,1350.35,2026-09-01 00:49:00
TXN102623,CUST1101,West,Home & Garden,5,226.04,1130.2,2026-09-01 02:19:00
TXN102624,CUST1212,West,Electronics,5,61.89,309.45,2026-09-02 00:36:00
TXN102625,CUST1495,North,Apparel,2,207.6,415.2,2026-09-04 02:38:00
TXN102626,CUST1059,South,Apparel,4,19.28,77.12,2026-09-02 23:09:00
TXN102627,CUST1385,South,Electronics,1,260.69,260.69,2026-09-04 13:29:00
TXN102628,CUST1195,West,Electronics,1,183.72,183.72,2026-09-01 03:07:00
TXN102629,CUST1369,North,Sports,2,274.42,548.84,2026-09-01 03:39:00
TXN102630,CUST1473,Central,Toys,2,218.28,436.56,2026-09-04 07:12:00
TXN102631,CUST1172,South,Grocery,2,15.92,31.84,2026-09-02 13:24:00
TXN102632,CUST1340,East,Grocery,1,199.8,199.8,2026-09-04 20:56:00
TXN102633,CUST1046,East,Electronics,1,49.14,49.14,2026-09-03 05:06:00
TXN102634,CUST1004,Central,Toys,5,206.5,1032.5,2026-09-02 10:55:00
TXN102635,CUST1192,South,Electronics,3,294.69,884.07,2026-09-02 19:18:00
TXN102636,CUST1194,North,Toys,5,62.13,310.65,2026-09-03 11:46:00
TXN102637,CUST1291,Central,Home & Garden,1,242.58,242.58,2026-09-02 22:42:00
TXN102638,CUST1049,South,Sports,2,234.87,469.74,2026-09-04 00:49:00
TXN102639,CUST1183,Central,Home & Garden,1,46.85,46.85,2026-09-02 13:59:00
TXN102640,CUST1433,North,Home & Garden,5,113.17,565.85,2026-09-03 04:13:00
TXN102641,CUST1246,North,Sports,1,266.99,266.99,2026-09-02 00:09:00
TXN102642,CUST1285,West,Home & Garden,1,111.74,111.74,2026-09-02 15:14:00
TXN102643,CUST1369,North,Sports,1,54.07,54.07,2026-09-01 14:46:00
TXN102644,CUST1066,South,Home & Garden,4,259.28,1037.12,2026-09-01 13:14:00
TXN102645,CUST1133,South,Toys,5,196.78,983.9,2026-09-01 10:20:00
TXN102646,CUST1030,North,Electronics,1,70.44,70.44,2026-09-03 01:15:00
TXN102647,CUST1468,West,Home & Garden,5,112.14,560.7,2026-09-04 15:36:00
TXN102648,CUST1189,West,Grocery,4,268.45,1073.8,2026-09-03 19:04:00
TXN102649,CUST1128,West,Electronics,3,114.73,344.19,2026-09-04 05:15:00
TXN102650,CUST1001,North,Electronics,2,251.85,503.7,2026-09-03 14:27:00
TXN102651,CUST1019,South,Electronics,5,22.52,112.6,2026-09-01 16:07:00
TXN102652,CUST1141,North,Sports,4,168.38,673.52,2026-09-01 14:25:00
TXN102653,CUST1264,North,Toys,2,130.02,260.04,2026-09-01 17:00:00
TXN102654,CUST1444,North,Home & Garden,3,137.09,411.27,2026-09-02 18:01:00
TXN102655,CUST1209,West,Electronics,1,141.72,141.72,2026-09-02 16:02:00
TXN102656,CUST1496,North,Home & Garden,2,20.9,41.8,2026-09-02 10:05:00
TXN102657,CUST1102,West,Apparel,3,291.14,873.42,2026-09-03 15:19:00
TXN102658,CUST1222,South,Home & Garden,1,212.7,212.7,2026-09-01 00:36:00
TXN102659,CUST1360,West,Grocery,5,258.52,1292.6,2026-09-03 14:27:00
TXN102660,CUST1002,East,Apparel,3,151.37,454.11,2026-09-02 03:35:00
TXN102661,CUST1130,West,Sports,2,184.05,368.1,2026-09-02 14:59:00
TXN102662,CUST1032,Central,Apparel,4,247.84,991.36,2026-09-01 11:37:00
TXN102663,CUST1029,East,Sports,2,211.35,422.7,2026-09-04 00:02:00
TXN102664,CUST1301,North,Electronics,4,130.54,522.16,2026-09-03 10:40:00
TXN102665,CUST1063,East,Electronics,1,19.92,19.92,2026-09-04 21:29:00
TXN102666,CUST1278,Central,Electronics,1,225.96,225.96,2026-09-03 18:15:00
TXN102667,CUST1161,South,Toys,5,228.4,1142.0,2026-09-03 18:00:00
TXN102668,CUST1312,Central,Grocery,1,98.42,98.42,2026-09-02 01:16:00
TXN102669,CUST1306,West,Sports,1,243.31,243.31,2026-09-03 20:53:00
TXN102670,CUST1331,North,Apparel,5,161.11,805.55,2026-09-04 20:14:00
TXN102671,CUST1308,Central,Toys,4,179.14,716.56,2026-09-01 13:24:00
TXN102672,CUST1110,West,Home & Garden,3,35.11,105.33,2026-09-04 03:09:00
TXN102673,CUST1425,South,Home & Garden,1,148.08,148.08,2026-09-03 07:14:00
TXN102674,CUST1466,North,Grocery,4,58.99,235.96,2026-09-03 18:36:00
TXN102675,CUST1466,East,Apparel,4,243.07,972.28,2026-09-01 22:52:00
TXN102676,CUST1239,North,Grocery,4,255.2,1020.8,2026-09-02 00:13:00
TXN102677,CUST1210,North,Apparel,4,246.85,987.4,2026-09-02 03:05:00
TXN102678,CUST1476,Central,Electronics,1,191.09,191.09,2026-09-03 03:54:00
TXN102679,CUST1057,North,Sports,2,113.97,227.94,2026-09-04 04:57:00
TXN102680,CUST1015,North,Grocery,1,220.63,220.63,2026-09-03 21:32:00
TXN102681,CUST1082,North,Sports,4,268.78,1075.12,2026-09-03 17:08:00
TXN102682,CUST1497,Central,Home & Garden,3,158.97,476.91,2026-09-02 18:28:00
TXN102683,CUST1013,East,Grocery,4,280.09,1120.36,2026-09-02 01:51:00
TXN102684,CUST1047,South,Apparel,1,128.54,128.54,2026-09-03 15:42:00
TXN102685,CUST1046,North,Apparel,4,171.21,684.84,2026-09-03 19:25:00
TXN102686,CUST1343,West,Grocery,5,267.84,1339.2,2026-09-03 05:38:00
TXN102687,CUST1476,West,Toys,5,49.38,246.9,2026-09-04 18:42:00
TXN102688,CUST1060,East,Electronics,1,83.8,83.8,2026-09-03 07:45:00
TXN102689,CUST1253,Central,Toys,5,129.94,649.7,2026-09-03 13:02:00
TXN102690,CUST1413,Central,Grocery,2,57.22,114.44,2026-09-03 21:57:00
TXN102691,CUST1398,West,Grocery,2,103.33,206.66,2026-09-04 11:06:00
TXN102692,CUST1215,East,Grocery,4,58.61,234.44,2026-09-01 19:59:00
TXN102693,CUST1479,Central,Sports,4,118.2,472.8,2026-09-02 23:16:00
TXN102694,CUST1227,North,Apparel,1,83.37,83.37,2026-09-03 04:04:00
TXN102695,CUST1477,East,Grocery,5,104.72,523.6,2026-09-04 04:10:00
TXN102696,CUST1279,South,Electronics,2,248.53,497.06,2026-09-04 08:34:00
TXN102697,CUST1204,Central,Toys,5,290.46,1452.3,2026-09-02 08:34:00
TXN102698,CUST1132,West,Sports,5,72.25,361.25,2026-09-01 13:08:00
TXN102699,CUST1034,West,Electronics,2,297.23,594.46,2026-09-04 19:36:00
TXN102700,CUST1109,North,Grocery,5,250.74,1253.7,2026-09-01 09:04:00
TXN102701,CUST1208,North,Apparel,2,110.54,221.08,2026-09-02 06:45:00
TXN102702,CUST1095,South,Electronics,2,145.16,290.32,2026-09-04 00:21:00
TXN102703,CUST1399,North,Apparel,3,99.76,299.28,2026-09-01 12:21:00
TXN102704,CUST1074,East,Electronics,3,272.4,817.2,2026-09-03 09:31:00
TXN102705,CUST1446,South,Toys,5,33.72,168.6,2026-09-03 20:02:00
TXN102706,CUST1032,West,Toys,3,85.71,257.13,2026-09-04 12:54:00
TXN102707,CUST1358,East,Grocery,4,269.49,1077.96,2026-09-01 16:08:00
TXN102708,CUST1489,North,Sports,5,174.1,870.5,2026-09-01 17:34:00
TXN102709,CUST1040,West,Home & Garden,4,250.83,1003.32,2026-09-02 03:17:00
TXN102710,CUST1167,Central,Apparel,4,157.51,630.04,2026-09-01 07:53:00
TXN102711,CUST1315,Central,Grocery,4,189.84,759.36,2026-09-03 17:27:00
TXN102712,CUST1281,West,Home & Garden,2,211.17,422.34,2026-09-04 22:39:00
TXN102713,CUST1443,North,Home & Garden,5,117.44,587.2,2026-09-03 22:57:00
TXN102714,CUST1056,North,Grocery,3,178.56,535.68,2026-09-03 21:03:00
TXN102715,CUST1351,West,Home & Garden,2,218.1,436.2,2026-09-02 01:54:00
TXN102716,CUST1179,North,Electronics,2,210.61,421.22,2026-09-04 22:02:00
TXN102717,CUST1305,Central,Grocery,4,28.19,112.76,2026-09-01 07:53:00
TXN102718,CUST1499,South,Electronics,4,66.11,264.44,2026-09-03 07:26:00
TXN102719,CUST1028,West,Sports,5,175.88,879.4,2026-09-03 11:38:00
TXN102720,CUST1271,Central,Home & Garden,1,19.5,19.5,2026-09-03 04:19:00
TXN102721,CUST1442,East,Toys,2,18.85,37.7,2026-09-04 12:43:00
TXN102722,CUST1025,East,Sports,5,185.95,929.75,2026-09-04 15:26:00
TXN102723,CUST1442,East,Sports,3,52.74,158.22,2026-09-03 10:27:00
TXN102724,CUST1400,East,Home & Garden,4,105.28,421.12,2026-09-01 18:28:00
TXN102725,CUST1124,East,Home & Garden,2,61.72,123.44,2026-09-01 13:08:00
TXN102726,CUST1394,West,Home & Garden,4,263.39,1053.56,2026-09-02 20:11:00
TXN102727,CUST1309,Central,Home & Garden,3,20.99,62.97,2026-09-04 20:21:00
TXN102728,CUST1345,West,Apparel,2,277.98,555.96,2026-09-01 22:59:00
TXN102729,CUST1493,West,Sports,2,39.93,79.86,2026-09-02 09:11:00
TXN102730,CUST1068,East,Grocery,4,209.72,838.88,2026-09-04 09:25:00
TXN102731,CUST1143,North,Electronics,1,120.09,120.09,2026-09-01 02:11:00
TXN102732,CUST1264,West,Electronics,3,273.66,820.98,2026-09-03 17:51:00
TXN102733,CUST1301,Central,Sports,1,229.35,229.35,2026-09-01 03:30:00
TXN102734,CUST1040,South,Grocery,4,214.74,858.96,2026-09-02 06:55:00
TXN102735,CUST1402,North,Home & Garden,5,265.33,1326.65,2026-09-03 14:59:00
TXN102736,CUST1084,West,Electronics,4,44.8,179.2,2026-09-04 08:54:00
TXN102737,CUST1270,East,Apparel,2,220.48,440.96,2026-09-02 01:13:00
TXN102738,CUST1301,West,Grocery,4,105.93,423.72,2026-09-04 11:44:00
TXN102739,CUST1188,East,Grocery,1,141.06,141.06,2026-09-03 20:10:00
TXN102740,CUST1355,South,Grocery,2,96.38,192.76,2026-09-01 21:35:00
TXN102741,CUST1016,West,Home & Garden,3,264.2,792.6,2026-09-03 08:03:00
TXN102742,CUST1173,South,Apparel,3,197.58,592.74,2026-09-03 20:29:00
TXN102743,CUST1365,West,Home & Garden,1,37.86,37.86,2026-09-02 04:59:00
TXN102744,CUST1375,North,Sports,5,186.36,931.8,2026-09-04 21:39:00
TXN102745,CUST1340,East,Toys,4,270.85,1083.4,2026-09-04 06:15:00
TXN102746,CUST1426,Central,Grocery,2,149.34,298.68,2026-09-01 06:55:00
TXN102747,CUST1365,North,Toys,4,207.1,828.4,2026-09-01 15:22:00
TXN102748,CUST1198,South,Electronics,5,22.93,114.65,2026-09-01 19:50:00
TXN102749,CUST1311,South,Home & Garden,3,102.04,306.12,2026-09-02 01:24:00
TXN102750,CUST1457,South,Home & Garden,5,153.4,767.0,2026-09-02 08:39:00
TXN102751,CUST1471,North,Grocery,2,264.92,529.84,2026-09-01 01:54:00
TXN102752,CUST1258,East,Grocery,1,215.97,215.97,2026-09-04 14:30:00
TXN102753,CUST1130,East,Toys,1,253.56,253.56,2026-09-03 05:17:00
TXN102754,CUST1272,South,Grocery,3,82.19,246.57,2026-09-04 01:52:00
TXN102755,CUST1111,West,Toys,3,208.09,624.27,2026-09-04 19:39:00
TXN102756,CUST1305,North,Apparel,5,36.61,183.05,2026-09-03 07:41:00
TXN102757,CUST1197,Central,Grocery,5,139.67,698.35,2026-09-03 17:47:00
TXN102758,CUST1031,East,Home & Garden,5,130.55,652.75,2026-09-02 22:38:00
TXN102759,CUST1140,West,Toys,4,175.74,702.96,2026-09-02 15:06:00
TXN102760,CUST1045,Central,Grocery,2,79.87,159.74,2026-09-02 01:51:00
TXN102761,CUST1463,South,Grocery,4,214.59,858.36,2026-09-02 08:08:00
TXN102762,CUST1121,Central,Electronics,2,179.76,359.52,2026-09-02 16:15:00
TXN102763,CUST1471,South,Grocery,2,292.86,585.72,2026-09-04 00:25:00
TXN102764,CUST1285,South,Apparel,2,295.1,590.2,2026-09-01 22:36:00
TXN102765,CUST1117,South,Electronics,2,40.73,81.46,2026-09-01 00:11:00
TXN102766,CUST1194,North,Electronics,1,23.59,23.59,2026-09-04 14:27:00
TXN102767,CUST1062,North,Grocery,1,154.84,154.84,2026-09-04 22:24:00
TXN102768,CUST1407,North,Home & Garden,1,246.26,246.26,2026-09-02 11:24:00
TXN102769,CUST1475,East,Toys,1,275.59,275.59,2026-09-02 17:18:00
TXN102770,CUST1386,North,Sports,2,194.14,388.28,2026-09-01 18:32:00
TXN102771,CUST1158,West,Grocery,3,129.24,387.72,2026-09-02 06:20:00
TXN102772,CUST1101,North,Sports,3,250.46,751.38,2026-09-01 01:00:00
TXN102773,CUST1417,East,Home & Garden,4,275.22,1100.88,2026-09-01 11:52:00
TXN102774,CUST1462,North,Sports,5,116.86,584.3,2026-09-01 10:01:00
TXN102775,CUST1047,North,Electronics,4,291.87,1167.48,2026-09-04 13:17:00
TXN102776,CUST1046,South,Home & Garden,4,275.26,1101.04,2026-09-03 02:45:00
TXN102777,CUST1314,Central,Home & Garden,1,243.29,243.29,2026-09-03 03:25:00
TXN102778,CUST1287,South,Sports,5,143.48,717.4,2026-09-01 11:49:00
TXN102779,CUST1193,Central,Toys,4,166.73,666.92,2026-09-03 17:09:00
TXN102780,CUST1310,West,Electronics,5,171.56,857.8,2026-09-04 05:24:00
TXN102781,CUST1266,Central,Electronics,5,74.05,370.25,2026-09-04 17:35:00
TXN102782,CUST1186,North,Home & Garden,4,161.1,644.4,2026-09-04 19:04:00
TXN102783,CUST1039,Central,Sports,5,131.48,657.4,2026-09-03 14:54:00
TXN102784,CUST1482,North,Apparel,4,11.9,47.6,2026-09-02 04:01:00
TXN102785,CUST1493,Central,Grocery,4,264.95,1059.8,2026-09-03 14:54:00
TXN102786,CUST1154,North,Grocery,5,250.16,1250.8,2026-09-02 12:00:00
TXN102787,CUST1401,West,Home & Garden,1,229.51,229.51,2026-09-03 04:04:00
TXN102788,CUST1233,East,Toys,3,155.6,466.8,2026-09-01 14:31:00
TXN102789,CUST1197,Central,Apparel,1,202.93,202.93,2026-09-02 15:18:00
TXN102790,CUST1311,Central,Sports,1,33.49,33.49,2026-09-02 08:05:00
TXN102791,CUST1308,West,Home & Garden,2,133.54,267.08,2026-09-02 05:09:00
TXN102792,CUST1362,East,Toys,5,178.35,891.75,2026-09-04 01:51:00
TXN102793,CUST1283,East,Toys,3,83.59,250.77,2026-09-02 03:52:00
TXN102794,CUST1399,Central,Apparel,3,114.99,344.97,2026-09-01 10:27:00
TXN102795,CUST1445,East,Sports,1,254.25,254.25,2026-09-02 04:54:00
TXN102796,CUST1032,West,Apparel,1,214.54,214.54,2026-09-01 23:03:00
TXN102797,CUST1108,South,Home & Garden,3,125.95,377.85,2026-09-01 14:10:00
TXN102798,CUST1167,East,Electronics,4,297.6,1190.4,2026-09-02 17:39:00
TXN102799,CUST1134,West,Apparel,1,31.24,31.24,2026-09-02 05:44:00
TXN102800,CUST1482,Central,Home & Garden,1,45.19,45.19,2026-09-04 02:24:00
TXN102801,CUST1328,North,Electronics,1,147.03,147.03,2026-09-01 11:35:00
TXN102802,CUST1432,West,Electronics,1,174.44,174.44,2026-09-01 19:11:00
TXN102803,CUST1450,North,Toys,1,97.92,97.92,2026-09-04 02:47:00
TXN102804,CUST1291,South,Apparel,3,72.09,216.27,2026-09-04 01:52:00
TXN102805,CUST1160,North,Electronics,1,14.68,14.68,2026-09-01 13:37:00
TXN102806,CUST1402,East,Grocery,4,80.65,322.6,2026-09-01 16:36:00
TXN102807,CUST1408,Central,Grocery,3,211.24,633.72,2026-09-02 20:09:00
TXN102808,CUST1067,Central,Home & Garden,4,126.9,507.6,2026-09-02 13:22:00
TXN102809,CUST1375,North,Grocery,3,287.18,861.54,2026-09-01 13:53:00
TXN102810,CUST1159,Central,Electronics,5,278.08,1390.4,2026-09-04 06:51:00
TXN102811,CUST1170,North,Apparel,2,271.0,542.0,2026-09-01 01:16:00
TXN102812,CUST1093,North,Sports,3,233.53,700.59,2026-09-04 07:43:00
TXN102813,CUST1268,South,Home & Garden,3,67.93,203.79,2026-09-03 14:16:00
TXN102814,CUST1139,Central,Sports,2,129.1,258.2,2026-09-01 12:55:00
TXN102815,CUST1280,South,Toys,1,224.87,224.87,2026-09-04 06:37:00
TXN102816,CUST1495,South,Home & Garden,3,267.84,803.52,2026-09-02 17:19:00
TXN102817,CUST1070,Central,Electronics,2,117.87,235.74,2026-09-03 12:58:00
TXN102818,CUST1141,North,Sports,3,103.53,310.59,2026-09-04 14:59:00
TXN102819,CUST1186,West,Apparel,3,137.45,412.35,2026-09-03 11:05:00
TXN102820,CUST1276,East,Home & Garden,2,171.55,343.1,2026-09-01 19:02:00
TXN102821,CUST1341,Central,Electronics,1,17.54,17.54,2026-09-03 23:01:00
TXN102822,CUST1398,Central,Sports,2,34.42,68.84,2026-09-01 03:29:00
TXN102823,CUST1412,East,Toys,1,182.3,182.3,2026-09-01 04:21:00
TXN102824,CUST1090,South,Toys,4,206.18,824.72,2026-09-01 21:44:00
TXN102825,CUST1418,East,Toys,1,124.81,124.81,2026-09-03 07:20:00
TXN102826,CUST1069,South,Sports,1,206.36,206.36,2026-09-01 02:42:00
TXN102827,CUST1080,West,Toys,3,236.56,709.68,2026-09-03 01:00:00
TXN102828,CUST1441,South,Home & Garden,1,28.29,28.29,2026-09-01 10:13:00
TXN102829,CUST1144,North,Sports,5,81.59,407.95,2026-09-03 01:28:00
TXN102830,CUST1304,Central,Electronics,1,230.67,230.67,2026-09-02 04:29:00
TXN102831,CUST1467,South,Toys,3,213.95,641.85,2026-09-03 20:01:00
TXN102832,CUST1318,South,Home & Garden,1,19.2,19.2,2026-09-04 09:43:00
TXN102833,CUST1178,South,Electronics,1,64.96,64.96,2026-09-01 00:17:00
TXN102834,CUST1277,East,Toys,2,131.38,262.76,2026-09-03 02:04:00
TXN102835,CUST1450,Central,Grocery,5,273.41,1367.05,2026-09-02 20:21:00
TXN102836,CUST1384,South,Home & Garden,2,288.15,576.3,2026-09-03 11:48:00
TXN102837,CUST1036,North,Electronics,5,105.44,527.2,2026-09-01 11:24:00
TXN102838,CUST1203,Central,Sports,4,289.31,1157.24,2026-09-01 20:01:00
TXN102839,CUST1244,East,Electronics,5,22.34,111.7,2026-09-04 22:28:00
TXN102840,CUST1064,South,Toys,2,298.85,597.7,2026-09-03 22:43:00
TXN102841,CUST1357,East,Apparel,2,173.23,346.46,2026-09-03 09:37:00
TXN102842,CUST1388,South,Home & Garden,1,5.82,5.82,2026-09-04 14:24:00
TXN102843,CUST1424,North,Electronics,3,7.37,22.11,2026-09-02 20:22:00
TXN102844,CUST1066,West,Apparel,4,67.69,270.76,2026-09-04 10:16:00
TXN102845,CUST1031,South,Toys,3,36.2,108.6,2026-09-03 05:37:00
TXN102846,CUST1113,East,Home & Garden,5,212.22,1061.1,2026-09-02 07:50:00
TXN102847,CUST1329,West,Toys,1,25.57,25.57,2026-09-01 18:02:00
TXN102848,CUST1491,Central,Grocery,1,110.07,110.07,2026-09-01 20:48:00
TXN102849,CUST1453,North,Electronics,4,155.58,622.32,2026-09-02 00:09:00
TXN102850,CUST1474,North,Home & Garden,4,120.81,483.24,2026-09-02 04:39:00
TXN102851,CUST1448,Central,Grocery,3,287.52,862.56,2026-09-04 10:48:00
TXN102852,CUST1303,Central,Sports,5,138.09,690.45,2026-09-02 02:10:00
TXN102853,CUST1123,West,Toys,3,54.41,163.23,2026-09-01 07:53:00
TXN102854,CUST1181,Central,Apparel,2,240.22,480.44,2026-09-02 14:23:00
TXN102855,CUST1305,South,Electronics,1,80.47,80.47,2026-09-04 00:44:00
TXN102856,CUST1365,Central,Electronics,4,38.79,155.16,2026-09-03 05:14:00
TXN102857,CUST1407,Central,Toys,2,60.77,121.54,2026-09-02 03:41:00
TXN102858,CUST1465,West,Toys,2,24.92,49.84,2026-09-01 16:36:00
TXN102859,CUST1395,North,Grocery,1,207.49,207.49,2026-09-01 13:06:00
TXN102860,CUST1281,North,Toys,4,67.37,269.48,2026-09-03 10:35:00
TXN102861,CUST1085,North,Sports,5,264.81,1324.05,2026-09-04 22:30:00
TXN102862,CUST1121,West,Grocery,5,157.45,787.25,2026-09-01 10:58:00
TXN102863,CUST1311,South,Grocery,5,258.13,1290.65,2026-09-01 17:24:00
TXN102864,CUST1169,East,Electronics,5,146.48,732.4,2026-09-02 16:17:00
TXN102865,CUST1386,West,Apparel,1,298.65,298.65,2026-09-02 05:46:00
TXN102866,CUST1274,South,Toys,1,20.92,20.92,2026-09-02 19:18:00
TXN102867,CUST1045,East,Home & Garden,2,44.9,89.8,2026-09-02 01:16:00
TXN102868,CUST1473,Central,Toys,4,296.28,1185.12,2026-09-02 23:08:00
TXN102869,CUST1363,South,Toys,1,24.48,24.48,2026-09-03 18:38:00
TXN102870,CUST1324,South,Electronics,1,203.57,203.57,2026-09-01 04:02:00
TXN102871,CUST1067,South,Toys,3,281.45,844.35,2026-09-02 07:54:00
TXN102872,CUST1052,South,Home & Garden,4,151.92,607.68,2026-09-02 22:56:00
TXN102873,CUST1213,East,Electronics,2,17.22,34.44,2026-09-02 16:05:00
TXN102874,CUST1422,North,Home & Garden,4,79.77,319.08,2026-09-02 00:43:00
TXN102875,CUST1182,West,Grocery,5,73.09,365.45,2026-09-04 14:29:00
TXN102876,CUST1036,North,Toys,1,185.28,185.28,2026-09-02 04:49:00
TXN102877,CUST1452,North,Sports,2,297.25,594.5,2026-09-01 13:43:00
TXN102878,CUST1383,Central,Apparel,3,116.55,349.65,2026-09-01 05:37:00
TXN102879,CUST1431,Central,Home & Garden,1,283.51,283.51,2026-09-01 08:15:00
TXN102880,CUST1290,North,Apparel,1,187.93,187.93,2026-09-04 05:09:00
TXN102881,CUST1187,West,Grocery,1,128.84,128.84,2026-09-01 16:03:00
TXN102882,CUST1488,North,Sports,3,290.81,872.43,2026-09-04 12:29:00
TXN102883,CUST1262,West,Home & Garden,2,211.63,423.26,2026-09-02 02:36:00
TXN102884,CUST1335,North,Sports,3,22.83,68.49,2026-09-03 08:19:00
TXN102885,CUST1309,South,Toys,4,120.5,482.0,2026-09-02 21:19:00
TXN102886,CUST1331,Central,Sports,2,172.43,344.86,2026-09-03 00:19:00
TXN102887,CUST1068,West,Electronics,2,138.82,277.64,2026-09-02 05:24:00
TXN102888,CUST1402,West,Toys,1,92.18,92.18,2026-09-02 08:13:00
TXN102889,CUST1356,East,Home & Garden,2,276.29,552.58,2026-09-03 20:35:00
TXN102890,CUST1252,Central,Toys,2,34.92,69.84,2026-09-01 17:47:00
TXN102891,CUST1122,East,Toys,5,33.94,169.7,2026-09-04 04:40:00
TXN102892,CUST1102,Central,Home & Garden,1,199.11,199.11,2026-09-04 08:14:00
TXN102893,CUST1455,East,Toys,2,266.77,533.54,2026-09-03 14:11:00
TXN102894,CUST1133,South,Electronics,1,112.58,112.58,2026-09-02 07:15:00
TXN102895,CUST1255,West,Electronics,2,27.88,55.76,2026-09-03 21:33:00
TXN102896,CUST1239,West,Toys,3,294.14,882.42,2026-09-03 11:55:00
TXN102897,CUST1232,West,Grocery,5,204.17,1020.85,2026-09-04 10:50:00
TXN102898,CUST1495,South,Sports,3,217.91,653.73,2026-09-03 06:23:00
TXN102899,CUST1476,Central,Grocery,3,171.47,514.41,2026-09-03 12:24:00
TXN102900,CUST1463,East,Apparel,4,288.87,1155.48,2026-09-01 13:13:00
TXN102901,CUST1274,North,Grocery,1,57.24,57.24,2026-09-03 11:01:00
TXN102902,CUST1417,East,Apparel,3,277.96,833.88,2026-09-03 16:05:00
TXN102903,CUST1195,West,Home & Garden,4,180.8,723.2,2026-09-03 11:36:00
TXN102904,CUST1445,East,Apparel,4,58.61,234.44,2026-09-02 00:29:00
TXN102905,CUST1197,North,Home & Garden,2,113.54,227.08,2026-09-01 08:11:00
TXN102906,CUST1298,South,Apparel,1,299.32,299.32,2026-09-03 20:34:00
TXN102907,CUST1162,East,Apparel,2,282.58,565.16,2026-09-01 09:49:00
TXN102908,CUST1394,West,Apparel,1,138.58,138.58,2026-09-04 07:42:00
TXN102909,CUST1330,North,Sports,1,288.51,288.51,2026-09-01 00:34:00
TXN102910,CUST1061,North,Home & Garden,5,247.48,1237.4,2026-09-02 04:59:00
TXN102911,CUST1107,East,Toys,5,136.76,683.8,2026-09-03 10:10:00
TXN102912,CUST1463,Central,Sports,3,223.04,669.12,2026-09-02 13:56:00
TXN102913,CUST1254,South,Toys,3,83.78,251.34,2026-09-04 01:07:00
TXN102914,CUST1210,East,Toys,2,261.56,523.12,2026-09-01 22:33:00
TXN102915,CUST1067,Central,Sports,2,70.66,141.32,2026-09-04 14:28:00
TXN102916,CUST1239,North,Electronics,4,206.18,824.72,2026-09-04 06:12:00
TXN102917,CUST1182,South,Sports,3,273.75,821.25,2026-09-01 20:44:00
TXN102918,CUST1265,North,Electronics,5,23.55,117.75,2026-09-03 10:41:00
TXN102919,CUST1373,South,Electronics,1,276.63,276.63,2026-09-04 21:11:00
TXN102920,CUST1484,South,Electronics,3,59.96,179.88,2026-09-04 21:54:00
TXN102921,CUST1354,North,Apparel,4,12.81,51.24,2026-09-03 07:36:00
TXN102922,CUST1465,North,Apparel,4,161.08,644.32,2026-09-01 15:10:00
TXN102923,CUST1078,Central,Sports,1,63.44,63.44,2026-09-03 11:45:00
TXN102924,CUST1095,Central,Toys,2,272.41,544.82,2026-09-01 19:41:00
TXN102925,CUST1191,Central,Home & Garden,4,236.31,945.24,2026-09-03 04:46:00
TXN102926,CUST1327,West,Apparel,2,273.32,546.64,2026-09-02 05:09:00
TXN102927,CUST1186,West,Toys,5,61.08,305.4,2026-09-02 00:18:00
TXN102928,CUST1216,West,Electronics,2,235.65,471.3,2026-09-02 04:14:00
TXN102929,CUST1046,North,Grocery,5,108.25,541.25,2026-09-01 15:25:00
TXN102930,CUST1254,North,Grocery,4,18.44,73.76,2026-09-02 12:38:00
TXN102931,CUST1050,North,Sports,2,249.78,499.56,2026-09-02 12:02:00
TXN102932,CUST1432,Central,Apparel,1,51.01,51.01,2026-09-01 11:41:00
TXN102933,CUST1493,West,Toys,5,204.94,1024.7,2026-09-02 22:05:00
TXN102934,CUST1132,West,Sports,4,277.3,1109.2,2026-09-03 17:55:00
TXN102935,CUST1107,South,Toys,2,100.67,201.34,2026-09-03 04:09:00
TXN102936,CUST1008,North,Grocery,2,46.78,93.56,2026-09-02 22:32:00
TXN102937,CUST1343,Central,Apparel,3,79.86,239.58,2026-09-02 11:35:00
TXN102938,CUST1193,South,Grocery,2,57.7,115.4,2026-09-03 12:03:00
TXN102939,CUST1426,West,Apparel,3,67.26,201.78,2026-09-01 12:15:00
TXN102940,CUST1139,West,Toys,1,257.25,257.25,2026-09-01 17:03:00
TXN102941,CUST1342,East,Apparel,4,86.36,345.44,2026-09-02 00:31:00
TXN102942,CUST1165,South,Electronics,5,285.18,1425.9,2026-09-01 20:35:00
TXN102943,CUST1338,North,Grocery,1,69.83,69.83,2026-09-04 05:25:00
TXN102944,CUST1368,West,Toys,3,200.87,602.61,2026-09-02 18:53:00
TXN102945,CUST1404,West,Electronics,3,118.9,356.7,2026-09-03 23:17:00
TXN102946,CUST1320,North,Home & Garden,3,98.93,296.79,2026-09-01 05:59:00
TXN102947,CUST1289,East,Home & Garden,1,131.3,131.3,2026-09-03 02:04:00
TXN102948,CUST1192,Central,Apparel,4,85.13,340.52,2026-09-01 18:46:00
TXN102949,CUST1094,North,Sports,5,99.71,498.55,2026-09-04 11:51:00
TXN102950,CUST1222,South,Toys,1,244.31,244.31,2026-09-01 08:10:00
TXN102951,CUST1373,North,Apparel,1,25.98,25.98,2026-09-04 03:08:00
TXN102952,CUST1384,West,Grocery,3,26.62,79.86,2026-09-02 18:15:00
TXN102953,CUST1289,Central,Sports,4,141.51,566.04,2026-09-04 12:02:00
TXN102954,CUST1247,South,Electronics,2,26.89,53.78,2026-09-04 15:57:00
TXN102955,CUST1333,West,Toys,5,295.6,1478.0,2026-09-02 04:28:00
TXN102956,CUST1493,Central,Grocery,1,140.81,140.81,2026-09-03 22:36:00
TXN102957,CUST1430,South,Toys,5,145.17,725.85,2026-09-04 11:15:00
TXN102958,CUST1308,North,Toys,5,270.53,1352.65,2026-09-03 06:07:00
TXN102959,CUST1344,Central,Toys,4,102.0,408.0,2026-09-02 00:32:00
TXN102960,CUST1081,North,Grocery,3,58.6,175.8,2026-09-01 04:02:00
TXN102961,CUST1413,West,Home & Garden,1,108.83,108.83,2026-09-01 11:31:00
TXN102962,CUST1003,North,Electronics,3,171.1,513.3,2026-09-04 09:30:00
TXN102963,CUST1158,Central,Toys,2,129.16,258.32,2026-09-04 12:19:00
TXN102964,CUST1303,West,Home & Garden,4,151.44,605.76,2026-09-03 18:28:00
TXN102965,CUST1177,West,Toys,1,128.84,128.84,2026-09-02 12:56:00
TXN102966,CUST1208,South,Home & Garden,1,80.79,80.79,2026-09-03 01:01:00
TXN102967,CUST1301,West,Home & Garden,3,211.21,633.63,2026-09-04 06:02:00
TXN102968,CUST1040,North,Toys,5,130.85,654.25,2026-09-02 14:28:00
TXN102969,CUST1194,South,Home & Garden,5,196.77,983.85,2026-09-02 18:44:00
TXN102970,CUST1368,North,Apparel,2,19.62,39.24,2026-09-03 18:29:00
TXN102971,CUST1236,West,Toys,3,108.18,324.54,2026-09-02 16:10:00
TXN102972,CUST1160,Central,Home & Garden,2,130.84,261.68,2026-09-02 02:54:00
TXN102973,CUST1178,East,Sports,5,188.13,940.65,2026-09-03 19:25:00
TXN102974,CUST1461,East,Toys,4,78.16,312.64,2026-09-03 08:55:00
TXN102975,CUST1459,East,Grocery,2,95.68,191.36,2026-09-03 02:50:00
TXN102976,CUST1426,East,Home & Garden,1,121.68,121.68,2026-09-02 19:15:00
TXN102977,CUST1138,West,Home & Garden,5,138.01,690.05,2026-09-02 18:56:00
TXN102978,CUST1024,Central,Home & Garden,1,160.12,160.12,2026-09-02 04:14:00
TXN102979,CUST1111,Central,Toys,5,128.94,644.7,2026-09-04 23:59:00
TXN102980,CUST1080,North,Electronics,5,194.55,972.75,2026-09-03 03:15:00
TXN102981,CUST1058,West,Electronics,5,136.44,682.2,2026-09-01 22:11:00
TXN102982,CUST1322,West,Home & Garden,4,101.41,405.64,2026-09-03 06:18:00
TXN102983,CUST1125,North,Electronics,3,144.42,433.26,2026-09-02 04:02:00
TXN102984,CUST1475,North,Apparel,3,87.05,261.15,2026-09-04 09:24:00
TXN102985,CUST1459,East,Electronics,5,70.92,354.6,2026-09-01 00:09:00
TXN102986,CUST1236,East,Sports,2,234.74,469.48,2026-09-02 23:55:00
TXN102987,CUST1298,East,Toys,3,160.99,482.97,2026-09-04 06:21:00
TXN102988,CUST1293,Central,Apparel,4,289.33,1157.32,2026-09-04 02:59:00
TXN102989,CUST1096,East,Toys,1,82.02,82.02,2026-09-03 17:19:00
TXN102990,CUST1114,Central,Grocery,3,121.98,365.94,2026-09-02 02:04:00
TXN102991,CUST1093,South,Sports,3,19.18,57.54,2026-09-02 09:56:00
TXN102992,CUST1127,South,Home & Garden,2,280.17,560.34,2026-09-02 01:54:00
TXN102993,CUST1335,North,Electronics,4,91.36,365.44,2026-09-03 13:13:00
TXN102994,CUST1212,Central,Toys,3,73.44,220.32,2026-09-04 22:37:00
TXN102995,CUST1405,East,Toys,4,235.52,942.08,2026-09-01 01:35:00
TXN102996,CUST1298,North,Apparel,2,172.88,345.76,2026-09-03 12:48:00
TXN102997,CUST1146,North,Sports,1,195.76,195.76,2026-09-04 14:56:00
TXN102998,CUST1430,East,Electronics,3,60.56,181.68,2026-09-01 09:13:00
TXN102999,CUST1082,Central,Grocery,2,72.37,144.74,2026-09-03 01:10:00
TXN103000,CUST1384,East,Toys,3,129.53,388.59,2026-09-03 05:28:00
TXN103001,CUST1319,South,Electronics,2,63.7,127.4,2026-09-02 16:09:00
TXN103002,CUST1055,South,Apparel,2,9.79,19.58,2026-09-03 12:36:00
TXN103003,CUST1209,West,Sports,1,72.77,72.77,2026-09-02 06:16:00
TXN103004,CUST1219,West,Home & Garden,1,221.55,221.55,2026-09-01 21:57:00
TXN103005,CUST1244,Central,Grocery,1,134.07,134.07,2026-09-04 04:49:00
TXN103006,CUST1383,North,Apparel,3,226.52,679.56,2026-09-03 07:57:00
TXN103007,CUST1482,South,Apparel,3,194.32,582.96,2026-09-02 01:05:00
TXN103008,CUST1120,North,Apparel,5,169.06,845.3,2026-09-03 15:10:00
TXN103009,CUST1276,East,Sports,3,216.44,649.32,2026-09-02 01:08:00
TXN103010,CUST1367,South,Apparel,1,284.23,284.23,2026-09-01 02:29:00
TXN103011,CUST1416,West,Home & Garden,2,91.34,182.68,2026-09-03 01:28:00
TXN103012,CUST1325,West,Home & Garden,5,141.46,707.3,2026-09-01 15:41:00
TXN103013,CUST1197,East,Toys,3,127.11,381.33,2026-09-02 08:03:00
TXN103014,CUST1346,West,Toys,5,72.08,360.4,2026-09-04 04:50:00
TXN103015,CUST1162,Central,Electronics,2,105.15,210.3,2026-09-01 05:09:00
TXN103016,CUST1388,Central,Home & Garden,5,235.67,1178.35,2026-09-03 12:25:00
TXN103017,CUST1127,South,Sports,3,274.88,824.64,2026-09-02 07:31:00
TXN103018,CUST1066,North,Electronics,5,231.98,1159.9,2026-09-01 05:06:00
TXN103019,CUST1120,East,Toys,1,40.17,40.17,2026-09-04 16:02:00
TXN103020,CUST1456,North,Sports,5,127.7,638.5,2026-09-01 21:58:00
TXN103021,CUST1018,South,Grocery,1,259.57,259.57,2026-09-04 09:44:00
TXN103022,CUST1091,Central,Home & Garden,2,108.99,217.98,2026-09-03 22:22:00
TXN103023,CUST1463,West,Sports,1,150.73,150.73,2026-09-02 05:09:00
TXN103024,CUST1010,East,Home & Garden,3,78.68,236.04,2026-09-04 05:10:00
TXN103025,CUST1347,East,Toys,2,47.58,95.16,2026-09-04 05:24:00
TXN103026,CUST1099,North,Toys,3,179.38,538.14,2026-09-04 06:58:00
TXN103027,CUST1154,West,Electronics,5,245.85,1229.25,2026-09-02 09:18:00
TXN103028,CUST1297,East,Electronics,3,153.15,459.45,2026-09-04 16:38:00
TXN103029,CUST1191,Central,Toys,3,142.06,426.18,2026-09-02 00:55:00
TXN103030,CUST1392,East,Apparel,4,230.96,923.84,2026-09-03 02:39:00
TXN103031,CUST1324,South,Apparel,4,151.57,606.28,2026-09-02 12:27:00
TXN103032,CUST1094,West,Sports,5,223.62,1118.1,2026-09-04 07:17:00
TXN103033,CUST1183,Central,Apparel,4,99.08,396.32,2026-09-02 05:58:00
TXN103034,CUST1042,South,Grocery,1,128.42,128.42,2026-09-04 11:34:00
TXN103035,CUST1474,South,Apparel,2,13.19,26.38,2026-09-03 18:46:00
TXN103036,CUST1442,West,Apparel,5,89.32,446.6,2026-09-01 10:59:00
TXN103037,CUST1340,Central,Sports,1,49.73,49.73,2026-09-03 10:48:00
TXN103038,CUST1415,South,Toys,2,133.59,267.18,2026-09-04 21:46:00
TXN103039,CUST1488,South,Electronics,4,55.85,223.4,2026-09-03 21:48:00
TXN103040,CUST1319,Central,Electronics,4,116.21,464.84,2026-09-03 21:16:00
TXN103041,CUST1054,South,Toys,5,105.19,525.95,2026-09-02 06:46:00
TXN103042,CUST1293,Central,Apparel,5,229.28,1146.4,2026-09-01 01:17:00
TXN103043,CUST1077,North,Apparel,2,23.95,47.9,2026-09-01 05:54:00
TXN103044,CUST1466,North,Toys,1,114.77,114.77,2026-09-03 16:42:00
TXN103045,CUST1274,West,Sports,3,163.81,491.43,2026-09-04 17:26:00
TXN103046,CUST1271,East,Home & Garden,3,268.62,805.86,2026-09-01 18:07:00
TXN103047,CUST1384,South,Toys,5,163.48,817.4,2026-09-04 09:19:00
TXN103048,CUST1475,Central,Sports,1,17.56,17.56,2026-09-04 05:36:00
TXN103049,CUST1160,Central,Home & Garden,4,193.29,773.16,2026-09-04 07:53:00
TXN103050,CUST1159,North,Grocery,4,193.15,772.6,2026-09-03 12:47:00
TXN103051,CUST1092,North,Grocery,4,218.65,874.6,2026-09-02 09:42:00
TXN103052,CUST1038,South,Apparel,2,215.88,431.76,2026-09-04 04:11:00
TXN103053,CUST1083,Central,Home & Garden,1,95.16,95.16,2026-09-01 01:18:00
TXN103054,CUST1248,Central,Grocery,5,69.0,345.0,2026-09-01 09:46:00
TXN103055,CUST1389,West,Grocery,1,31.56,31.56,2026-09-04 04:52:00
TXN103056,CUST1269,North,Toys,5,180.25,901.25,2026-09-03 18:44:00
TXN103057,CUST1281,North,Electronics,2,156.54,313.08,2026-09-02 03:47:00
TXN103058,CUST1377,South,Toys,2,263.18,526.36,2026-09-04 13:01:00
TXN103059,CUST1082,Central,Home & Garden,1,23.4,23.4,2026-09-03 06:47:00
TXN103060,CUST1164,North,Home & Garden,2,165.47,330.94,2026-09-02 03:00:00
TXN103061,CUST1000,East,Grocery,2,84.7,169.4,2026-09-02 17:45:00
TXN103062,CUST1289,Central,Electronics,2,277.85,555.7,2026-09-02 21:49:00
TXN103063,CUST1234,West,Apparel,1,138.08,138.08,2026-09-04 05:52:00
TXN103064,CUST1457,West,Toys,2,57.31,114.62,2026-09-02 16:39:00
TXN103065,CUST1382,North,Grocery,2,68.27,136.54,2026-09-04 13:57:00
TXN103066,CUST1232,North,Apparel,3,192.32,576.96,2026-09-04 05:25:00
TXN103067,CUST1097,South,Toys,4,167.88,671.52,2026-09-01 00:04:00
TXN103068,CUST1311,South,Electronics,5,238.38,1191.9,2026-09-02 07:45:00
TXN103069,CUST1095,West,Toys,5,255.5,1277.5,2026-09-02 11:57:00
TXN103070,CUST1166,North,Sports,5,219.86,1099.3,2026-09-01 16:30:00
TXN103071,CUST1216,East,Grocery,4,150.44,601.76,2026-09-01 20:02:00
TXN103072,CUST1136,South,Electronics,2,6.85,13.7,2026-09-01 20:52:00
TXN103073,CUST1235,Central,Toys,5,42.59,212.95,2026-09-04 13:07:00
TXN103074,CUST1273,South,Grocery,1,108.94,108.94,2026-09-04 18:54:00
TXN103075,CUST1345,North,Toys,3,108.23,324.69,2026-09-04 05:47:00
TXN103076,CUST1488,West,Grocery,2,211.94,423.88,2026-09-04 11:44:00
TXN103077,CUST1048,South,Home & Garden,4,230.3,921.2,2026-09-03 18:53:00
TXN103078,CUST1114,Central,Home & Garden,4,65.22,260.88,2026-09-02 10:20:00
TXN103079,CUST1152,South,Grocery,4,190.34,761.36,2026-09-01 14:47:00
TXN103080,CUST1073,Central,Sports,5,11.63,58.15,2026-09-03 20:30:00
TXN103081,CUST1224,Central,Grocery,4,179.13,716.52,2026-09-03 02:48:00
TXN103082,CUST1304,West,Home & Garden,4,147.91,591.64,2026-09-01 17:50:00
TXN103083,CUST1435,Central,Home & Garden,4,80.2,320.8,2026-09-03 21:39:00
TXN103084,CUST1258,East,Electronics,4,86.36,345.44,2026-09-02 19:51:00
TXN103085,CUST1483,East,Apparel,4,141.3,565.2,2026-09-03 14:33:00
TXN103086,CUST1397,Central,Grocery,4,221.26,885.04,2026-09-01 12:18:00
TXN103087,CUST1309,South,Toys,1,83.24,83.24,2026-09-03 00:50:00
TXN103088,CUST1060,North,Apparel,5,242.83,1214.15,2026-09-01 10:10:00
TXN103089,CUST1204,East,Grocery,4,46.16,184.64,2026-09-04 01:25:00
TXN103090,CUST1138,Central,Home & Garden,5,271.01,1355.05,2026-09-01 17:11:00
TXN103091,CUST1449,Central,Grocery,3,158.42,475.26,2026-09-02 00:35:00
TXN103092,CUST1156,Central,Grocery,5,61.04,305.2,2026-09-01 10:30:00
TXN103093,CUST1437,North,Grocery,2,187.56,375.12,2026-09-04 08:53:00
TXN103094,CUST1473,West,Home & Garden,3,127.72,383.16,2026-09-02 00:09:00
TXN103095,CUST1176,West,Toys,1,18.94,18.94,2026-09-02 01:43:00
TXN103096,CUST1008,East,Sports,4,35.04,140.16,2026-09-03 20:13:00
TXN103097,CUST1422,West,Grocery,3,33.64,100.92,2026-09-03 18:12:00
TXN103098,CUST1245,North,Toys,3,132.44,397.32,2026-09-01 16:48:00
TXN103099,CUST1329,North,Electronics,1,161.59,161.59,2026-09-02 13:56:00
TXN103100,CUST1454,North,Electronics,1,191.15,191.15,2026-09-02 13:23:00
TXN103101,CUST1067,Central,Grocery,2,85.06,170.12,2026-09-03 09:16:00
TXN103102,CUST1488,West,Grocery,1,121.05,121.05,2026-09-03 21:21:00
TXN103103,CUST1481,North,Sports,4,246.46,985.84,2026-09-03 05:19:00
TXN103104,CUST1466,East,Grocery,2,237.28,474.56,2026-09-02 03:20:00
TXN103105,CUST1477,West,Apparel,5,133.68,668.4,2026-09-04 04:20:00
TXN103106,CUST1004,East,Apparel,2,281.99,563.98,2026-09-02 03:38:00
TXN103107,CUST1015,East,Sports,2,279.9,559.8,2026-09-03 14:50:00
TXN103108,CUST1147,East,Home & Garden,3,146.72,440.16,2026-09-04 09:34:00
TXN103109,CUST1049,South,Grocery,5,70.74,353.7,2026-09-04 10:10:00
TXN103110,CUST1147,East,Toys,2,97.2,194.4,2026-09-04 02:08:00
TXN103111,CUST1441,Central,Electronics,3,69.36,208.08,2026-09-02 22:53:00
TXN103112,CUST1094,North,Electronics,1,223.6,223.6,2026-09-04 04:42:00
TXN103113,CUST1253,South,Sports,4,74.86,299.44,2026-09-02 20:29:00
TXN103114,CUST1284,East,Toys,3,163.14,489.42,2026-09-02 19:22:00
TXN103115,CUST1342,East,Apparel,3,168.47,505.41,2026-09-02 05:37:00
TXN103116,CUST1059,Central,Home & Garden,3,46.28,138.84,2026-09-03 03:25:00
TXN103117,CUST1028,East,Electronics,4,113.63,454.52,2026-09-01 14:04:00
TXN103118,CUST1306,North,Home & Garden,5,256.25,1281.25,2026-09-01 11:19:00
TXN103119,CUST1391,East,Toys,4,138.96,555.84,2026-09-03 15:14:00
TXN103120,CUST1447,Central,Toys,2,110.2,220.4,2026-09-02 09:28:00
TXN103121,CUST1297,East,Toys,3,38.08,114.24,2026-09-04 03:22:00
TXN103122,CUST1461,Central,Apparel,5,140.54,702.7,2026-09-03 09:54:00
TXN103123,CUST1015,South,Apparel,1,103.34,103.34,2026-09-04 16:34:00
TXN103124,CUST1403,North,Toys,1,161.31,161.31,2026-09-04 02:55:00
TXN103125,CUST1019,Central,Sports,2,75.7,151.4,2026-09-02 13:59:00
TXN103126,CUST1180,South,Sports,5,162.81,814.05,2026-09-02 17:04:00
TXN103127,CUST1284,West,Apparel,5,145.19,725.95,2026-09-01 09:52:00
TXN103128,CUST1227,East,Sports,3,206.86,620.58,2026-09-03 05:07:00
TXN103129,CUST1115,West,Grocery,3,250.36,751.08,2026-09-02 10:46:00
TXN103130,CUST1351,West,Apparel,1,34.95,34.95,2026-09-01 11:27:00
TXN103131,CUST1376,West,Sports,3,87.37,262.11,2026-09-04 15:05:00
TXN103132,CUST1033,East,Apparel,4,280.39,1121.56,2026-09-04 18:59:00
TXN103133,CUST1294,East,Sports,2,245.02,490.04,2026-09-02 18:38:00
TXN103134,CUST1300,Central,Grocery,4,82.29,329.16,2026-09-03 01:39:00
TXN103135,CUST1304,Central,Home & Garden,1,208.4,208.4,2026-09-01 01:34:00
TXN103136,CUST1119,East,Apparel,4,72.22,288.88,2026-09-01 17:57:00
TXN103137,CUST1148,East,Apparel,1,212.76,212.76,2026-09-04 21:33:00
TXN103138,CUST1480,Central,Toys,3,120.01,360.03,2026-09-03 19:48:00
TXN103139,CUST1466,East,Sports,4,176.94,707.76,2026-09-04 05:35:00
TXN103140,CUST1484,Central,Toys,3,192.36,577.08,2026-09-03 16:08:00
TXN103141,CUST1036,West,Toys,1,253.56,253.56,2026-09-01 05:09:00
TXN103142,CUST1270,Central,Apparel,5,141.51,707.55,2026-09-01 04:19:00
TXN103143,CUST1007,East,Grocery,5,272.65,1363.25,2026-09-04 02:29:00
TXN103144,CUST1050,East,Apparel,5,93.28,466.4,2026-09-03 10:51:00
TXN103145,CUST1267,North,Electronics,4,151.42,605.68,2026-09-02 16:25:00
TXN103146,CUST1257,East,Sports,2,219.21,438.42,2026-09-01 06:33:00
TXN103147,CUST1312,West,Grocery,5,38.65,193.25,2026-09-01 18:15:00
TXN103148,CUST1454,North,Toys,1,86.16,86.16,2026-09-03 18:00:00
TXN103149,CUST1239,Central,Electronics,5,198.72,993.6,2026-09-02 03:28:00
TXN103150,CUST1106,South,Home & Garden,3,98.11,294.33,2026-09-04 13:37:00
TXN103151,CUST1275,North,Toys,1,190.26,190.26,2026-09-03 23:32:00
TXN103152,CUST1099,South,Toys,4,288.55,1154.2,2026-09-01 21:20:00
TXN103153,CUST1123,Central,Electronics,4,10.89,43.56,2026-09-01 03:36:00
TXN103154,CUST1157,South,Toys,1,78.34,78.34,2026-09-02 18:30:00
TXN103155,CUST1021,Central,Electronics,3,108.12,324.36,2026-09-02 23:27:00
TXN103156,CUST1062,North,Home & Garden,5,101.79,508.95,2026-09-01 16:45:00
TXN103157,CUST1365,West,Apparel,3,22.99,68.97,2026-09-02 09:13:00
TXN103158,CUST1402,Central,Sports,4,25.56,102.24,2026-09-03 22:50:00
TXN103159,CUST1225,North,Apparel,2,116.84,233.68,2026-09-04 04:58:00
TXN103160,CUST1107,East,Apparel,3,155.35,466.05,2026-09-04 18:15:00
TXN103161,CUST1278,East,Sports,5,22.8,114.0,2026-09-01 20:21:00
TXN103162,CUST1126,North,Toys,1,113.18,113.18,2026-09-03 14:42:00
TXN103163,CUST1249,Central,Apparel,3,258.93,776.79,2026-09-04 07:37:00
TXN103164,CUST1148,South,Sports,3,107.28,321.84,2026-09-01 03:24:00
TXN103165,CUST1122,West,Sports,5,17.56,87.8,2026-09-02 16:58:00
TXN103166,CUST1215,West,Sports,2,139.8,279.6,2026-09-02 17:38:00
TXN103167,CUST1266,North,Sports,1,106.22,106.22,2026-09-02 09:11:00
TXN103168,CUST1457,North,Grocery,3,80.65,241.95,2026-09-04 02:02:00
TXN103169,CUST1104,East,Grocery,4,287.88,1151.52,2026-09-03 20:57:00
TXN103170,CUST1493,North,Electronics,3,125.83,377.49,2026-09-03 01:23:00
TXN103171,CUST1109,North,Home & Garden,2,202.44,404.88,2026-09-01 04:31:00
TXN103172,CUST1478,Central,Electronics,2,148.55,297.1,2026-09-02 13:08:00
TXN103173,CUST1270,Central,Apparel,3,191.96,575.88,2026-09-03 14:07:00
TXN103174,CUST1210,Central,Electronics,5,98.51,492.55,2026-09-02 00:36:00
TXN103175,CUST1440,Central,Toys,4,151.11,604.44,2026-09-03 22:48:00
TXN103176,CUST1390,East,Grocery,1,173.05,173.05,2026-09-02 16:34:00
TXN103177,CUST1491,East,Electronics,5,139.03,695.15,2026-09-03 10:48:00
TXN103178,CUST1457,West,Apparel,2,250.19,500.38,2026-09-03 17:47:00
TXN103179,CUST1328,West,Grocery,4,41.37,165.48,2026-09-03 06:01:00
TXN103180,CUST1426,East,Toys,5,295.61,1478.05,2026-09-01 12:53:00
TXN103181,CUST1389,Central,Electronics,1,64.91,64.91,2026-09-02 18:32:00
TXN103182,CUST1382,East,Grocery,5,150.56,752.8,2026-09-04 14:41:00
TXN103183,CUST1389,West,Sports,2,221.03,442.06,2026-09-02 12:18:00
TXN103184,CUST1004,Central,Electronics,1,249.67,249.67,2026-09-01 07:45:00
TXN103185,CUST1422,West,Electronics,5,274.38,1371.9,2026-09-03 06:32:00
TXN103186,CUST1135,South,Electronics,2,165.76,331.52,2026-09-04 04:22:00
TXN103187,CUST1043,Central,Electronics,3,25.01,75.03,2026-09-02 07:57:00
TXN103188,CUST1388,East,Electronics,3,137.81,413.43,2026-09-02 00:17:00
TXN103189,CUST1429,East,Electronics,1,21.7,21.7,2026-09-04 22:37:00
TXN103190,CUST1122,Central,Toys,5,68.45,342.25,2026-09-03 11:49:00
TXN103191,CUST1158,North,Toys,1,22.55,22.55,2026-09-04 22:39:00
TXN103192,CUST1014,Central,Toys,2,47.54,95.08,2026-09-03 17:29:00
TXN103193,CUST1477,Central,Sports,5,145.03,725.15,2026-09-04 08:55:00
TXN103194,CUST1431,East,Apparel,2,59.08,118.16,2026-09-03 02:31:00
TXN103195,CUST1344,South,Apparel,2,90.44,180.88,2026-09-03 22:41:00
TXN103196,CUST1156,West,Grocery,4,34.41,137.64,2026-09-01 01:12:00
TXN103197,CUST1243,North,Apparel,4,34.27,137.08,2026-09-04 06:03:00
TXN103198,CUST1476,South,Electronics,5,122.81,614.05,2026-09-02 01:59:00
TXN103199,CUST1410,West,Toys,1,180.39,180.39,2026-09-02 12:57:00
TXN103200,CUST1490,Central,Grocery,2,25.67,51.34,2026-09-03 06:26:00
TXN103201,CUST1160,North,Electronics,1,7.94,7.94,2026-09-04 15:38:00
TXN103202,CUST1288,North,Electronics,1,151.01,151.01,2026-09-02 10:51:00
TXN103203,CUST1385,North,Toys,4,68.78,275.12,2026-09-04 02:12:00
TXN103204,CUST1276,West,Grocery,4,55.64,222.56,2026-09-01 03:13:00
TXN103205,CUST1199,West,Apparel,1,224.26,224.26,2026-09-04 02:41:00
TXN103206,CUST1472,East,Toys,2,40.39,80.78,2026-09-03 10:55:00
TXN103207,CUST1085,Central,Electronics,4,238.74,954.96,2026-09-04 03:36:00
TXN103208,CUST1125,West,Electronics,4,251.1,1004.4,2026-09-04 08:19:00
TXN103209,CUST1402,South,Apparel,2,248.39,496.78,2026-09-03 09:54:00
TXN103210,CUST1175,South,Apparel,3,47.55,142.65,2026-09-04 00:09:00
TXN103211,CUST1467,North,Grocery,5,84.61,423.05,2026-09-01 04:46:00
TXN103212,CUST1092,West,Grocery,3,95.0,285.0,2026-09-04 15:56:00
TXN103213,CUST1320,East,Home & Garden,1,66.43,66.43,2026-09-02 13:41:00
TXN103214,CUST1040,West,Grocery,1,71.27,71.27,2026-09-02 15:26:00
TXN103215,CUST1138,East,Toys,3,217.46,652.38,2026-09-01 21:08:00
TXN103216,CUST1018,South,Electronics,3,177.38,532.14,2026-09-03 03:24:00
TXN103217,CUST1274,Central,Electronics,1,174.62,174.62,2026-09-01 10:59:00
TXN103218,CUST1375,Central,Grocery,2,242.6,485.2,2026-09-04 22:18:00
TXN103219,CUST1215,South,Apparel,4,80.31,321.24,2026-09-04 16:43:00
TXN103220,CUST1269,East,Home & Garden,4,116.91,467.64,2026-09-01 00:32:00
TXN103221,CUST1336,Central,Electronics,4,81.35,325.4,2026-09-02 14:52:00
TXN103222,CUST1317,Central,Apparel,5,37.31,186.55,2026-09-01 15:18:00
TXN103223,CUST1292,Central,Apparel,1,133.97,133.97,2026-09-01 01:25:00
TXN103224,CUST1166,South,Home & Garden,4,184.34,737.36,2026-09-02 06:50:00
TXN103225,CUST1483,North,Grocery,5,84.36,421.8,2026-09-04 08:28:00
TXN103226,CUST1221,South,Apparel,2,39.59,79.18,2026-09-04 10:17:00
TXN103227,CUST1372,West,Toys,1,54.61,54.61,2026-09-02 06:47:00
TXN103228,CUST1449,South,Apparel,2,260.53,521.06,2026-09-03 10:00:00
TXN103229,CUST1192,South,Home & Garden,1,22.98,22.98,2026-09-01 17:33:00
TXN103230,CUST1001,Central,Grocery,4,138.76,555.04,2026-09-01 19:00:00
TXN103231,CUST1060,West,Electronics,5,231.59,1157.95,2026-09-01 03:16:00
TXN103232,CUST1385,South,Apparel,1,176.0,176.0,2026-09-01 12:36:00
TXN103233,CUST1425,Central,Toys,2,207.23,414.46,2026-09-02 14:47:00
TXN103234,CUST1316,North,Sports,5,283.8,1419.0,2026-09-04 23:45:00
TXN103235,CUST1431,North,Grocery,1,164.82,164.82,2026-09-03 09:34:00
TXN103236,CUST1020,North,Electronics,4,146.61,586.44,2026-09-03 12:15:00
TXN103237,CUST1127,West,Electronics,5,245.7,1228.5,2026-09-03 21:14:00
TXN103238,CUST1475,North,Grocery,1,218.29,218.29,2026-09-02 14:05:00
TXN103239,CUST1168,Central,Apparel,1,98.91,98.91,2026-09-03 22:16:00
TXN103240,CUST1096,East,Toys,5,289.04,1445.2,2026-09-03 04:01:00
TXN103241,CUST1122,East,Sports,1,25.18,25.18,2026-09-02 10:48:00
TXN103242,CUST1310,Central,Home & Garden,4,13.84,55.36,2026-09-03 12:36:00
TXN103243,CUST1226,South,Toys,3,176.69,530.07,2026-09-03 12:27:00
TXN103244,CUST1329,North,Apparel,1,33.17,33.17,2026-09-02 08:56:00
TXN103245,CUST1113,Central,Sports,5,273.52,1367.6,2026-09-02 04:41:00
TXN103246,CUST1492,West,Apparel,5,277.12,1385.6,2026-09-03 00:09:00
TXN103247,CUST1352,East,Apparel,1,161.61,161.61,2026-09-01 15:16:00
TXN103248,CUST1210,East,Apparel,4,72.08,288.32,2026-09-03 20:12:00
TXN103249,CUST1150,North,Apparel,2,106.61,213.22,2026-09-04 00:00:00
TXN103250,CUST1169,North,Grocery,5,32.94,164.7,2026-09-02 17:44:00
TXN103251,CUST1402,East,Home & Garden,1,207.55,207.55,2026-09-01 20:11:00
TXN103252,CUST1016,North,Sports,5,10.28,51.4,2026-09-04 03:56:00
TXN103253,CUST1209,North,Electronics,5,56.0,280.0,2026-09-01 08:27:00
TXN103254,CUST1234,North,Electronics,1,42.7,42.7,2026-09-02 16:09:00
TXN103255,CUST1065,Central,Toys,1,218.4,218.4,2026-09-02 06:57:00
TXN103256,CUST1335,East,Grocery,4,25.25,101.0,2026-09-01 04:01:00
TXN103257,CUST1166,South,Toys,3,8.4,25.2,2026-09-04 13:48:00
TXN103258,CUST1090,South,Sports,3,97.06,291.18,2026-09-01 09:41:00
TXN103259,CUST1494,North,Electronics,4,296.33,1185.32,2026-09-03 12:52:00
TXN103260,CUST1255,South,Toys,5,30.99,154.95,2026-09-02 00:23:00
TXN103261,CUST1179,Central,Sports,3,150.09,450.27,2026-09-02 08:15:00
TXN103262,CUST1083,East,Electronics,1,149.89,149.89,2026-09-04 17:10:00
TXN103263,CUST1001,Central,Sports,2,248.68,497.36,2026-09-02 12:28:00
TXN103264,CUST1357,West,Apparel,4,212.56,850.24,2026-09-04 11:59:00
TXN103265,CUST1226,West,Grocery,2,86.44,172.88,2026-09-01 19:56:00
TXN103266,CUST1242,West,Electronics,4,155.64,622.56,2026-09-03 19:18:00
TXN103267,CUST1018,West,Electronics,2,175.56,351.12,2026-09-02 11:00:00
TXN103268,CUST1064,South,Home & Garden,5,94.48,472.4,2026-09-04 09:09:00
TXN103269,CUST1371,West,Toys,3,244.45,733.35,2026-09-03 01:19:00
TXN103270,CUST1172,West,Home & Garden,4,166.57,666.28,2026-09-01 04:05:00
TXN103271,CUST1131,Central,Apparel,5,222.79,1113.95,2026-09-03 05:22:00
TXN103272,CUST1419,North,Electronics,1,291.12,291.12,2026-09-03 09:41:00
TXN103273,CUST1281,North,Grocery,1,202.82,202.82,2026-09-04 06:34:00
TXN103274,CUST1119,East,Apparel,2,141.76,283.52,2026-09-01 21:27:00
TXN103275,CUST1442,Central,Apparel,3,204.76,614.28,2026-09-03 16:55:00
TXN103276,CUST1214,Central,Electronics,1,160.83,160.83,2026-09-03 18:51:00
TXN103277,CUST1050,North,Electronics,4,124.52,498.08,2026-09-01 11:54:00
TXN103278,CUST1336,East,Electronics,2,31.88,63.76,2026-09-03 09:12:00
TXN103279,CUST1205,North,Home & Garden,2,77.9,155.8,2026-09-01 03:45:00
TXN103280,CUST1484,South,Sports,5,224.47,1122.35,2026-09-04 00:52:00
TXN103281,CUST1103,South,Electronics,2,34.64,69.28,2026-09-04 01:03:00
TXN103282,CUST1303,Central,Grocery,2,35.99,71.98,2026-09-04 17:52:00
TXN103283,CUST1107,East,Sports,1,28.65,28.65,2026-09-03 01:00:00
TXN103284,CUST1301,West,Toys,1,76.01,76.01,2026-09-04 23:06:00
TXN103285,CUST1198,South,Home & Garden,5,127.41,637.05,2026-09-01 20:48:00
TXN103286,CUST1132,North,Grocery,5,293.44,1467.2,2026-09-01 23:32:00
TXN103287,CUST1444,East,Electronics,3,254.39,763.17,2026-09-04 16:21:00
TXN103288,CUST1172,Central,Apparel,1,27.73,27.73,2026-09-04 10:14:00
TXN103289,CUST1346,West,Grocery,1,11.68,11.68,2026-09-02 17:33:00
TXN103290,CUST1028,South,Sports,1,144.14,144.14,2026-09-04 19:48:00
TXN103291,CUST1282,Central,Electronics,1,283.92,283.92,2026-09-01 13:01:00
TXN103292,CUST1103,Central,Grocery,5,143.64,718.2,2026-09-02 04:57:00
TXN103293,CUST1101,West,Home & Garden,4,79.14,316.56,2026-09-04 03:34:00
TXN103294,CUST1054,North,Apparel,2,16.89,33.78,2026-09-04 17:55:00
TXN103295,CUST1443,Central,Electronics,3,166.37,499.11,2026-09-03 11:29:00
TXN103296,CUST1150,South,Apparel,1,55.07,55.07,2026-09-03 21:55:00
TXN103297,CUST1062,West,Grocery,2,263.52,527.04,2026-09-02 05:52:00
TXN103298,CUST1390,West,Grocery,1,237.86,237.86,2026-09-04 19:42:00
TXN103299,CUST1241,North,Sports,3,254.84,764.52,2026-09-03 12:42:00
TXN103300,CUST1317,North,Apparel,4,206.26,825.04,2026-09-03 02:27:00
TXN103301,CUST1481,South,Electronics,5,255.66,1278.3,2026-09-03 22:47:00
TXN103302,CUST1152,South,Sports,3,21.2,63.6,2026-09-01 13:57:00
TXN103303,CUST1186,North,Toys,1,6.3,6.3,2026-09-01 06:12:00
TXN103304,CUST1108,North,Grocery,5,231.22,1156.1,2026-09-02 09:54:00
TXN103305,CUST1437,East,Grocery,5,260.38,1301.9,2026-09-02 09:34:00
TXN103306,CUST1054,West,Grocery,1,70.02,70.02,2026-09-01 09:58:00
TXN103307,CUST1075,North,Home & Garden,1,245.14,245.14,2026-09-03 07:02:00
TXN103308,CUST1198,East,Sports,1,116.23,116.23,2026-09-03 22:35:00
TXN103309,CUST1281,North,Electronics,2,73.17,146.34,2026-09-03 07:19:00
TXN103310,CUST1255,West,Home & Garden,1,101.13,101.13,2026-09-01 08:58:00
TXN103311,CUST1241,South,Grocery,2,149.72,299.44,2026-09-04 03:20:00
TXN103312,CUST1394,North,Sports,3,99.68,299.04,2026-09-01 04:34:00
TXN103313,CUST1303,East,Grocery,4,102.21,408.84,2026-09-01 04:14:00
TXN103314,CUST1079,West,Toys,4,154.47,617.88,2026-09-03 11:16:00
TXN103315,CUST1375,West,Electronics,1,229.92,229.92,2026-09-04 05:14:00
TXN103316,CUST1377,East,Home & Garden,2,92.21,184.42,2026-09-03 13:48:00
TXN103317,CUST1183,North,Sports,4,233.08,932.32,2026-09-04 04:02:00
TXN103318,CUST1256,West,Electronics,1,13.06,13.06,2026-09-02 01:52:00
TXN103319,CUST1272,South,Sports,3,118.36,355.08,2026-09-03 20:30:00
TXN103320,CUST1116,Central,Electronics,1,68.87,68.87,2026-09-04 10:19:00
TXN103321,CUST1154,Central,Home & Garden,2,267.16,534.32,2026-09-03 02:53:00
TXN103322,CUST1288,South,Home & Garden,4,203.16,812.64,2026-09-04 01:10:00
TXN103323,CUST1206,South,Sports,3,232.32,696.96,2026-09-04 21:33:00
TXN103324,CUST1213,West,Home & Garden,2,168.73,337.46,2026-09-03 01:28:00
TXN103325,CUST1073,West,Electronics,2,8.03,16.06,2026-09-04 21:13:00
TXN103326,CUST1495,West,Sports,2,283.21,566.42,2026-09-02 23:35:00
TXN103327,CUST1111,Central,Sports,4,209.03,836.12,2026-09-03 19:08:00
TXN103328,CUST1343,North,Home & Garden,5,251.59,1257.95,2026-09-01 13:57:00
TXN103329,CUST1119,South,Electronics,5,275.96,1379.8,2026-09-04 18:43:00
TXN103330,CUST1177,North,Toys,3,235.15,705.45,2026-09-02 08:00:00
TXN103331,CUST1295,West,Toys,5,283.36,1416.8,2026-09-02 15:12:00
TXN103332,CUST1230,West,Home & Garden,1,287.31,287.31,2026-09-03 19:54:00
TXN103333,CUST1029,West,Grocery,1,97.71,97.71,2026-09-03 13:28:00
TXN103334,CUST1176,East,Apparel,5,265.14,1325.7,2026-09-04 22:21:00
TXN103335,CUST1400,Central,Home & Garden,4,255.91,1023.64,2026-09-01 07:53:00
TXN103336,CUST1206,South,Sports,2,254.3,508.6,2026-09-04 06:55:00
TXN103337,CUST1075,West,Electronics,2,58.18,116.36,2026-09-02 05:41:00
TXN103338,CUST1454,West,Sports,1,229.67,229.67,2026-09-04 11:41:00
TXN103339,CUST1084,North,Home & Garden,5,40.6,203.0,2026-09-04 03:27:00
TXN103340,CUST1137,Central,Sports,2,186.95,373.9,2026-09-03 03:18:00
TXN103341,CUST1481,North,Sports,5,168.27,841.35,2026-09-01 11:11:00
TXN103342,CUST1460,South,Toys,5,7.32,36.6,2026-09-02 05:01:00
TXN103343,CUST1136,South,Toys,4,298.5,1194.0,2026-09-01 03:56:00
TXN103344,CUST1279,North,Electronics,4,84.25,337.0,2026-09-01 01:27:00
TXN103345,CUST1041,West,Apparel,4,142.04,568.16,2026-09-01 06:51:00
TXN103346,CUST1005,North,Home & Garden,4,266.69,1066.76,2026-09-01 10:43:00
TXN103347,CUST1234,South,Home & Garden,5,63.49,317.45,2026-09-02 13:53:00
TXN103348,CUST1413,West,Apparel,3,116.14,348.42,2026-09-02 03:55:00
TXN103349,CUST1468,Central,Electronics,5,87.2,436.0,2026-09-04 13:15:00
TXN103350,CUST1387,East,Home & Garden,5,70.58,352.9,2026-09-01 23:25:00
TXN103351,CUST1313,Central,Home & Garden,1,51.1,51.1,2026-09-03 19:46:00
TXN103352,CUST1115,South,Sports,1,211.17,211.17,2026-09-02 23:38:00
TXN103353,CUST1440,North,Apparel,2,297.44,594.88,2026-09-04 05:34:00
TXN103354,CUST1333,North,Home & Garden,5,39.77,198.85,2026-09-04 07:22:00
TXN103355,CUST1220,West,Sports,5,246.05,1230.25,2026-09-01 04:53:00
TXN103356,CUST1085,Central,Toys,4,195.54,782.16,2026-09-02 14:55:00
TXN103357,CUST1135,Central,Toys,3,109.99,329.97,2026-09-02 18:31:00
TXN103358,CUST1258,Central,Sports,5,115.22,576.1,2026-09-04 23:00:00
TXN103359,CUST1186,West,Electronics,3,245.74,737.22,2026-09-04 23:31:00
TXN103360,CUST1472,North,Grocery,2,18.16,36.32,2026-09-01 21:45:00
TXN103361,CUST1039,East,Home & Garden,2,180.53,361.06,2026-09-02 05:49:00
TXN103362,CUST1293,North,Grocery,2,187.81,375.62,2026-09-03 08:34:00
TXN103363,CUST1126,South,Apparel,2,56.14,112.28,2026-09-02 11:12:00
TXN103364,CUST1020,South,Home & Garden,1,287.43,287.43,2026-09-02 11:04:00
TXN103365,CUST1452,South,Home & Garden,3,106.5,319.5,2026-09-01 03:39:00
TXN103366,CUST1207,Central,Grocery,3,101.93,305.79,2026-09-01 07:54:00
TXN103367,CUST1106,Central,Apparel,5,243.52,1217.6,2026-09-03 22:50:00
TXN103368,CUST1126,West,Apparel,2,61.86,123.72,2026-09-02 09:54:00
TXN103369,CUST1177,Central,Toys,5,130.89,654.45,2026-09-01 17:01:00
TXN103370,CUST1425,East,Home & Garden,5,299.95,1499.75,2026-09-02 03:08:00
TXN103371,CUST1170,Central,Sports,1,52.7,52.7,2026-09-01 14:49:00
TXN103372,CUST1073,South,Sports,3,272.76,818.28,2026-09-02 01:07:00
TXN103373,CUST1301,East,Home & Garden,4,63.44,253.76,2026-09-04 14:19:00
TXN103374,CUST1304,East,Toys,2,24.34,48.68,2026-09-01 12:11:00
TXN103375,CUST1407,North,Grocery,1,172.08,172.08,2026-09-04 10:39:00
TXN103376,CUST1117,North,Sports,2,58.34,116.68,2026-09-04 02:44:00
TXN103377,CUST1437,East,Sports,3,73.48,220.44,2026-09-04 04:27:00
TXN103378,CUST1052,South,Toys,3,49.59,148.77,2026-09-04 08:24:00
TXN103379,CUST1414,South,Electronics,1,267.66,267.66,2026-09-04 03:28:00
TXN103380,CUST1450,Central,Home & Garden,1,173.47,173.47,2026-09-02 21:47:00
TXN103381,CUST1085,North,Electronics,3,263.0,789.0,2026-09-03 01:12:00
TXN103382,CUST1162,North,Home & Garden,3,208.87,626.61,2026-09-03 11:00:00
TXN103383,CUST1327,North,Home & Garden,2,217.34,434.68,2026-09-02 03:37:00
TXN103384,CUST1226,West,Grocery,2,201.53,403.06,2026-09-01 16:54:00
TXN103385,CUST1498,South,Home & Garden,4,193.12,772.48,2026-09-03 14:38:00
TXN103386,CUST1279,South,Toys,3,258.69,776.07,2026-09-02 02:32:00
TXN103387,CUST1276,North,Grocery,3,190.34,571.02,2026-09-03 22:59:00
TXN103388,CUST1277,West,Sports,2,222.11,444.22,2026-09-01 09:49:00
TXN103389,CUST1492,South,Apparel,1,132.27,132.27,2026-09-04 18:12:00
TXN103390,CUST1183,Central,Electronics,2,178.73,357.46,2026-09-04 11:06:00
TXN103391,CUST1029,Central,Home & Garden,2,105.39,210.78,2026-09-03 13:17:00
TXN103392,CUST1271,South,Toys,5,236.75,1183.75,2026-09-03 23:33:00
TXN103393,CUST1363,West,Apparel,5,55.68,278.4,2026-09-03 22:27:00
TXN103394,CUST1136,West,Sports,4,237.62,950.48,2026-09-01 23:32:00
TXN103395,CUST1473,South,Toys,2,199.25,398.5,2026-09-02 11:19:00
TXN103396,CUST1086,Central,Apparel,3,222.45,667.35,2026-09-01 18:25:00
TXN103397,CUST1054,Central,Apparel,2,59.15,118.3,2026-09-03 00:48:00
TXN103398,CUST1452,East,Sports,3,220.15,660.45,2026-09-04 05:48:00
TXN103399,CUST1128,South,Toys,2,167.98,335.96,2026-09-02 18:48:00
TXN103400,CUST1472,East,Electronics,1,31.74,31.74,2026-09-02 05:15:00
TXN103401,CUST1403,North,Grocery,3,173.07,519.21,2026-09-02 19:00:00
TXN103402,CUST1209,West,Electronics,4,121.35,485.4,2026-09-04 01:08:00
TXN103403,CUST1184,West,Apparel,3,275.98,827.94,2026-09-03 01:37:00
TXN103404,CUST1009,South,Grocery,2,24.69,49.38,2026-09-03 20:02:00
TXN103405,CUST1125,East,Apparel,1,19.72,19.72,2026-09-01 18:14:00
TXN103406,CUST1428,West,Electronics,5,187.66,938.3,2026-09-02 05:19:00
TXN103407,CUST1002,North,Sports,1,285.14,285.14,2026-09-02 12:54:00
TXN103408,CUST1337,North,Home & Garden,1,279.87,279.87,2026-09-02 14:31:00
TXN103409,CUST1214,North,Sports,4,87.89,351.56,2026-09-01 21:47:00
TXN103410,CUST1362,Central,Toys,4,261.74,1046.96,2026-09-04 09:13:00
TXN103411,CUST1088,South,Home & Garden,3,8.05,24.15,2026-09-03 07:29:00
TXN103412,CUST1438,South,Toys,4,31.59,126.36,2026-09-04 21:09:00
TXN103413,CUST1006,Central,Home & Garden,1,65.65,65.65,2026-09-02 13:07:00
TXN103414,CUST1480,South,Toys,3,215.2,645.6,2026-09-04 09:08:00
TXN103415,CUST1468,South,Sports,1,119.78,119.78,2026-09-03 09:07:00
TXN103416,CUST1244,West,Electronics,2,141.86,283.72,2026-09-04 16:23:00
TXN103417,CUST1149,South,Grocery,4,258.3,1033.2,2026-09-02 08:38:00
TXN103418,CUST1167,East,Electronics,1,246.54,246.54,2026-09-04 02:30:00
TXN103419,CUST1433,West,Grocery,5,167.39,836.95,2026-09-01 02:53:00
TXN103420,CUST1093,North,Apparel,5,171.57,857.85,2026-09-02 09:44:00
TXN103421,CUST1395,East,Electronics,3,170.31,510.93,2026-09-04 09:17:00
TXN103422,CUST1399,East,Apparel,4,54.62,218.48,2026-09-03 11:27:00
TXN103423,CUST1389,North,Apparel,5,248.05,1240.25,2026-09-03 14:36:00
TXN103424,CUST1193,South,Sports,3,262.87,788.61,2026-09-03 23:14:00
TXN103425,CUST1088,South,Grocery,5,172.51,862.55,2026-09-03 22:29:00
TXN103426,CUST1006,North,Grocery,4,221.51,886.04,2026-09-03 02:41:00
TXN103427,CUST1160,West,Toys,3,72.01,216.03,2026-09-03 20:56:00
TXN103428,CUST1120,East,Grocery,3,56.44,169.32,2026-09-04 23:17:00
TXN103429,CUST1112,West,Grocery,5,9.72,48.6,2026-09-01 18:49:00
TXN103430,CUST1250,West,Toys,1,82.25,82.25,2026-09-04 01:19:00
TXN103431,CUST1267,East,Home & Garden,1,91.61,91.61,2026-09-04 16:58:00
TXN103432,CUST1042,Central,Sports,2,139.83,279.66,2026-09-04 23:24:00
TXN103433,CUST1239,South,Toys,3,264.15,792.45,2026-09-03 13:54:00
TXN103434,CUST1414,North,Home & Garden,4,227.73,910.92,2026-09-04 17:59:00
TXN103435,CUST1418,Central,Toys,3,265.27,795.81,2026-09-01 16:23:00
TXN103436,CUST1243,South,Grocery,5,173.52,867.6,2026-09-01 04:28:00
TXN103437,CUST1357,West,Toys,1,8.27,8.27,2026-09-03 10:02:00
TXN103438,CUST1210,West,Electronics,5,118.59,592.95,2026-09-03 07:23:00
TXN103439,CUST1227,East,Sports,3,270.33,810.99,2026-09-02 22:15:00
TXN103440,CUST1247,West,Toys,5,155.21,776.05,2026-09-02 00:25:00
TXN103441,CUST1405,North,Grocery,2,11.56,23.12,2026-09-04 15:44:00
TXN103442,CUST1454,West,Grocery,2,59.0,118.0,2026-09-02 13:26:00
TXN103443,CUST1260,Central,Sports,3,233.95,701.85,2026-09-01 16:28:00
TXN103444,CUST1413,North,Sports,3,69.32,207.96,2026-09-03 21:38:00
TXN103445,CUST1348,South,Toys,4,226.67,906.68,2026-09-04 06:19:00
TXN103446,CUST1379,East,Toys,5,209.61,1048.05,2026-09-04 12:01:00
TXN103447,CUST1071,North,Toys,3,255.21,765.63,2026-09-03 18:08:00
TXN103448,CUST1039,Central,Sports,4,22.31,89.24,2026-09-04 22:48:00
TXN103449,CUST1429,North,Electronics,4,13.77,55.08,2026-09-04 06:11:00
TXN103450,CUST1483,Central,Grocery,4,230.09,920.36,2026-09-01 15:12:00
TXN103451,CUST1417,Central,Apparel,2,231.19,462.38,2026-09-01 21:36:00
TXN103452,CUST1165,South,Apparel,4,40.4,161.6,2026-09-02 13:44:00
TXN103453,CUST1421,East,Grocery,4,31.68,126.72,2026-09-01 17:27:00
TXN103454,CUST1105,Central,Grocery,3,55.63,166.89,2026-09-03 05:01:00
TXN103455,CUST1121,East,Home & Garden,2,291.88,583.76,2026-09-01 21:49:00
TXN103456,CUST1396,Central,Grocery,5,209.24,1046.2,2026-09-01 09:22:00
TXN103457,CUST1032,Central,Home & Garden,4,137.64,550.56,2026-09-04 19:11:00
TXN103458,CUST1310,Central,Apparel,5,134.56,672.8,2026-09-01 11:16:00
TXN103459,CUST1125,North,Toys,3,73.44,220.32,2026-09-03 21:50:00
TXN103460,CUST1275,North,Sports,2,235.93,471.86,2026-09-01 14:46:00
TXN103461,CUST1192,East,Toys,4,153.09,612.36,2026-09-01 12:40:00
TXN103462,CUST1296,North,Electronics,2,204.95,409.9,2026-09-03 20:33:00
TXN103463,CUST1370,South,Toys,4,196.89,787.56,2026-09-03 18:58:00
TXN103464,CUST1396,North,Electronics,5,32.48,162.4,2026-09-01 06:28:00
TXN103465,CUST1152,North,Sports,4,21.05,84.2,2026-09-02 13:40:00
TXN103466,CUST1459,North,Sports,1,65.06,65.06,2026-09-01 16:40:00
TXN103467,CUST1281,South,Toys,2,123.62,247.24,2026-09-02 19:26:00
TXN103468,CUST1435,North,Sports,3,250.71,752.13,2026-09-03 00:42:00
TXN103469,CUST1328,West,Toys,2,157.32,314.64,2026-09-03 18:11:00
TXN103470,CUST1216,Central,Toys,3,31.2,93.6,2026-09-04 17:00:00
TXN103471,CUST1409,West,Sports,1,217.17,217.17,2026-09-04 03:10:00
TXN103472,CUST1430,North,Apparel,4,44.07,176.28,2026-09-01 16:08:00
TXN103473,CUST1411,South,Sports,5,40.41,202.05,2026-09-01 20:48:00
TXN103474,CUST1111,East,Grocery,2,203.39,406.78,2026-09-03 08:17:00
TXN103475,CUST1171,Central,Toys,4,190.91,763.64,2026-09-02 20:16:00
TXN103476,CUST1376,East,Toys,4,270.5,1082.0,2026-09-01 05:00:00
TXN103477,CUST1305,North,Grocery,2,92.99,185.98,2026-09-03 06:26:00
TXN103478,CUST1186,South,Electronics,1,281.94,281.94,2026-09-02 07:29:00
TXN103479,CUST1207,North,Apparel,2,167.64,335.28,2026-09-03 18:28:00
TXN103480,CUST1470,East,Apparel,5,116.13,580.65,2026-09-04 00:08:00
TXN103481,CUST1181,South,Toys,4,98.88,395.52,2026-09-03 01:22:00
TXN103482,CUST1417,West,Home & Garden,4,80.47,321.88,2026-09-01 22:34:00
TXN103483,CUST1359,East,Grocery,3,205.5,616.5,2026-09-02 12:52:00
TXN103484,CUST1231,West,Apparel,5,48.33,241.65,2026-09-03 22:36:00
TXN103485,CUST1101,South,Apparel,5,113.98,569.9,2026-09-04 13:09:00
TXN103486,CUST1397,Central,Grocery,4,16.34,65.36,2026-09-04 14:38:00
TXN103487,CUST1297,East,Grocery,4,88.69,354.76,2026-09-01 04:23:00
TXN103488,CUST1025,East,Apparel,4,290.5,1162.0,2026-09-02 04:47:00
TXN103489,CUST1288,Central,Apparel,5,159.71,798.55,2026-09-02 05:26:00
TXN103490,CUST1485,Central,Grocery,1,118.23,118.23,2026-09-04 02:29:00
TXN103491,CUST1302,Central,Toys,4,57.19,228.76,2026-09-03 12:39:00
TXN103492,CUST1384,Central,Toys,2,178.46,356.92,2026-09-02 06:20:00
TXN103493,CUST1237,West,Sports,4,260.22,1040.88,2026-09-04 17:32:00
TXN103494,CUST1062,South,Home & Garden,5,60.25,301.25,2026-09-04 00:19:00
TXN103495,CUST1126,North,Home & Garden,5,55.94,279.7,2026-09-03 19:52:00
TXN103496,CUST1079,South,Sports,2,182.92,365.84,2026-09-02 19:05:00
TXN103497,CUST1025,West,Sports,1,13.65,13.65,2026-09-01 09:19:00
TXN103498,CUST1333,South,Electronics,2,252.82,505.64,2026-09-01 09:47:00
TXN103499,CUST1060,North,Apparel,3,220.67,662.01,2026-09-01 06:19:00
TXN103500,CUST1461,Central,Sports,5,244.4,1222.0,2026-09-04 10:09:00
TXN103501,CUST1426,West,Home & Garden,2,14.79,29.58,2026-09-04 20:20:00
TXN103502,CUST1005,East,Grocery,2,223.97,447.94,2026-09-02 09:58:00
TXN103503,CUST1425,South,Electronics,2,21.41,42.82,2026-09-02 07:21:00
TXN103504,CUST1482,North,Grocery,5,280.08,1400.4,2026-09-04 13:38:00
TXN103505,CUST1480,Central,Grocery,3,169.82,509.46,2026-09-04 04:58:00
TXN103506,CUST1067,North,Electronics,1,196.47,196.47,2026-09-03 12:34:00
TXN103507,CUST1001,West,Grocery,4,199.37,797.48,2026-09-02 20:59:00
TXN103508,CUST1245,South,Toys,4,125.67,502.68,2026-09-04 18:21:00
TXN103509,CUST1407,East,Sports,3,255.62,766.86,2026-09-01 09:15:00
TXN103510,CUST1493,North,Toys,3,40.55,121.65,2026-09-02 10:14:00
TXN103511,CUST1006,North,Sports,2,147.24,294.48,2026-09-03 12:06:00
TXN103512,CUST1496,East,Electronics,4,151.28,605.12,2026-09-02 02:31:00
TXN103513,CUST1355,East,Grocery,2,128.62,257.24,2026-09-02 01:09:00
TXN103514,CUST1264,West,Apparel,5,181.3,906.5,2026-09-01 18:12:00
TXN103515,CUST1094,East,Home & Garden,2,140.59,281.18,2026-09-02 09:46:00
TXN103516,CUST1000,East,Sports,3,254.76,764.28,2026-09-03 17:38:00
TXN103517,CUST1115,East,Electronics,4,12.57,50.28,2026-09-04 04:49:00
TXN103518,CUST1039,Central,Electronics,1,209.09,209.09,2026-09-04 13:20:00
TXN103519,CUST1355,South,Toys,4,190.81,763.24,2026-09-03 02:30:00
TXN103520,CUST1180,West,Apparel,2,259.84,519.68,2026-09-03 02:17:00
TXN103521,CUST1181,Central,Electronics,3,15.93,47.79,2026-09-01 17:50:00
TXN103522,CUST1413,North,Home & Garden,3,107.16,321.48,2026-09-01 23:47:00
TXN103523,CUST1127,Central,Toys,4,81.87,327.48,2026-09-04 21:23:00
TXN103524,CUST1420,West,Electronics,1,276.94,276.94,2026-09-01 20:31:00
TXN103525,CUST1159,East,Home & Garden,1,89.09,89.09,2026-09-02 00:45:00
TXN103526,CUST1472,Central,Apparel,1,164.17,164.17,2026-09-01 07:38:00
TXN103527,CUST1301,West,Sports,2,29.02,58.04,2026-09-01 21:13:00
TXN103528,CUST1190,Central,Grocery,2,231.32,462.64,2026-09-01 07:32:00
TXN103529,CUST1380,North,Toys,4,206.93,827.72,2026-09-03 20:44:00
TXN103530,CUST1164,South,Grocery,4,162.58,650.32,2026-09-01 04:25:00
TXN103531,CUST1223,Central,Apparel,3,31.71,95.13,2026-09-04 09:44:00
TXN103532,CUST1067,South,Electronics,2,218.1,436.2,2026-09-03 23:26:00
TXN103533,CUST1435,North,Grocery,2,183.45,366.9,2026-09-04 09:16:00
TXN103534,CUST1258,Central,Grocery,5,270.5,1352.5,2026-09-04 15:02:00
TXN103535,CUST1021,North,Grocery,4,297.76,1191.04,2026-09-01 19:10:00
TXN103536,CUST1047,South,Toys,5,32.33,161.65,2026-09-03 07:05:00
TXN103537,CUST1171,Central,Home & Garden,2,244.17,488.34,2026-09-04 03:06:00
TXN103538,CUST1409,West,Apparel,5,104.86,524.3,2026-09-01 10:10:00
TXN103539,CUST1206,North,Home & Garden,2,199.15,398.3,2026-09-01 19:41:00
TXN103540,CUST1160,South,Grocery,4,240.62,962.48,2026-09-02 04:01:00
TXN103541,CUST1186,East,Home & Garden,4,205.05,820.2,2026-09-04 15:17:00
TXN103542,CUST1456,South,Toys,4,219.29,877.16,2026-09-01 17:43:00
TXN103543,CUST1381,North,Grocery,2,28.58,57.16,2026-09-01 09:24:00
TXN103544,CUST1215,West,Sports,5,104.99,524.95,2026-09-02 18:17:00
TXN103545,CUST1167,Central,Sports,4,44.02,176.08,2026-09-04 05:15:00
TXN103546,CUST1196,North,Toys,1,112.17,112.17,2026-09-01 04:47:00
TXN103547,CUST1416,Central,Sports,5,93.86,469.3,2026-09-02 11:31:00
TXN103548,CUST1024,East,Electronics,1,68.74,68.74,2026-09-04 16:25:00
TXN103549,CUST1222,North,Home & Garden,4,74.77,299.08,2026-09-04 12:15:00
TXN103550,CUST1219,East,Electronics,1,43.13,43.13,2026-09-01 20:40:00
TXN103551,CUST1110,Central,Electronics,5,165.78,828.9,2026-09-01 00:55:00
TXN103552,CUST1379,South,Toys,5,39.89,199.45,2026-09-02 01:51:00
TXN103553,CUST1134,East,Apparel,1,47.23,47.23,2026-09-02 00:38:00
TXN103554,CUST1239,Central,Home & Garden,2,231.38,462.76,2026-09-04 11:36:00
TXN103555,CUST1025,Central,Toys,2,257.95,515.9,2026-09-02 12:02:00
TXN103556,CUST1469,West,Home & Garden,5,131.96,659.8,2026-09-02 14:22:00
TXN103557,CUST1487,South,Electronics,3,81.05,243.15,2026-09-03 20:37:00
TXN103558,CUST1473,East,Apparel,3,89.32,267.96,2026-09-03 22:18:00
TXN103559,CUST1061,Central,Grocery,5,31.72,158.6,2026-09-01 20:35:00
TXN103560,CUST1145,East,Home & Garden,4,107.62,430.48,2026-09-03 16:13:00
TXN103561,CUST1406,East,Apparel,4,294.2,1176.8,2026-09-02 05:38:00
TXN103562,CUST1358,West,Sports,1,150.53,150.53,2026-09-04 01:20:00
TXN103563,CUST1215,South,Home & Garden,1,74.25,74.25,2026-09-04 03:51:00
TXN103564,CUST1229,South,Sports,5,129.8,649.0,2026-09-04 00:18:00
TXN103565,CUST1032,East,Grocery,4,9.73,38.92,2026-09-02 11:51:00
TXN103566,CUST1002,North,Sports,3,13.02,39.06,2026-09-03 06:43:00
TXN103567,CUST1414,North,Home & Garden,2,205.42,410.84,2026-09-01 13:31:00
TXN103568,CUST1191,South,Apparel,4,20.92,83.68,2026-09-04 18:03:00
TXN103569,CUST1167,East,Sports,3,94.16,282.48,2026-09-02 07:37:00
TXN103570,CUST1381,East,Apparel,5,83.28,416.4,2026-09-04 08:46:00
TXN103571,CUST1239,Central,Electronics,1,205.6,205.6,2026-09-03 22:58:00
TXN103572,CUST1376,North,Toys,3,218.19,654.57,2026-09-01 18:59:00
TXN103573,CUST1479,East,Toys,5,192.98,964.9,2026-09-04 13:47:00
TXN103574,CUST1453,North,Grocery,4,176.32,705.28,2026-09-04 10:24:00
TXN103575,CUST1253,East,Toys,2,62.47,124.94,2026-09-03 22:38:00
TXN103576,CUST1239,North,Apparel,5,140.7,703.5,2026-09-01 11:43:00
TXN103577,CUST1374,North,Grocery,2,298.18,596.36,2026-09-04 15:51:00
TXN103578,CUST1288,South,Apparel,3,77.09,231.27,2026-09-01 20:06:00
TXN103579,CUST1111,South,Apparel,1,183.02,183.02,2026-09-04 15:15:00
TXN103580,CUST1107,Central,Sports,5,211.09,1055.45,2026-09-02 21:08:00
TXN103581,CUST1068,East,Apparel,3,81.43,244.29,2026-09-02 17:58:00
TXN103582,CUST1440,Central,Toys,2,245.57,491.14,2026-09-04 12:39:00
TXN103583,CUST1121,Central,Toys,2,81.19,162.38,2026-09-04 15:58:00
TXN103584,CUST1023,South,Apparel,2,71.03,142.06,2026-09-03 20:09:00
TXN103585,CUST1000,North,Sports,2,11.4,22.8,2026-09-01 08:44:00
TXN103586,CUST1150,South,Apparel,5,60.73,303.65,2026-09-02 16:17:00
TXN103587,CUST1268,South,Grocery,3,150.92,452.76,2026-09-01 19:37:00
TXN103588,CUST1164,North,Home & Garden,1,240.91,240.91,2026-09-04 10:52:00
TXN103589,CUST1468,West,Home & Garden,3,208.56,625.68,2026-09-02 12:03:00
TXN103590,CUST1491,South,Electronics,4,172.68,690.72,2026-09-01 06:35:00
TXN103591,CUST1109,South,Apparel,1,6.12,6.12,2026-09-04 09:15:00
TXN103592,CUST1230,West,Sports,4,297.9,1191.6,2026-09-02 04:31:00
TXN103593,CUST1371,Central,Toys,2,65.11,130.22,2026-09-01 13:56:00
TXN103594,CUST1244,North,Sports,1,286.71,286.71,2026-09-04 09:46:00
TXN103595,CUST1193,North,Home & Garden,1,66.16,66.16,2026-09-03 01:15:00
TXN103596,CUST1147,North,Toys,5,97.39,486.95,2026-09-03 04:40:00
TXN103597,CUST1067,West,Home & Garden,1,193.89,193.89,2026-09-03 23:03:00
TXN103598,CUST1388,East,Grocery,1,204.24,204.24,2026-09-04 15:50:00
TXN103599,CUST1291,North,Sports,2,131.27,262.54,2026-09-04 04:23:00
TXN103600,CUST1207,South,Grocery,2,9.07,18.14,2026-09-01 07:45:00
TXN103601,CUST1373,North,Home & Garden,3,192.12,576.36,2026-09-04 08:26:00
TXN103602,CUST1330,Central,Apparel,5,137.11,685.55,2026-09-03 19:31:00
TXN103603,CUST1394,Central,Toys,1,159.2,159.2,2026-09-02 18:44:00
TXN103604,CUST1039,East,Grocery,4,225.83,903.32,2026-09-03 19:50:00
TXN103605,CUST1443,East,Grocery,5,131.04,655.2,2026-09-03 10:00:00
TXN103606,CUST1110,South,Apparel,2,47.16,94.32,2026-09-04 13:18:00
TXN103607,CUST1066,North,Apparel,2,292.73,585.46,2026-09-03 12:06:00
TXN103608,CUST1466,North,Home & Garden,5,177.79,888.95,2026-09-01 21:55:00
TXN103609,CUST1008,North,Toys,5,90.05,450.25,2026-09-03 07:16:00
TXN103610,CUST1357,South,Apparel,1,58.82,58.82,2026-09-04 13:47:00
TXN103611,CUST1088,South,Home & Garden,2,245.9,491.8,2026-09-03 15:19:00
TXN103612,CUST1262,Central,Grocery,4,215.96,863.84,2026-09-04 02:54:00
TXN103613,CUST1269,Central,Toys,2,273.15,546.3,2026-09-02 06:28:00
TXN103614,CUST1267,North,Sports,4,22.05,88.2,2026-09-03 02:24:00
TXN103615,CUST1130,Central,Toys,1,296.3,296.3,2026-09-02 22:46:00
TXN103616,CUST1306,Central,Home & Garden,3,123.24,369.72,2026-09-04 23:36:00
TXN103617,CUST1351,West,Grocery,4,12.23,48.92,2026-09-03 16:27:00
TXN103618,CUST1347,Central,Apparel,3,172.37,517.11,2026-09-04 06:56:00
TXN103619,CUST1202,North,Electronics,1,257.61,257.61,2026-09-04 04:12:00
TXN103620,CUST1196,West,Apparel,5,22.51,112.55,2026-09-02 13:05:00
TXN103621,CUST1163,West,Toys,1,34.19,34.19,2026-09-03 11:57:00
TXN103622,CUST1340,Central,Sports,5,124.87,624.35,2026-09-03 10:31:00
TXN103623,CUST1051,South,Home & Garden,3,101.69,305.07,2026-09-03 15:22:00
TXN103624,CUST1197,Central,Sports,4,132.13,528.52,2026-09-01 00:03:00
TXN103625,CUST1067,East,Toys,3,158.7,476.1,2026-09-04 16:54:00
TXN103626,CUST1130,East,Electronics,1,110.44,110.44,2026-09-04 12:22:00
TXN103627,CUST1035,Central,Grocery,2,56.66,113.32,2026-09-03 09:16:00
TXN103628,CUST1410,South,Apparel,5,144.33,721.65,2026-09-03 00:09:00
TXN103629,CUST1397,South,Home & Garden,5,124.93,624.65,2026-09-04 00:32:00
TXN103630,CUST1490,South,Sports,4,260.84,1043.36,2026-09-01 14:01:00
TXN103631,CUST1469,South,Grocery,2,18.45,36.9,2026-09-03 08:09:00
TXN103632,CUST1374,North,Grocery,4,22.93,91.72,2026-09-01 22:21:00
TXN103633,CUST1397,East,Toys,5,222.09,1110.45,2026-09-02 00:38:00
TXN103634,CUST1221,North,Grocery,1,67.71,67.71,2026-09-01 18:49:00
TXN103635,CUST1139,East,Apparel,4,180.93,723.72,2026-09-04 04:53:00
TXN103636,CUST1312,East,Grocery,5,84.27,421.35,2026-09-02 11:24:00
TXN103637,CUST1181,West,Toys,1,93.15,93.15,2026-09-01 14:13:00
TXN103638,CUST1255,South,Grocery,4,93.25,373.0,2026-09-01 18:20:00
TXN103639,CUST1321,Central,Electronics,3,204.67,614.01,2026-09-03 18:53:00
TXN103640,CUST1367,Central,Home & Garden,2,199.07,398.14,2026-09-04 00:10:00
TXN103641,CUST1181,Central,Grocery,3,48.41,145.23,2026-09-01 07:05:00
TXN103642,CUST1445,North,Sports,2,102.98,205.96,2026-09-03 19:53:00
TXN103643,CUST1049,Central,Toys,2,254.09,508.18,2026-09-02 01:14:00
TXN103644,CUST1223,West,Home & Garden,4,201.17,804.68,2026-09-04 09:34:00
TXN103645,CUST1034,Central,Sports,5,112.76,563.8,2026-09-01 21:19:00
TXN103646,CUST1256,Central,Toys,3,298.06,894.18,2026-09-02 06:00:00
TXN103647,CUST1447,West,Toys,2,252.53,505.06,2026-09-03 20:33:00
TXN103648,CUST1215,South,Apparel,5,242.76,1213.8,2026-09-03 03:36:00
TXN103649,CUST1329,East,Toys,2,54.65,109.3,2026-09-04 00:47:00
TXN103650,CUST1215,West,Home & Garden,5,116.14,580.7,2026-09-03 05:29:00
TXN103651,CUST1001,West,Sports,5,66.89,334.45,2026-09-04 06:44:00
TXN103652,CUST1468,North,Home & Garden,2,253.81,507.62,2026-09-02 21:41:00
TXN103653,CUST1256,South,Home & Garden,1,294.61,294.61,2026-09-01 14:34:00
TXN103654,CUST1159,West,Grocery,2,266.47,532.94,2026-09-03 10:36:00
TXN103655,CUST1078,South,Apparel,5,180.15,900.75,2026-09-01 13:59:00
TXN103656,CUST1060,West,Grocery,4,218.86,875.44,2026-09-02 20:30:00
TXN103657,CUST1087,South,Sports,5,284.02,1420.1,2026-09-01 04:56:00
TXN103658,CUST1139,Central,Toys,5,21.7,108.5,2026-09-04 10:52:00
TXN103659,CUST1297,East,Toys,4,21.41,85.64,2026-09-03 14:28:00
TXN103660,CUST1160,East,Apparel,3,25.83,77.49,2026-09-04 13:31:00
TXN103661,CUST1107,West,Grocery,5,159.83,799.15,2026-09-01 14:47:00
TXN103662,CUST1308,North,Grocery,1,109.06,109.06,2026-09-01 10:31:00
TXN103663,CUST1423,Central,Apparel,5,94.24,471.2,2026-09-04 05:25:00
TXN103664,CUST1268,North,Apparel,5,82.75,413.75,2026-09-04 13:13:00
TXN103665,CUST1121,Central,Sports,1,207.15,207.15,2026-09-04 02:09:00
TXN103666,CUST1170,North,Grocery,1,58.22,58.22,2026-09-01 20:54:00
TXN103667,CUST1390,North,Grocery,5,34.43,172.15,2026-09-04 20:50:00
TXN103668,CUST1250,North,Sports,2,245.57,491.14,2026-09-01 20:52:00
TXN103669,CUST1232,Central,Apparel,4,216.0,864.0,2026-09-01 03:03:00
TXN103670,CUST1073,West,Grocery,2,146.91,293.82,2026-09-02 18:35:00
TXN103671,CUST1361,Central,Toys,5,268.57,1342.85,2026-09-02 08:57:00
TXN103672,CUST1365,East,Electronics,4,200.1,800.4,2026-09-04 01:15:00
TXN103673,CUST1211,Central,Toys,4,149.79,599.16,2026-09-04 16:39:00
TXN103674,CUST1353,West,Electronics,2,298.98,597.96,2026-09-02 10:22:00
TXN103675,CUST1412,South,Electronics,4,135.47,541.88,2026-09-01 05:53:00
TXN103676,CUST1393,East,Sports,3,102.13,306.39,2026-09-01 21:54:00
TXN103677,CUST1316,Central,Toys,1,110.46,110.46,2026-09-01 16:30:00
TXN103678,CUST1159,East,Grocery,2,157.39,314.78,2026-09-03 08:02:00
TXN103679,CUST1157,West,Electronics,5,66.72,333.6,2026-09-01 09:04:00
TXN103680,CUST1165,North,Apparel,1,227.0,227.0,2026-09-02 20:50:00
TXN103681,CUST1321,West,Grocery,4,163.05,652.2,2026-09-04 03:20:00
TXN103682,CUST1224,West,Grocery,5,27.02,135.1,2026-09-01 18:40:00
TXN103683,CUST1498,East,Toys,4,163.63,654.52,2026-09-02 07:40:00
TXN103684,CUST1499,West,Grocery,3,110.36,331.08,2026-09-03 08:26:00
TXN103685,CUST1438,West,Home & Garden,3,12.3,36.9,2026-09-02 13:46:00
TXN103686,CUST1163,West,Apparel,1,24.59,24.59,2026-09-02 04:39:00
TXN103687,CUST1298,West,Home & Garden,4,154.28,617.12,2026-09-02 03:22:00
TXN103688,CUST1360,South,Toys,4,213.39,853.56,2026-09-02 19:58:00
TXN103689,CUST1380,South,Toys,4,73.89,295.56,2026-09-04 17:49:00
TXN103690,CUST1188,East,Toys,1,45.33,45.33,2026-09-01 10:35:00
TXN103691,CUST1153,North,Sports,2,298.8,597.6,2026-09-02 07:11:00
TXN103692,CUST1130,Central,Apparel,3,25.35,76.05,2026-09-03 20:47:00
TXN103693,CUST1466,South,Home & Garden,5,132.69,663.45,2026-09-04 00:29:00
TXN103694,CUST1199,South,Toys,3,239.44,718.32,2026-09-04 22:16:00
TXN103695,CUST1332,North,Toys,1,106.89,106.89,2026-09-03 17:18:00
TXN103696,CUST1226,North,Home & Garden,4,83.98,335.92,2026-09-01 13:04:00
TXN103697,CUST1340,North,Sports,1,284.75,284.75,2026-09-02 02:32:00
TXN103698,CUST1403,East,Home & Garden,5,167.78,838.9,2026-09-03 03:14:00
TXN103699,CUST1130,Central,Apparel,4,119.05,476.2,2026-09-01 22:37:00
TXN103700,CUST1065,Central,Toys,4,244.2,976.8,2026-09-03 00:47:00
TXN103701,CUST1123,South,Electronics,2,163.12,326.24,2026-09-03 21:40:00
TXN103702,CUST1294,Central,Sports,2,130.3,260.6,2026-09-03 23:01:00
TXN103703,CUST1231,West,Electronics,2,39.39,78.78,2026-09-02 13:24:00
TXN103704,CUST1487,North,Electronics,5,225.15,1125.75,2026-09-04 13:27:00
TXN103705,CUST1089,North,Apparel,2,299.23,598.46,2026-09-04 07:17:00
TXN103706,CUST1301,Central,Electronics,2,44.42,88.84,2026-09-02 08:39:00
TXN103707,CUST1497,West,Grocery,1,270.4,270.4,2026-09-02 23:28:00
TXN103708,CUST1379,North,Electronics,2,267.88,535.76,2026-09-04 11:39:00
TXN103709,CUST1325,East,Home & Garden,4,259.95,1039.8,2026-09-01 10:09:00
TXN103710,CUST1084,South,Apparel,4,40.49,161.96,2026-09-03 00:39:00
TXN103711,CUST1184,West,Home & Garden,3,23.49,70.47,2026-09-03 12:58:00
TXN103712,CUST1281,West,Apparel,2,261.22,522.44,2026-09-04 01:07:00
TXN103713,CUST1290,Central,Home & Garden,4,226.72,906.88,2026-09-04 06:04:00
TXN103714,CUST1388,South,Toys,4,268.62,1074.48,2026-09-03 11:37:00
TXN103715,CUST1450,East,Electronics,2,148.36,296.72,2026-09-04 12:54:00
TXN103716,CUST1439,Central,Home & Garden,3,184.32,552.96,2026-09-01 06:59:00
TXN103717,CUST1373,South,Home & Garden,1,291.98,291.98,2026-09-03 10:04:00
TXN103718,CUST1246,South,Apparel,3,277.98,833.94,2026-09-03 17:25:00
TXN103719,CUST1153,West,Apparel,5,273.63,1368.15,2026-09-02 18:00:00
TXN103720,CUST1374,North,Home & Garden,2,24.5,49.0,2026-09-03 08:24:00
TXN103721,CUST1047,North,Home & Garden,4,91.26,365.04,2026-09-02 04:22:00
TXN103722,CUST1162,South,Electronics,5,140.11,700.55,2026-09-04 18:52:00
TXN103723,CUST1298,East,Home & Garden,2,263.08,526.16,2026-09-01 09:00:00
TXN103724,CUST1263,South,Electronics,2,135.04,270.08,2026-09-04 13:06:00
TXN103725,CUST1370,Central,Sports,5,242.3,1211.5,2026-09-01 01:06:00
TXN103726,CUST1166,North,Electronics,2,30.3,60.6,2026-09-02 18:05:00
TXN103727,CUST1087,North,Electronics,3,72.51,217.53,2026-09-04 17:26:00
TXN103728,CUST1049,North,Grocery,4,240.54,962.16,2026-09-01 17:29:00
TXN103729,CUST1065,East,Sports,4,191.1,764.4,2026-09-03 13:19:00
TXN103730,CUST1219,Central,Toys,1,124.93,124.93,2026-09-01 04:55:00
TXN103731,CUST1091,South,Electronics,2,77.1,154.2,2026-09-01 11:16:00
TXN103732,CUST1094,Central,Sports,4,14.81,59.24,2026-09-02 06:03:00
TXN103733,CUST1345,East,Apparel,3,293.16,879.48,2026-09-03 22:01:00
TXN103734,CUST1403,South,Electronics,2,90.05,180.1,2026-09-01 03:18:00
TXN103735,CUST1038,East,Home & Garden,4,125.61,502.44,2026-09-01 03:20:00
TXN103736,CUST1205,West,Apparel,5,172.08,860.4,2026-09-01 03:55:00
TXN103737,CUST1436,South,Home & Garden,2,255.4,510.8,2026-09-02 04:08:00
TXN103738,CUST1300,South,Apparel,1,14.29,14.29,2026-09-03 07:55:00
TXN103739,CUST1014,North,Toys,2,18.92,37.84,2026-09-04 04:41:00
TXN103740,CUST1106,East,Grocery,5,228.46,1142.3,2026-09-01 03:48:00
TXN103741,CUST1328,South,Home & Garden,3,66.68,200.04,2026-09-01 06:14:00
TXN103742,CUST1124,Central,Home & Garden,2,157.52,315.04,2026-09-01 06:10:00
TXN103743,CUST1170,South,Apparel,3,250.56,751.68,2026-09-04 21:18:00
TXN103744,CUST1411,East,Grocery,3,59.77,179.31,2026-09-04 09:49:00
TXN103745,CUST1298,Central,Sports,4,131.32,525.28,2026-09-01 05:16:00
TXN103746,CUST1373,Central,Home & Garden,4,62.03,248.12,2026-09-02 23:03:00
TXN103747,CUST1242,South,Home & Garden,2,133.99,267.98,2026-09-04 20:42:00
TXN103748,CUST1241,South,Home & Garden,5,167.29,836.45,2026-09-03 05:39:00
TXN103749,CUST1090,West,Sports,4,251.28,1005.12,2026-09-01 10:44:00
TXN103750,CUST1391,West,Apparel,3,245.15,735.45,2026-09-01 08:31:00
TXN103751,CUST1213,West,Home & Garden,3,237.32,711.96,2026-09-01 19:58:00
TXN103752,CUST1207,Central,Toys,1,83.65,83.65,2026-09-03 07:15:00
TXN103753,CUST1391,West,Sports,3,51.98,155.94,2026-09-04 08:59:00
TXN103754,CUST1297,West,Apparel,3,201.74,605.22,2026-09-03 06:35:00
TXN103755,CUST1078,East,Apparel,5,167.68,838.4,2026-09-03 23:15:00
TXN103756,CUST1173,West,Electronics,4,150.69,602.76,2026-09-02 09:06:00
TXN103757,CUST1320,Central,Apparel,2,194.08,388.16,2026-09-04 06:47:00
TXN103758,CUST1168,Central,Toys,3,85.08,255.24,2026-09-03 13:35:00
TXN103759,CUST1051,West,Toys,4,77.67,310.68,2026-09-01 13:50:00
TXN103760,CUST1121,Central,Grocery,5,48.4,242.0,2026-09-04 18:40:00
TXN103761,CUST1181,South,Toys,5,237.26,1186.3,2026-09-01 13:06:00
TXN103762,CUST1100,West,Electronics,5,29.57,147.85,2026-09-04 16:41:00
TXN103763,CUST1066,West,Electronics,1,77.23,77.23,2026-09-04 06:30:00
TXN103764,CUST1274,Central,Sports,4,208.88,835.52,2026-09-01 03:17:00
TXN103765,CUST1071,West,Toys,4,287.88,1151.52,2026-09-01 17:57:00
TXN103766,CUST1146,West,Apparel,3,174.28,522.84,2026-09-01 04:07:00
TXN103767,CUST1165,East,Apparel,5,231.62,1158.1,2026-09-04 12:11:00
TXN103768,CUST1359,East,Home & Garden,5,297.49,1487.45,2026-09-02 12:53:00
TXN103769,CUST1235,South,Toys,4,65.51,262.04,2026-09-02 19:06:00
TXN103770,CUST1202,Central,Home & Garden,5,258.87,1294.35,2026-09-03 00:13:00
TXN103771,CUST1092,West,Toys,5,254.71,1273.55,2026-09-01 21:07:00
TXN103772,CUST1209,West,Toys,4,216.99,867.96,2026-09-04 02:39:00
TXN103773,CUST1112,Central,Electronics,1,126.45,126.45,2026-09-02 06:21:00
TXN103774,CUST1179,Central,Electronics,1,35.94,35.94,2026-09-04 03:10:00
TXN103775,CUST1139,Central,Electronics,1,123.4,123.4,2026-09-02 18:38:00
TXN103776,CUST1110,West,Toys,1,62.43,62.43,2026-09-02 08:17:00
TXN103777,CUST1273,North,Home & Garden,4,250.8,1003.2,2026-09-02 21:17:00
TXN103778,CUST1031,North,Sports,1,248.53,248.53,2026-09-03 02:46:00
TXN103779,CUST1465,Central,Electronics,4,182.15,728.6,2026-09-01 02:16:00
TXN103780,CUST1363,Central,Toys,1,123.13,123.13,2026-09-03 18:41:00
TXN103781,CUST1460,South,Electronics,1,232.64,232.64,2026-09-01 09:41:00
TXN103782,CUST1060,West,Grocery,2,161.24,322.48,2026-09-04 13:59:00
TXN103783,CUST1020,South,Home & Garden,1,225.66,225.66,2026-09-01 19:38:00
TXN103784,CUST1458,East,Home & Garden,2,40.99,81.98,2026-09-02 08:32:00
TXN103785,CUST1163,South,Electronics,5,82.03,410.15,2026-09-02 01:13:00
TXN103786,CUST1049,West,Grocery,4,23.11,92.44,2026-09-04 18:42:00
TXN103787,CUST1165,West,Electronics,1,65.6,65.6,2026-09-04 01:05:00
TXN103788,CUST1069,North,Grocery,1,238.26,238.26,2026-09-01 06:56:00
TXN103789,CUST1463,West,Toys,3,278.24,834.72,2026-09-01 04:19:00
TXN103790,CUST1061,South,Grocery,1,52.66,52.66,2026-09-01 09:05:00
TXN103791,CUST1465,West,Toys,4,256.07,1024.28,2026-09-03 10:08:00
TXN103792,CUST1434,Central,Home & Garden,1,232.92,232.92,2026-09-02 13:30:00
TXN103793,CUST1036,South,Grocery,4,117.27,469.08,2026-09-04 06:38:00
TXN103794,CUST1496,North,Toys,1,16.07,16.07,2026-09-04 09:39:00
TXN103795,CUST1328,South,Electronics,4,41.02,164.08,2026-09-03 05:15:00
TXN103796,CUST1121,North,Home & Garden,3,88.77,266.31,2026-09-01 02:45:00
TXN103797,CUST1221,South,Sports,2,102.79,205.58,2026-09-04 19:42:00
TXN103798,CUST1085,East,Apparel,1,124.92,124.92,2026-09-03 11:21:00
TXN103799,CUST1324,East,Home & Garden,4,223.18,892.72,2026-09-01 00:08:00
TXN103800,CUST1298,Central,Grocery,4,217.6,870.4,2026-09-01 22:29:00
TXN103801,CUST1309,East,Grocery,5,86.4,432.0,2026-09-03 13:24:00
TXN103802,CUST1189,North,Grocery,5,294.68,1473.4,2026-09-02 01:01:00
TXN103803,CUST1205,South,Home & Garden,3,132.64,397.92,2026-09-03 21:58:00
TXN103804,CUST1094,West,Toys,3,234.6,703.8,2026-09-03 04:54:00
TXN103805,CUST1389,East,Sports,1,139.43,139.43,2026-09-04 12:08:00
TXN103806,CUST1011,North,Electronics,3,12.64,37.92,2026-09-04 00:30:00
TXN103807,CUST1113,North,Sports,3,258.41,775.23,2026-09-03 03:53:00
TXN103808,CUST1020,Central,Sports,5,196.24,981.2,2026-09-04 05:16:00
TXN103809,CUST1210,West,Grocery,1,263.7,263.7,2026-09-01 20:52:00
TXN103810,CUST1069,Central,Apparel,5,22.4,112.0,2026-09-03 03:31:00
TXN103811,CUST1368,North,Electronics,1,144.16,144.16,2026-09-02 06:32:00
TXN103812,CUST1073,Central,Apparel,3,261.7,785.1,2026-09-02 04:14:00
TXN103813,CUST1274,East,Sports,2,56.62,113.24,2026-09-02 09:00:00
TXN103814,CUST1302,Central,Home & Garden,3,260.57,781.71,2026-09-02 11:38:00
TXN103815,CUST1384,Central,Home & Garden,1,5.38,5.38,2026-09-01 01:46:00
TXN103816,CUST1455,North,Toys,4,183.58,734.32,2026-09-01 07:23:00
TXN103817,CUST1422,East,Apparel,1,281.12,281.12,2026-09-03 21:01:00
TXN103818,CUST1392,Central,Grocery,3,290.32,870.96,2026-09-04 04:10:00
TXN103819,CUST1060,East,Sports,2,277.44,554.88,2026-09-01 13:18:00
TXN103820,CUST1014,South,Grocery,5,294.26,1471.3,2026-09-04 16:15:00
TXN103821,CUST1318,East,Toys,1,256.19,256.19,2026-09-01 09:06:00
TXN103822,CUST1446,South,Grocery,3,76.56,229.68,2026-09-01 19:21:00
TXN103823,CUST1284,West,Sports,1,279.3,279.3,2026-09-03 09:30:00
TXN103824,CUST1089,North,Toys,3,221.17,663.51,2026-09-02 17:02:00
TXN103825,CUST1113,East,Sports,5,203.87,1019.35,2026-09-02 00:24:00
TXN103826,CUST1237,Central,Grocery,5,194.53,972.65,2026-09-01 21:14:00
TXN103827,CUST1338,Central,Toys,1,201.95,201.95,2026-09-01 07:52:00
TXN103828,CUST1305,Central,Electronics,4,78.92,315.68,2026-09-02 23:25:00
TXN103829,CUST1252,East,Grocery,3,245.22,735.66,2026-09-03 11:58:00
TXN103830,CUST1142,South,Grocery,5,95.29,476.45,2026-09-01 17:48:00
TXN103831,CUST1025,East,Home & Garden,1,251.06,251.06,2026-09-04 18:40:00
TXN103832,CUST1034,North,Sports,2,158.35,316.7,2026-09-04 00:24:00
TXN103833,CUST1387,East,Home & Garden,3,129.01,387.03,2026-09-02 07:28:00
TXN103834,CUST1073,West,Sports,4,268.64,1074.56,2026-09-01 12:20:00
TXN103835,CUST1035,East,Grocery,1,278.3,278.3,2026-09-04 21:35:00
TXN103836,CUST1010,Central,Home & Garden,5,22.28,111.4,2026-09-03 07:40:00
TXN103837,CUST1082,Central,Sports,2,146.28,292.56,2026-09-04 19:39:00
TXN103838,CUST1465,South,Home & Garden,3,84.46,253.38,2026-09-04 15:55:00
TXN103839,CUST1072,East,Apparel,1,161.79,161.79,2026-09-02 07:47:00
TXN103840,CUST1040,West,Toys,2,93.94,187.88,2026-09-01 01:17:00
TXN103841,CUST1482,West,Grocery,2,95.81,191.62,2026-09-03 10:15:00
TXN103842,CUST1144,Central,Electronics,1,101.65,101.65,2026-09-03 10:29:00
TXN103843,CUST1193,North,Apparel,4,56.36,225.44,2026-09-04 18:51:00
TXN103844,CUST1390,South,Apparel,3,53.54,160.62,2026-09-04 01:15:00
TXN103845,CUST1149,East,Apparel,2,188.07,376.14,2026-09-03 21:38:00
TXN103846,CUST1471,South,Grocery,2,255.26,510.52,2026-09-03 20:34:00
TXN103847,CUST1424,South,Grocery,4,71.78,287.12,2026-09-03 00:58:00
TXN103848,CUST1050,West,Home & Garden,4,120.73,482.92,2026-09-01 14:10:00
TXN103849,CUST1044,West,Sports,2,182.07,364.14,2026-09-02 00:19:00
TXN103850,CUST1350,South,Grocery,5,278.65,1393.25,2026-09-02 03:22:00
TXN103851,CUST1243,North,Sports,2,270.45,540.9,2026-09-04 19:13:00
TXN103852,CUST1062,South,Grocery,2,295.93,591.86,2026-09-03 01:13:00
TXN103853,CUST1480,East,Electronics,2,152.53,305.06,2026-09-03 17:49:00
TXN103854,CUST1299,North,Electronics,2,49.61,99.22,2026-09-04 03:42:00
TXN103855,CUST1316,South,Sports,5,75.61,378.05,2026-09-02 06:23:00
TXN103856,CUST1330,North,Apparel,5,148.73,743.65,2026-09-01 00:03:00
TXN103857,CUST1074,South,Home & Garden,5,196.17,980.85,2026-09-04 03:24:00
TXN103858,CUST1032,Central,Toys,4,216.08,864.32,2026-09-03 22:31:00
TXN103859,CUST1230,Central,Grocery,3,109.4,328.2,2026-09-03 00:46:00
TXN103860,CUST1411,South,Apparel,2,71.94,143.88,2026-09-03 11:46:00
TXN103861,CUST1239,West,Grocery,2,29.44,58.88,2026-09-04 20:40:00
TXN103862,CUST1375,East,Apparel,1,89.03,89.03,2026-09-04 09:28:00
TXN103863,CUST1483,East,Apparel,4,8.79,35.16,2026-09-01 19:18:00
TXN103864,CUST1231,West,Sports,5,211.29,1056.45,2026-09-01 02:42:00
TXN103865,CUST1090,West,Toys,4,214.89,859.56,2026-09-03 01:22:00
TXN103866,CUST1283,North,Toys,4,24.73,98.92,2026-09-01 18:10:00
TXN103867,CUST1037,Central,Electronics,3,145.65,436.95,2026-09-01 13:42:00
TXN103868,CUST1200,West,Toys,2,43.95,87.9,2026-09-01 21:07:00
TXN103869,CUST1322,West,Toys,5,205.53,1027.65,2026-09-04 00:24:00
TXN103870,CUST1101,West,Electronics,4,65.33,261.32,2026-09-02 04:09:00
TXN103871,CUST1070,West,Toys,5,109.94,549.7,2026-09-02 02:55:00
TXN103872,CUST1466,West,Electronics,5,217.54,1087.7,2026-09-03 13:14:00
TXN103873,CUST1098,North,Electronics,1,89.39,89.39,2026-09-02 19:19:00
TXN103874,CUST1172,South,Grocery,1,281.99,281.99,2026-09-02 14:53:00
TXN103875,CUST1357,North,Apparel,5,171.56,857.8,2026-09-02 07:44:00
TXN103876,CUST1320,Central,Sports,2,81.6,163.2,2026-09-03 19:42:00
TXN103877,CUST1493,Central,Toys,4,185.72,742.88,2026-09-02 15:48:00
TXN103878,CUST1211,East,Grocery,3,35.47,106.41,2026-09-02 21:31:00
TXN103879,CUST1268,South,Electronics,1,265.3,265.3,2026-09-03 06:58:00
TXN103880,CUST1015,West,Home & Garden,1,34.02,34.02,2026-09-03 21:55:00
TXN103881,CUST1220,West,Apparel,2,211.6,423.2,2026-09-04 09:11:00
TXN103882,CUST1143,East,Home & Garden,3,23.77,71.31,2026-09-02 15:11:00
TXN103883,CUST1187,West,Home & Garden,2,288.86,577.72,2026-09-02 15:53:00
TXN103884,CUST1225,Central,Home & Garden,4,186.01,744.04,2026-09-04 08:33:00
TXN103885,CUST1410,Central,Home & Garden,5,130.63,653.15,2026-09-02 08:52:00
TXN103886,CUST1320,South,Home & Garden,3,249.99,749.97,2026-09-01 09:26:00
TXN103887,CUST1167,West,Grocery,1,287.78,287.78,2026-09-02 18:26:00
TXN103888,CUST1443,West,Apparel,3,258.33,774.99,2026-09-02 21:03:00
TXN103889,CUST1483,South,Toys,4,263.37,1053.48,2026-09-04 05:38:00
TXN103890,CUST1110,East,Toys,3,212.14,636.42,2026-09-04 18:49:00
TXN103891,CUST1056,East,Sports,3,260.61,781.83,2026-09-01 04:36:00
TXN103892,CUST1100,East,Sports,3,270.81,812.43,2026-09-02 04:50:00
TXN103893,CUST1176,West,Toys,4,167.28,669.12,2026-09-01 09:58:00
TXN103894,CUST1442,Central,Home & Garden,5,141.77,708.85,2026-09-02 11:07:00
TXN103895,CUST1312,Central,Apparel,1,140.39,140.39,2026-09-02 07:41:00
TXN103896,CUST1227,South,Toys,1,91.32,91.32,2026-09-02 07:12:00
TXN103897,CUST1367,West,Sports,1,278.31,278.31,2026-09-03 10:04:00
TXN103898,CUST1100,West,Toys,4,230.95,923.8,2026-09-04 00:25:00
TXN103899,CUST1057,North,Apparel,2,202.92,405.84,2026-09-04 06:00:00
TXN103900,CUST1265,East,Grocery,2,12.98,25.96,2026-09-01 23:43:00
TXN103901,CUST1104,South,Sports,3,42.32,126.96,2026-09-03 17:13:00
TXN103902,CUST1260,South,Toys,4,204.33,817.32,2026-09-04 00:50:00
TXN103903,CUST1326,North,Toys,5,183.55,917.75,2026-09-04 23:47:00
TXN103904,CUST1129,Central,Home & Garden,2,117.45,234.9,2026-09-03 20:43:00
TXN103905,CUST1189,West,Home & Garden,4,263.63,1054.52,2026-09-02 00:35:00
TXN103906,CUST1096,South,Home & Garden,5,215.98,1079.9,2026-09-01 03:55:00
TXN103907,CUST1110,East,Electronics,5,114.03,570.15,2026-09-01 18:59:00
TXN103908,CUST1056,West,Home & Garden,1,27.85,27.85,2026-09-03 09:25:00
TXN103909,CUST1024,South,Grocery,5,216.04,1080.2,2026-09-01 17:56:00
TXN103910,CUST1326,North,Electronics,5,175.24,876.2,2026-09-01 09:16:00
TXN103911,CUST1207,West,Grocery,3,23.12,69.36,2026-09-02 02:22:00
TXN103912,CUST1267,North,Home & Garden,3,27.38,82.14,2026-09-02 10:12:00
TXN103913,CUST1163,East,Grocery,5,195.49,977.45,2026-09-04 09:29:00
TXN103914,CUST1206,Central,Home & Garden,1,63.14,63.14,2026-09-01 03:59:00
TXN103915,CUST1417,West,Grocery,4,88.14,352.56,2026-09-01 15:53:00
TXN103916,CUST1236,North,Sports,3,15.65,46.95,2026-09-01 04:56:00
TXN103917,CUST1052,West,Electronics,5,160.5,802.5,2026-09-02 15:44:00
TXN103918,CUST1264,West,Electronics,1,112.92,112.92,2026-09-04 13:51:00
TXN103919,CUST1182,Central,Toys,1,172.78,172.78,2026-09-04 12:28:00
TXN103920,CUST1033,West,Electronics,5,64.58,322.9,2026-09-02 05:26:00
TXN103921,CUST1191,South,Home & Garden,3,260.13,780.39,2026-09-03 17:13:00
TXN103922,CUST1216,East,Sports,3,194.87,584.61,2026-09-01 18:22:00
TXN103923,CUST1126,Central,Toys,2,165.9,331.8,2026-09-02 11:15:00
TXN103924,CUST1198,West,Toys,5,232.29,1161.45,2026-09-02 09:10:00
TXN103925,CUST1022,North,Toys,2,32.81,65.62,2026-09-04 10:35:00
TXN103926,CUST1280,West,Grocery,3,164.13,492.39,2026-09-03 13:27:00
TXN103927,CUST1403,Central,Home & Garden,2,6.27,12.54,2026-09-02 00:09:00
TXN103928,CUST1386,West,Sports,2,51.49,102.98,2026-09-04 05:30:00
TXN103929,CUST1035,East,Toys,5,170.25,851.25,2026-09-02 08:20:00
TXN103930,CUST1483,East,Sports,1,53.56,53.56,2026-09-02 16:23:00
TXN103931,CUST1418,South,Electronics,1,290.64,290.64,2026-09-01 17:29:00
TXN103932,CUST1369,North,Toys,5,275.25,1376.25,2026-09-04 04:56:00
TXN103933,CUST1366,South,Sports,4,230.83,923.32,2026-09-02 17:55:00
TXN103934,CUST1389,Central,Home & Garden,4,143.4,573.6,2026-09-01 03:56:00
TXN103935,CUST1471,West,Apparel,2,99.12,198.24,2026-09-04 20:32:00
TXN103936,CUST1464,North,Apparel,1,235.17,235.17,2026-09-01 00:28:00
TXN103937,CUST1142,South,Apparel,1,19.17,19.17,2026-09-02 22:54:00
TXN103938,CUST1347,North,Home & Garden,3,204.17,612.51,2026-09-04 06:56:00
TXN103939,CUST1387,Central,Toys,4,255.39,1021.56,2026-09-04 15:06:00
TXN103940,CUST1186,Central,Sports,4,280.73,1122.92,2026-09-04 03:24:00
TXN103941,CUST1151,North,Grocery,3,232.7,698.1,2026-09-04 14:26:00
TXN103942,CUST1120,South,Home & Garden,5,218.41,1092.05,2026-09-04 16:54:00
TXN103943,CUST1479,East,Apparel,3,9.74,29.22,2026-09-03 04:10:00
TXN103944,CUST1234,Central,Apparel,4,206.23,824.92,2026-09-03 06:49:00
TXN103945,CUST1389,East,Apparel,2,42.52,85.04,2026-09-01 18:04:00
TXN103946,CUST1354,East,Sports,5,212.51,1062.55,2026-09-04 00:23:00
TXN103947,CUST1403,Central,Electronics,2,129.29,258.58,2026-09-01 10:31:00
TXN103948,CUST1359,North,Electronics,1,272.82,272.82,2026-09-03 01:47:00
TXN103949,CUST1015,Central,Electronics,1,122.1,122.1,2026-09-02 13:00:00
TXN103950,CUST1432,West,Home & Garden,2,123.39,246.78,2026-09-02 21:16:00
TXN103951,CUST1147,Central,Grocery,5,139.44,697.2,2026-09-02 07:20:00
TXN103952,CUST1055,East,Grocery,2,110.66,221.32,2026-09-01 19:11:00
TXN103953,CUST1124,Central,Sports,4,144.24,576.96,2026-09-01 08:24:00
TXN103954,CUST1448,South,Electronics,4,256.65,1026.6,2026-09-02 04:01:00
TXN103955,CUST1074,Central,Apparel,4,209.34,837.36,2026-09-04 13:23:00
TXN103956,CUST1455,Central,Apparel,3,120.89,362.67,2026-09-03 08:54:00
TXN103957,CUST1415,North,Toys,4,202.59,810.36,2026-09-03 00:02:00
TXN103958,CUST1044,East,Toys,2,11.13,22.26,2026-09-04 21:03:00
TXN103959,CUST1012,Central,Home & Garden,4,238.02,952.08,2026-09-03 02:37:00
TXN103960,CUST1058,West,Toys,3,66.5,199.5,2026-09-02 15:56:00
TXN103961,CUST1460,West,Toys,2,220.24,440.48,2026-09-02 07:20:00
TXN103962,CUST1464,North,Electronics,2,117.51,235.02,2026-09-02 00:05:00
TXN103963,CUST1227,Central,Electronics,1,178.85,178.85,2026-09-02 02:35:00
TXN103964,CUST1088,Central,Toys,1,243.81,243.81,2026-09-03 17:02:00
TXN103965,CUST1278,Central,Apparel,2,104.1,208.2,2026-09-03 02:21:00
TXN103966,CUST1134,South,Toys,5,206.47,1032.35,2026-09-02 01:59:00
TXN103967,CUST1213,West,Apparel,4,128.06,512.24,2026-09-01 07:49:00
TXN103968,CUST1415,North,Apparel,5,275.28,1376.4,2026-09-01 16:50:00
TXN103969,CUST1178,Central,Home & Garden,2,203.94,407.88,2026-09-04 16:04:00
TXN103970,CUST1001,East,Toys,4,268.77,1075.08,2026-09-03 14:54:00
TXN103971,CUST1348,Central,Apparel,2,26.73,53.46,2026-09-01 01:22:00
TXN103972,CUST1103,Central,Sports,2,7.47,14.94,2026-09-04 15:59:00
TXN103973,CUST1299,North,Toys,5,153.63,768.15,2026-09-02 03:35:00
TXN103974,CUST1242,West,Toys,3,46.28,138.84,2026-09-04 19:14:00
TXN103975,CUST1248,West,Sports,3,196.05,588.15,2026-09-01 12:51:00
TXN103976,CUST1459,South,Toys,1,155.18,155.18,2026-09-04 12:55:00
TXN103977,CUST1120,West,Grocery,5,165.09,825.45,2026-09-02 13:59:00
TXN103978,CUST1373,West,Toys,5,272.29,1361.45,2026-09-03 00:05:00
TXN103979,CUST1081,South,Sports,2,140.67,281.34,2026-09-04 05:37:00
TXN103980,CUST1352,South,Sports,4,133.32,533.28,2026-09-01 18:44:00
TXN103981,CUST1095,Central,Toys,4,30.26,121.04,2026-09-04 10:10:00
TXN103982,CUST1297,Central,Apparel,5,204.41,1022.05,2026-09-01 14:18:00
TXN103983,CUST1174,Central,Sports,3,171.85,515.55,2026-09-01 04:20:00
TXN103984,CUST1428,West,Sports,4,142.13,568.52,2026-09-04 10:38:00
TXN103985,CUST1491,Central,Electronics,3,12.36,37.08,2026-09-02 17:23:00
TXN103986,CUST1148,North,Sports,3,13.65,40.95,2026-09-01 22:59:00
TXN103987,CUST1282,Central,Apparel,1,268.12,268.12,2026-09-04 10:30:00
TXN103988,CUST1180,West,Home & Garden,5,25.64,128.2,2026-09-02 18:55:00
TXN103989,CUST1058,East,Grocery,1,162.64,162.64,2026-09-04 02:41:00
TXN103990,CUST1367,Central,Apparel,4,16.62,66.48,2026-09-03 01:00:00
TXN103991,CUST1287,West,Home & Garden,3,84.58,253.74,2026-09-02 16:28:00
TXN103992,CUST1396,South,Grocery,4,297.76,1191.04,2026-09-02 20:01:00
TXN103993,CUST1076,East,Toys,2,10.32,20.64,2026-09-01 23:56:00
TXN103994,CUST1252,East,Apparel,1,23.82,23.82,2026-09-04 20:02:00
TXN103995,CUST1329,Central,Home & Garden,5,227.5,1137.5,2026-09-01 12:42:00
TXN103996,CUST1096,West,Grocery,2,298.66,597.32,2026-09-02 07:54:00
TXN103997,CUST1453,North,Electronics,2,247.15,494.3,2026-09-01 12:10:00
TXN103998,CUST1133,South,Sports,4,193.49,773.96,2026-09-01 04:51:00
TXN103999,CUST1240,East,Electronics,4,45.97,183.88,2026-09-04 11:15:00
TXN104000,CUST1141,East,Sports,3,150.97,452.91,2026-09-01 20:48:00
TXN104001,CUST1465,West,Home & Garden,5,113.41,567.05,2026-09-04 21:49:00
TXN104002,CUST1330,East,Home & Garden,1,217.51,217.51,2026-09-04 06:23:00
TXN104003,CUST1143,West,Toys,3,69.57,208.71,2026-09-03 23:04:00
TXN104004,CUST1447,Central,Apparel,4,269.42,1077.68,2026-09-04 11:59:00
TXN104005,CUST1438,South,Toys,3,154.47,463.41,2026-09-03 17:47:00
TXN104006,CUST1437,West,Sports,3,198.2,594.6,2026-09-04 20:10:00
TXN104007,CUST1160,South,Apparel,2,133.08,266.16,2026-09-04 09:33:00
TXN104008,CUST1268,West,Electronics,1,258.9,258.9,2026-09-04 15:23:00
TXN104009,CUST1395,West,Grocery,5,270.82,1354.1,2026-09-03 07:10:00
TXN104010,CUST1446,West,Grocery,5,69.44,347.2,2026-09-03 09:15:00
TXN104011,CUST1390,East,Home & Garden,3,260.62,781.86,2026-09-01 11:01:00
TXN104012,CUST1272,East,Sports,1,111.55,111.55,2026-09-01 19:11:00
TXN104013,CUST1100,East,Apparel,4,53.73,214.92,2026-09-01 01:29:00
TXN104014,CUST1228,South,Toys,5,228.75,1143.75,2026-09-01 22:29:00
TXN104015,CUST1403,East,Toys,4,272.56,1090.24,2026-09-03 08:40:00
TXN104016,CUST1070,East,Grocery,1,76.3,76.3,2026-09-01 02:26:00
TXN104017,CUST1352,North,Home & Garden,3,37.43,112.29,2026-09-01 21:08:00
TXN104018,CUST1159,South,Home & Garden,3,11.83,35.49,2026-09-02 17:06:00
TXN104019,CUST1135,South,Apparel,2,265.99,531.98,2026-09-02 14:38:00
TXN104020,CUST1408,North,Electronics,4,188.03,752.12,2026-09-03 06:05:00
TXN104021,CUST1140,South,Sports,2,75.51,151.02,2026-09-03 18:01:00
TXN104022,CUST1282,West,Toys,3,59.47,178.41,2026-09-04 08:09:00
TXN104023,CUST1026,Central,Home & Garden,4,272.3,1089.2,2026-09-03 03:44:00
TXN104024,CUST1346,East,Home & Garden,4,70.92,283.68,2026-09-02 17:45:00
TXN104025,CUST1387,West,Electronics,3,105.96,317.88,2026-09-01 08:40:00
TXN104026,CUST1165,North,Electronics,5,248.02,1240.1,2026-09-01 18:14:00
TXN104027,CUST1183,East,Toys,4,201.34,805.36,2026-09-03 11:53:00
TXN104028,CUST1242,South,Grocery,2,208.15,416.3,2026-09-01 13:08:00
TXN104029,CUST1128,West,Electronics,1,127.64,127.64,2026-09-02 07:28:00
TXN104030,CUST1493,West,Toys,2,254.53,509.06,2026-09-03 15:23:00
TXN104031,CUST1385,West,Electronics,2,229.51,459.02,2026-09-03 03:11:00
TXN104032,CUST1335,West,Sports,5,80.97,404.85,2026-09-01 16:50:00
TXN104033,CUST1119,North,Grocery,2,9.16,18.32,2026-09-01 13:36:00
TXN104034,CUST1172,North,Sports,4,75.95,303.8,2026-09-02 19:38:00
TXN104035,CUST1364,East,Toys,4,282.6,1130.4,2026-09-03 10:02:00
TXN104036,CUST1346,West,Sports,5,247.34,1236.7,2026-09-02 04:58:00
TXN104037,CUST1110,East,Apparel,2,204.63,409.26,2026-09-01 05:48:00
TXN104038,CUST1176,North,Toys,5,276.33,1381.65,2026-09-01 09:32:00
TXN104039,CUST1311,South,Sports,3,196.81,590.43,2026-09-01 04:23:00
TXN104040,CUST1402,South,Electronics,3,113.05,339.15,2026-09-02 17:11:00
TXN104041,CUST1189,West,Sports,2,80.33,160.66,2026-09-04 11:49:00
TXN104042,CUST1169,East,Grocery,4,59.52,238.08,2026-09-01 03:45:00
TXN104043,CUST1043,Central,Toys,1,225.8,225.8,2026-09-03 06:57:00
TXN104044,CUST1314,East,Apparel,2,195.83,391.66,2026-09-02 13:56:00
TXN104045,CUST1247,West,Electronics,1,266.55,266.55,2026-09-02 21:37:00
TXN104046,CUST1299,North,Toys,1,99.6,99.6,2026-09-04 04:43:00
TXN104047,CUST1032,West,Apparel,4,183.46,733.84,2026-09-04 10:51:00
TXN104048,CUST1314,North,Toys,2,155.22,310.44,2026-09-04 04:43:00
TXN104049,CUST1316,South,Apparel,1,220.69,220.69,2026-09-04 07:52:00
TXN104050,CUST1460,North,Home & Garden,1,180.14,180.14,2026-09-02 12:36:00
TXN104051,CUST1247,North,Electronics,4,69.26,277.04,2026-09-04 13:49:00
TXN104052,CUST1226,East,Home & Garden,3,45.39,136.17,2026-09-04 15:00:00
TXN104053,CUST1100,North,Home & Garden,5,223.44,1117.2,2026-09-01 11:55:00
TXN104054,CUST1067,West,Toys,3,98.75,296.25,2026-09-01 05:00:00
TXN104055,CUST1017,South,Toys,5,76.99,384.95,2026-09-04 17:39:00
TXN104056,CUST1161,Central,Sports,3,193.2,579.6,2026-09-01 05:38:00
TXN104057,CUST1398,North,Home & Garden,4,229.56,918.24,2026-09-01 07:41:00
TXN104058,CUST1350,West,Toys,1,183.35,183.35,2026-09-02 08:26:00
TXN104059,CUST1370,South,Apparel,3,92.79,278.37,2026-09-01 17:45:00
TXN104060,CUST1454,South,Grocery,4,164.8,659.2,2026-09-01 01:04:00
TXN104061,CUST1384,East,Electronics,2,136.69,273.38,2026-09-01 01:55:00
TXN104062,CUST1279,East,Apparel,2,77.15,154.3,2026-09-04 01:06:00
TXN104063,CUST1280,South,Home & Garden,2,5.86,11.72,2026-09-02 17:42:00
TXN104064,CUST1039,West,Grocery,2,56.27,112.54,2026-09-02 21:46:00
TXN104065,CUST1430,North,Apparel,1,218.48,218.48,2026-09-04 07:26:00
TXN104066,CUST1245,South,Toys,5,171.78,858.9,2026-09-01 20:44:00
TXN104067,CUST1303,East,Toys,4,182.07,728.28,2026-09-04 23:32:00
TXN104068,CUST1011,East,Apparel,4,131.38,525.52,2026-09-02 01:02:00
TXN104069,CUST1467,North,Sports,1,80.81,80.81,2026-09-01 01:30:00
TXN104070,CUST1446,North,Toys,1,132.94,132.94,2026-09-03 17:23:00
TXN104071,CUST1110,West,Electronics,5,252.2,1261.0,2026-09-03 03:11:00
TXN104072,CUST1041,Central,Home & Garden,5,114.54,572.7,2026-09-01 18:48:00
TXN104073,CUST1241,South,Grocery,3,111.73,335.19,2026-09-03 13:38:00
TXN104074,CUST1095,West,Sports,4,106.51,426.04,2026-09-04 03:38:00
TXN104075,CUST1350,North,Toys,4,28.08,112.32,2026-09-04 14:46:00
TXN104076,CUST1299,East,Sports,5,152.64,763.2,2026-09-02 13:15:00
TXN104077,CUST1397,West,Grocery,1,44.67,44.67,2026-09-04 12:59:00
TXN104078,CUST1106,West,Electronics,2,282.29,564.58,2026-09-03 11:31:00
TXN104079,CUST1421,North,Apparel,2,165.62,331.24,2026-09-04 23:18:00
TXN104080,CUST1492,North,Home & Garden,2,69.14,138.28,2026-09-03 21:24:00
TXN104081,CUST1217,South,Toys,3,237.3,711.9,2026-09-04 05:31:00
TXN104082,CUST1234,West,Electronics,2,5.25,10.5,2026-09-01 02:51:00
TXN104083,CUST1151,Central,Apparel,3,56.36,169.08,2026-09-01 11:11:00
TXN104084,CUST1472,West,Home & Garden,1,182.28,182.28,2026-09-04 06:56:00
TXN104085,CUST1193,Central,Grocery,4,13.03,52.12,2026-09-03 12:20:00
TXN104086,CUST1193,Central,Grocery,4,179.98,719.92,2026-09-04 00:13:00
TXN104087,CUST1249,Central,Toys,2,5.88,11.76,2026-09-03 17:14:00
TXN104088,CUST1040,East,Grocery,2,123.46,246.92,2026-09-02 22:53:00
TXN104089,CUST1058,South,Sports,2,225.31,450.62,2026-09-02 22:38:00
TXN104090,CUST1022,East,Electronics,1,118.07,118.07,2026-09-02 08:04:00
TXN104091,CUST1041,Central,Sports,4,224.13,896.52,2026-09-02 18:06:00
TXN104092,CUST1063,Central,Apparel,2,42.84,85.68,2026-09-02 08:30:00
TXN104093,CUST1298,West,Toys,1,30.81,30.81,2026-09-01 14:44:00
TXN104094,CUST1229,Central,Grocery,1,255.15,255.15,2026-09-04 10:43:00
TXN104095,CUST1314,West,Grocery,5,198.57,992.85,2026-09-04 09:37:00
TXN104096,CUST1251,North,Electronics,5,21.78,108.9,2026-09-02 04:06:00
TXN104097,CUST1182,Central,Toys,3,166.15,498.45,2026-09-04 10:26:00
TXN104098,CUST1039,West,Apparel,1,168.1,168.1,2026-09-01 00:27:00
TXN104099,CUST1102,North,Apparel,3,124.88,374.64,2026-09-02 03:26:00
TXN104100,CUST1418,South,Toys,5,140.99,704.95,2026-09-03 11:28:00
TXN104101,CUST1111,West,Grocery,4,35.49,141.96,2026-09-03 19:26:00
TXN104102,CUST1353,Central,Toys,5,25.95,129.75,2026-09-02 16:54:00
TXN104103,CUST1485,South,Toys,5,266.68,1333.4,2026-09-01 12:33:00
TXN104104,CUST1006,West,Electronics,1,38.58,38.58,2026-09-02 20:52:00
TXN104105,CUST1349,South,Electronics,4,297.38,1189.52,2026-09-03 06:50:00
TXN104106,CUST1061,South,Electronics,4,70.43,281.72,2026-09-02 13:58:00
TXN104107,CUST1018,North,Home & Garden,4,186.11,744.44,2026-09-03 08:37:00
TXN104108,CUST1083,Central,Home & Garden,5,251.26,1256.3,2026-09-02 15:43:00
TXN104109,CUST1174,West,Apparel,3,114.61,343.83,2026-09-03 16:14:00
TXN104110,CUST1435,East,Toys,5,275.54,1377.7,2026-09-01 04:30:00
TXN104111,CUST1164,East,Electronics,2,183.11,366.22,2026-09-02 04:58:00
TXN104112,CUST1378,South,Home & Garden,4,243.57,974.28,2026-09-01 19:44:00
TXN104113,CUST1431,East,Sports,5,264.77,1323.85,2026-09-01 20:47:00
TXN104114,CUST1361,South,Sports,4,269.92,1079.68,2026-09-01 22:11:00
TXN104115,CUST1306,East,Home & Garden,1,40.85,40.85,2026-09-04 07:36:00
TXN104116,CUST1284,East,Home & Garden,3,33.81,101.43,2026-09-02 23:49:00
TXN104117,CUST1026,Central,Apparel,2,32.68,65.36,2026-09-04 06:49:00
TXN104118,CUST1266,East,Grocery,1,268.95,268.95,2026-09-04 19:25:00
TXN104119,CUST1156,East,Grocery,1,196.93,196.93,2026-09-04 22:42:00
TXN104120,CUST1287,Central,Grocery,5,142.12,710.6,2026-09-03 23:02:00
TXN104121,CUST1397,South,Home & Garden,2,212.27,424.54,2026-09-04 15:40:00
TXN104122,CUST1105,South,Grocery,1,128.47,128.47,2026-09-01 02:56:00
TXN104123,CUST1244,South,Electronics,4,61.67,246.68,2026-09-04 14:01:00
TXN104124,CUST1470,South,Home & Garden,4,198.77,795.08,2026-09-03 00:45:00
TXN104125,CUST1483,East,Electronics,2,196.88,393.76,2026-09-02 23:54:00
TXN104126,CUST1344,South,Apparel,5,159.94,799.7,2026-09-02 01:26:00
TXN104127,CUST1456,Central,Electronics,2,132.99,265.98,2026-09-03 00:06:00
TXN104128,CUST1497,Central,Home & Garden,3,90.61,271.83,2026-09-02 09:48:00
TXN104129,CUST1143,South,Home & Garden,2,202.47,404.94,2026-09-01 05:44:00
TXN104130,CUST1179,North,Electronics,1,210.82,210.82,2026-09-03 14:26:00
TXN104131,CUST1140,North,Grocery,5,130.61,653.05,2026-09-01 10:26:00
TXN104132,CUST1098,Central,Grocery,5,89.08,445.4,2026-09-03 15:22:00
TXN104133,CUST1163,East,Toys,5,213.47,1067.35,2026-09-02 14:02:00
TXN104134,CUST1324,Central,Electronics,2,93.52,187.04,2026-09-03 02:43:00
TXN104135,CUST1038,North,Electronics,5,273.24,1366.2,2026-09-02 12:55:00
TXN104136,CUST1092,Central,Grocery,2,98.9,197.8,2026-09-03 19:17:00
TXN104137,CUST1195,West,Sports,2,15.39,30.78,2026-09-02 07:30:00
TXN104138,CUST1396,South,Grocery,5,200.87,1004.35,2026-09-04 19:11:00
TXN104139,CUST1128,North,Electronics,3,73.95,221.85,2026-09-04 02:36:00
TXN104140,CUST1008,Central,Apparel,5,235.82,1179.1,2026-09-02 19:43:00
TXN104141,CUST1193,West,Toys,3,42.41,127.23,2026-09-02 09:00:00
TXN104142,CUST1097,South,Home & Garden,2,156.15,312.3,2026-09-02 08:26:00
TXN104143,CUST1106,West,Home & Garden,5,163.95,819.75,2026-09-02 07:16:00
TXN104144,CUST1313,East,Toys,1,282.03,282.03,2026-09-04 13:57:00
TXN104145,CUST1145,South,Toys,1,154.78,154.78,2026-09-03 09:11:00
TXN104146,CUST1175,North,Sports,5,57.1,285.5,2026-09-02 17:21:00
TXN104147,CUST1177,South,Grocery,3,65.24,195.72,2026-09-01 18:55:00
TXN104148,CUST1450,West,Toys,5,243.05,1215.25,2026-09-03 19:17:00
TXN104149,CUST1491,West,Home & Garden,1,78.38,78.38,2026-09-04 19:55:00
TXN104150,CUST1168,North,Home & Garden,3,66.81,200.43,2026-09-01 15:25:00
TXN104151,CUST1390,Central,Grocery,4,41.76,167.04,2026-09-02 00:02:00
TXN104152,CUST1140,East,Toys,3,85.82,257.46,2026-09-04 06:59:00
TXN104153,CUST1220,West,Grocery,5,195.29,976.45,2026-09-04 16:27:00
TXN104154,CUST1209,North,Sports,5,185.33,926.65,2026-09-03 14:01:00
TXN104155,CUST1043,East,Grocery,1,262.29,262.29,2026-09-04 18:03:00
TXN104156,CUST1110,Central,Home & Garden,4,272.91,1091.64,2026-09-01 00:48:00
TXN104157,CUST1183,West,Sports,4,35.28,141.12,2026-09-04 15:53:00
TXN104158,CUST1372,Central,Sports,3,5.02,15.06,2026-09-03 02:34:00
TXN104159,CUST1149,East,Grocery,1,207.44,207.44,2026-09-04 15:42:00
TXN104160,CUST1454,West,Grocery,2,65.3,130.6,2026-09-02 11:39:00
TXN104161,CUST1465,North,Toys,5,101.66,508.3,2026-09-03 10:48:00
TXN104162,CUST1404,South,Sports,3,235.55,706.65,2026-09-04 22:36:00
TXN104163,CUST1461,East,Apparel,3,96.71,290.13,2026-09-02 22:47:00
TXN104164,CUST1300,South,Home & Garden,5,133.22,666.1,2026-09-04 22:34:00
TXN104165,CUST1028,South,Grocery,4,41.69,166.76,2026-09-01 04:21:00
TXN104166,CUST1088,West,Home & Garden,3,262.03,786.09,2026-09-04 13:47:00
TXN104167,CUST1389,South,Grocery,5,297.85,1489.25,2026-09-01 20:26:00
TXN104168,CUST1026,West,Apparel,3,174.03,522.09,2026-09-04 17:55:00
TXN104169,CUST1430,North,Electronics,3,156.08,468.24,2026-09-02 00:46:00
TXN104170,CUST1295,West,Grocery,1,255.8,255.8,2026-09-02 14:35:00
TXN104171,CUST1150,Central,Home & Garden,3,29.8,89.4,2026-09-02 00:48:00
TXN104172,CUST1268,West,Sports,2,272.43,544.86,2026-09-04 14:22:00
TXN104173,CUST1075,North,Apparel,1,268.0,268.0,2026-09-04 10:26:00
TXN104174,CUST1108,Central,Home & Garden,4,68.61,274.44,2026-09-03 21:18:00
TXN104175,CUST1367,South,Apparel,4,155.06,620.24,2026-09-04 23:47:00
TXN104176,CUST1189,West,Toys,1,163.48,163.48,2026-09-02 06:14:00
TXN104177,CUST1112,North,Sports,4,31.19,124.76,2026-09-01 14:56:00
TXN104178,CUST1453,West,Apparel,3,87.58,262.74,2026-09-03 14:29:00
TXN104179,CUST1227,Central,Home & Garden,4,267.61,1070.44,2026-09-04 07:25:00
TXN104180,CUST1401,West,Home & Garden,1,155.28,155.28,2026-09-04 15:16:00
TXN104181,CUST1481,East,Grocery,5,85.42,427.1,2026-09-03 20:15:00
TXN104182,CUST1383,West,Home & Garden,3,45.81,137.43,2026-09-03 06:28:00
TXN104183,CUST1238,West,Grocery,1,288.88,288.88,2026-09-02 15:24:00
TXN104184,CUST1490,West,Sports,4,88.01,352.04,2026-09-03 04:01:00
TXN104185,CUST1179,South,Home & Garden,4,109.63,438.52,2026-09-03 19:28:00
TXN104186,CUST1397,South,Electronics,1,27.43,27.43,2026-09-04 06:41:00
TXN104187,CUST1023,Central,Home & Garden,5,178.57,892.85,2026-09-01 20:45:00
TXN104188,CUST1371,Central,Apparel,1,239.91,239.91,2026-09-03 12:22:00
TXN104189,CUST1268,East,Toys,2,224.74,449.48,2026-09-03 10:15:00
TXN104190,CUST1102,South,Sports,4,112.81,451.24,2026-09-03 05:58:00
TXN104191,CUST1238,North,Grocery,4,295.24,1180.96,2026-09-01 01:16:00
TXN104192,CUST1385,East,Sports,1,25.69,25.69,2026-09-02 09:37:00
TXN104193,CUST1044,Central,Electronics,1,28.21,28.21,2026-09-04 10:05:00
TXN104194,CUST1218,North,Home & Garden,3,153.2,459.6,2026-09-04 08:25:00
TXN104195,CUST1329,West,Grocery,3,143.76,431.28,2026-09-04 02:32:00
TXN104196,CUST1375,Central,Sports,4,202.33,809.32,2026-09-03 23:29:00
TXN104197,CUST1075,Central,Electronics,4,203.01,812.04,2026-09-04 17:56:00
TXN104198,CUST1307,Central,Home & Garden,3,215.04,645.12,2026-09-03 12:21:00
TXN104199,CUST1084,South,Toys,1,160.39,160.39,2026-09-01 08:45:00
TXN104200,CUST1095,West,Sports,2,6.06,12.12,2026-09-02 18:45:00
TXN104201,CUST1246,South,Grocery,3,257.33,771.99,2026-09-03 08:53:00
TXN104202,CUST1028,East,Electronics,5,129.59,647.95,2026-09-02 02:16:00
TXN104203,CUST1157,West,Home & Garden,2,263.32,526.64,2026-09-04 12:02:00
TXN104204,CUST1429,North,Home & Garden,4,260.95,1043.8,2026-09-02 17:37:00
TXN104205,CUST1233,East,Home & Garden,4,221.3,885.2,2026-09-03 05:16:00
TXN104206,CUST1144,North,Electronics,2,5.79,11.58,2026-09-03 19:16:00
TXN104207,CUST1330,South,Home & Garden,2,275.32,550.64,2026-09-02 16:30:00
TXN104208,CUST1473,West,Sports,1,163.49,163.49,2026-09-04 13:19:00
TXN104209,CUST1187,North,Grocery,3,33.18,99.54,2026-09-01 06:58:00
TXN104210,CUST1100,East,Sports,2,7.56,15.12,2026-09-03 16:23:00
TXN104211,CUST1486,Central,Grocery,3,162.68,488.04,2026-09-01 11:13:00
TXN104212,CUST1250,Central,Grocery,5,112.58,562.9,2026-09-02 22:07:00
TXN104213,CUST1155,North,Apparel,3,106.4,319.2,2026-09-01 18:33:00
TXN104214,CUST1265,North,Sports,5,293.87,1469.35,2026-09-03 11:51:00
TXN104215,CUST1105,North,Grocery,4,106.82,427.28,2026-09-02 06:34:00
TXN104216,CUST1366,North,Toys,2,96.76,193.52,2026-09-01 17:57:00
TXN104217,CUST1197,South,Home & Garden,1,297.86,297.86,2026-09-01 08:55:00
TXN104218,CUST1080,North,Toys,2,212.56,425.12,2026-09-02 09:58:00
TXN104219,CUST1123,North,Grocery,5,263.51,1317.55,2026-09-04 23:53:00
TXN104220,CUST1463,South,Home & Garden,1,56.15,56.15,2026-09-03 04:30:00
TXN104221,CUST1045,South,Apparel,1,297.09,297.09,2026-09-03 23:25:00
TXN104222,CUST1434,North,Electronics,1,103.04,103.04,2026-09-03 11:12:00
TXN104223,CUST1157,East,Electronics,3,70.92,212.76,2026-09-02 01:51:00
TXN104224,CUST1051,North,Grocery,4,135.08,540.32,2026-09-01 21:45:00
TXN104225,CUST1160,East,Sports,4,111.37,445.48,2026-09-03 21:49:00
TXN104226,CUST1409,East,Home & Garden,4,223.72,894.88,2026-09-04 07:47:00
TXN104227,CUST1050,South,Sports,3,40.31,120.93,2026-09-02 19:37:00
TXN104228,CUST1028,West,Home & Garden,5,258.02,1290.1,2026-09-03 10:09:00
TXN104229,CUST1497,North,Toys,1,280.81,280.81,2026-09-01 00:26:00
TXN104230,CUST1047,North,Electronics,4,294.75,1179.0,2026-09-04 22:39:00
TXN104231,CUST1068,North,Sports,5,192.75,963.75,2026-09-02 21:16:00
TXN104232,CUST1042,West,Home & Garden,5,46.71,233.55,2026-09-02 04:43:00
TXN104233,CUST1398,West,Apparel,4,55.3,221.2,2026-09-04 19:36:00
TXN104234,CUST1409,North,Toys,1,161.08,161.08,2026-09-03 15:36:00
TXN104235,CUST1409,East,Sports,1,8.28,8.28,2026-09-02 04:42:00
TXN104236,CUST1103,South,Apparel,2,229.22,458.44,2026-09-04 01:45:00
TXN104237,CUST1173,Central,Sports,1,18.75,18.75,2026-09-04 08:35:00
TXN104238,CUST1480,North,Apparel,2,79.96,159.92,2026-09-02 17:29:00
TXN104239,CUST1461,North,Home & Garden,5,108.15,540.75,2026-09-03 10:11:00
TXN104240,CUST1075,Central,Sports,5,265.95,1329.75,2026-09-01 22:59:00
TXN104241,CUST1014,South,Apparel,1,242.77,242.77,2026-09-01 09:35:00
TXN104242,CUST1244,East,Sports,3,8.77,26.31,2026-09-03 09:56:00
TXN104243,CUST1296,North,Home & Garden,4,209.31,837.24,2026-09-03 01:45:00
TXN104244,CUST1493,East,Apparel,1,192.2,192.2,2026-09-03 13:25:00
TXN104245,CUST1430,East,Sports,1,32.66,32.66,2026-09-04 10:40:00
TXN104246,CUST1474,Central,Sports,2,70.06,140.12,2026-09-04 16:32:00
TXN104247,CUST1199,North,Sports,4,107.54,430.16,2026-09-02 02:13:00
TXN104248,CUST1452,North,Electronics,2,266.09,532.18,2026-09-02 18:01:00
TXN104249,CUST1425,Central,Home & Garden,2,169.02,338.04,2026-09-01 08:30:00
TXN104250,CUST1007,South,Grocery,4,271.25,1085.0,2026-09-01 18:39:00
TXN104251,CUST1131,Central,Grocery,1,66.16,66.16,2026-09-01 23:46:00
TXN104252,CUST1148,East,Electronics,3,220.31,660.93,2026-09-02 22:36:00
TXN104253,CUST1414,Central,Toys,5,214.83,1074.15,2026-09-01 08:29:00
TXN104254,CUST1065,Central,Apparel,1,287.32,287.32,2026-09-02 09:28:00
TXN104255,CUST1242,South,Toys,5,110.73,553.65,2026-09-01 23:26:00
TXN104256,CUST1064,West,Sports,1,246.92,246.92,2026-09-03 23:14:00
TXN104257,CUST1264,West,Toys,1,243.31,243.31,2026-09-03 16:48:00
TXN104258,CUST1352,South,Grocery,5,225.72,1128.6,2026-09-04 10:24:00
TXN104259,CUST1463,South,Toys,2,113.43,226.86,2026-09-02 05:33:00
TXN104260,CUST1078,South,Home & Garden,5,270.82,1354.1,2026-09-01 16:13:00
TXN104261,CUST1372,East,Toys,2,17.31,34.62,2026-09-03 13:34:00
TXN104262,CUST1257,North,Grocery,4,148.06,592.24,2026-09-04 20:31:00
TXN104263,CUST1375,East,Grocery,4,87.17,348.68,2026-09-02 15:17:00
TXN104264,CUST1040,South,Home & Garden,3,250.13,750.39,2026-09-04 10:09:00
TXN104265,CUST1176,East,Grocery,2,28.94,57.88,2026-09-04 10:57:00
TXN104266,CUST1362,West,Home & Garden,2,277.51,555.02,2026-09-04 08:34:00
TXN104267,CUST1149,Central,Sports,1,290.26,290.26,2026-09-01 22:40:00
TXN104268,CUST1383,North,Grocery,2,131.42,262.84,2026-09-03 03:53:00
TXN104269,CUST1137,Central,Sports,5,150.44,752.2,2026-09-03 10:14:00
TXN104270,CUST1328,West,Home & Garden,3,237.2,711.6,2026-09-01 11:49:00
TXN104271,CUST1218,South,Toys,1,185.36,185.36,2026-09-04 16:38:00
TXN104272,CUST1179,Central,Apparel,1,274.49,274.49,2026-09-01 18:13:00
TXN104273,CUST1019,North,Toys,1,251.35,251.35,2026-09-04 06:53:00
TXN104274,CUST1143,South,Apparel,3,174.8,524.4,2026-09-02 05:59:00
TXN104275,CUST1339,Central,Apparel,5,87.83,439.15,2026-09-02 09:49:00
TXN104276,CUST1266,East,Sports,4,117.56,470.24,2026-09-01 18:40:00
TXN104277,CUST1406,South,Apparel,1,286.7,286.7,2026-09-01 08:00:00
TXN104278,CUST1112,West,Toys,3,168.3,504.9,2026-09-01 10:55:00
TXN104279,CUST1248,North,Home & Garden,2,115.54,231.08,2026-09-04 12:47:00
TXN104280,CUST1125,Central,Apparel,3,82.06,246.18,2026-09-04 00:22:00
TXN104281,CUST1136,West,Toys,4,17.07,68.28,2026-09-04 15:54:00
TXN104282,CUST1383,South,Sports,2,151.25,302.5,2026-09-01 20:21:00
TXN104283,CUST1353,South,Toys,3,189.1,567.3,2026-09-01 03:38:00
TXN104284,CUST1378,South,Grocery,5,247.2,1236.0,2026-09-03 13:28:00
TXN104285,CUST1451,East,Home & Garden,3,222.67,668.01,2026-09-02 02:56:00
TXN104286,CUST1232,East,Home & Garden,2,169.34,338.68,2026-09-01 21:31:00
TXN104287,CUST1213,East,Apparel,5,45.93,229.65,2026-09-02 12:11:00
TXN104288,CUST1136,East,Toys,5,114.38,571.9,2026-09-04 20:32:00
TXN104289,CUST1175,North,Toys,4,5.75,23.0,2026-09-01 15:53:00
TXN104290,CUST1033,West,Sports,5,210.61,1053.05,2026-09-01 19:32:00
TXN104291,CUST1352,East,Home & Garden,3,114.25,342.75,2026-09-02 18:43:00
TXN104292,CUST1344,North,Sports,1,239.07,239.07,2026-09-02 10:13:00
TXN104293,CUST1344,South,Grocery,3,187.87,563.61,2026-09-02 16:48:00
TXN104294,CUST1227,West,Home & Garden,3,200.57,601.71,2026-09-04 08:28:00
TXN104295,CUST1185,East,Home & Garden,4,235.14,940.56,2026-09-01 15:01:00
TXN104296,CUST1156,South,Sports,5,82.68,413.4,2026-09-02 20:53:00
TXN104297,CUST1440,West,Grocery,5,143.87,719.35,2026-09-04 03:21:00
TXN104298,CUST1393,Central,Electronics,2,285.47,570.94,2026-09-01 18:17:00
TXN104299,CUST1057,East,Apparel,4,124.45,497.8,2026-09-02 09:55:00
TXN104300,CUST1339,North,Electronics,3,180.15,540.45,2026-09-04 03:03:00
TXN104301,CUST1439,South,Home & Garden,1,285.18,285.18,2026-09-03 14:29:00
TXN104302,CUST1419,East,Toys,5,288.48,1442.4,2026-09-02 21:04:00
TXN104303,CUST1239,Central,Home & Garden,5,147.71,738.55,2026-09-02 11:23:00
TXN104304,CUST1331,West,Home & Garden,4,80.1,320.4,2026-09-02 10:17:00
TXN104305,CUST1239,South,Grocery,1,121.08,121.08,2026-09-03 20:23:00
TXN104306,CUST1494,East,Home & Garden,3,49.74,149.22,2026-09-02 17:23:00
TXN104307,CUST1306,East,Sports,5,10.21,51.05,2026-09-03 15:47:00
TXN104308,CUST1206,North,Apparel,3,278.75,836.25,2026-09-01 20:26:00
TXN104309,CUST1060,South,Sports,5,233.16,1165.8,2026-09-03 20:40:00
TXN104310,CUST1153,North,Sports,2,75.31,150.62,2026-09-03 14:00:00
TXN104311,CUST1049,East,Toys,1,79.23,79.23,2026-09-04 20:45:00
TXN104312,CUST1412,South,Home & Garden,4,202.49,809.96,2026-09-04 23:51:00
TXN104313,CUST1021,Central,Toys,1,169.01,169.01,2026-09-03 18:21:00
TXN104314,CUST1392,West,Electronics,2,152.3,304.6,2026-09-03 11:45:00
TXN104315,CUST1198,North,Electronics,1,141.14,141.14,2026-09-02 19:52:00
TXN104316,CUST1020,North,Sports,1,140.73,140.73,2026-09-01 21:54:00
TXN104317,CUST1330,East,Grocery,1,282.33,282.33,2026-09-04 18:50:00
TXN104318,CUST1091,Central,Home & Garden,1,149.22,149.22,2026-09-04 22:38:00
TXN104319,CUST1056,East,Grocery,3,205.57,616.71,2026-09-04 22:09:00
TXN104320,CUST1346,South,Home & Garden,2,201.05,402.1,2026-09-04 14:25:00
TXN104321,CUST1450,East,Toys,2,238.22,476.44,2026-09-04 07:23:00
TXN104322,CUST1232,South,Apparel,5,180.33,901.65,2026-09-01 15:03:00
TXN104323,CUST1118,East,Electronics,5,163.81,819.05,2026-09-03 02:13:00
TXN104324,CUST1024,Central,Sports,2,185.57,371.14,2026-09-01 08:12:00
TXN104325,CUST1221,West,Toys,3,53.67,161.01,2026-09-03 19:14:00
TXN104326,CUST1419,North,Toys,2,97.53,195.06,2026-09-04 14:49:00
TXN104327,CUST1393,North,Toys,3,158.45,475.35,2026-09-01 06:45:00
TXN104328,CUST1321,West,Home & Garden,1,274.68,274.68,2026-09-02 11:49:00
TXN104329,CUST1089,East,Apparel,5,245.06,1225.3,2026-09-04 00:32:00
TXN104330,CUST1362,North,Apparel,4,75.0,300.0,2026-09-04 18:16:00
TXN104331,CUST1053,North,Apparel,5,259.88,1299.4,2026-09-04 13:37:00
TXN104332,CUST1320,South,Home & Garden,2,287.29,574.58,2026-09-02 02:16:00
TXN104333,CUST1250,Central,Grocery,2,242.51,485.02,2026-09-01 03:37:00
TXN104334,CUST1388,East,Sports,2,253.66,507.32,2026-09-03 12:48:00
TXN104335,CUST1190,South,Apparel,3,190.61,571.83,2026-09-03 12:58:00
TXN104336,CUST1473,North,Electronics,3,207.5,622.5,2026-09-03 08:18:00
TXN104337,CUST1195,West,Apparel,5,33.78,168.9,2026-09-03 02:13:00
TXN104338,CUST1105,Central,Toys,5,290.08,1450.4,2026-09-03 04:03:00
TXN104339,CUST1487,West,Grocery,5,34.58,172.9,2026-09-02 14:53:00
TXN104340,CUST1133,West,Toys,3,235.2,705.6,2026-09-03 15:05:00
TXN104341,CUST1267,South,Apparel,2,53.91,107.82,2026-09-01 08:42:00
TXN104342,CUST1094,West,Apparel,2,100.47,200.94,2026-09-01 03:07:00
TXN104343,CUST1000,Central,Sports,5,66.08,330.4,2026-09-04 00:12:00
TXN104344,CUST1374,Central,Electronics,4,276.44,1105.76,2026-09-04 15:02:00
TXN104345,CUST1497,Central,Apparel,4,200.11,800.44,2026-09-04 13:06:00
TXN104346,CUST1215,West,Toys,4,116.28,465.12,2026-09-03 00:30:00
TXN104347,CUST1075,North,Home & Garden,1,192.77,192.77,2026-09-02 03:31:00
TXN104348,CUST1336,East,Electronics,5,159.45,797.25,2026-09-04 17:03:00
TXN104349,CUST1453,South,Sports,5,120.03,600.15,2026-09-02 01:14:00
TXN104350,CUST1219,West,Home & Garden,3,198.03,594.09,2026-09-04 08:39:00
TXN104351,CUST1165,South,Grocery,1,178.7,178.7,2026-09-01 12:02:00
TXN104352,CUST1494,Central,Toys,1,119.14,119.14,2026-09-03 18:02:00
TXN104353,CUST1172,North,Toys,4,195.33,781.32,2026-09-02 09:08:00
TXN104354,CUST1035,East,Grocery,5,137.94,689.7,2026-09-01 03:35:00
TXN104355,CUST1296,West,Sports,5,34.45,172.25,2026-09-04 17:09:00
TXN104356,CUST1472,South,Electronics,1,141.4,141.4,2026-09-02 03:21:00
TXN104357,CUST1399,East,Apparel,5,78.45,392.25,2026-09-04 23:08:00
TXN104358,CUST1216,Central,Toys,4,239.79,959.16,2026-09-02 05:07:00
TXN104359,CUST1141,Central,Electronics,1,167.37,167.37,2026-09-04 11:50:00
TXN104360,CUST1188,Central,Apparel,2,260.13,520.26,2026-09-02 06:49:00
TXN104361,CUST1318,North,Electronics,5,249.13,1245.65,2026-09-02 21:53:00
TXN104362,CUST1043,West,Home & Garden,4,111.82,447.28,2026-09-02 10:54:00
TXN104363,CUST1395,East,Electronics,3,275.89,827.67,2026-09-04 18:13:00
TXN104364,CUST1464,North,Apparel,1,263.44,263.44,2026-09-01 09:03:00
TXN104365,CUST1188,Central,Toys,5,77.14,385.7,2026-09-01 18:21:00
TXN104366,CUST1413,Central,Sports,5,213.43,1067.15,2026-09-01 07:21:00
TXN104367,CUST1248,North,Apparel,1,150.37,150.37,2026-09-04 02:54:00
TXN104368,CUST1293,East,Electronics,1,106.89,106.89,2026-09-04 01:57:00
TXN104369,CUST1047,West,Home & Garden,2,79.83,159.66,2026-09-04 00:21:00
TXN104370,CUST1229,West,Grocery,5,243.7,1218.5,2026-09-03 06:15:00
TXN104371,CUST1237,West,Electronics,3,39.01,117.03,2026-09-04 12:29:00
TXN104372,CUST1482,Central,Toys,1,119.39,119.39,2026-09-02 09:20:00
TXN104373,CUST1390,West,Apparel,4,204.52,818.08,2026-09-02 02:40:00
TXN104374,CUST1405,West,Toys,1,72.16,72.16,2026-09-02 08:37:00
TXN104375,CUST1174,North,Electronics,4,103.33,413.32,2026-09-04 08:55:00
TXN104376,CUST1358,West,Toys,3,165.14,495.42,2026-09-01 18:19:00
TXN104377,CUST1010,East,Home & Garden,2,253.89,507.78,2026-09-01 11:24:00
TXN104378,CUST1434,Central,Home & Garden,2,147.68,295.36,2026-09-04 19:49:00
TXN104379,CUST1425,North,Electronics,5,216.85,1084.25,2026-09-03 15:26:00
TXN104380,CUST1451,West,Home & Garden,1,20.11,20.11,2026-09-04 12:19:00
TXN104381,CUST1236,South,Grocery,3,203.72,611.16,2026-09-03 13:21:00
TXN104382,CUST1349,Central,Apparel,5,238.12,1190.6,2026-09-02 05:24:00
TXN104383,CUST1388,South,Grocery,3,154.54,463.62,2026-09-03 21:01:00
TXN104384,CUST1270,East,Toys,1,184.61,184.61,2026-09-03 21:24:00
TXN104385,CUST1302,Central,Apparel,4,8.37,33.48,2026-09-04 12:46:00
TXN104386,CUST1280,West,Electronics,4,24.97,99.88,2026-09-02 13:50:00
TXN104387,CUST1233,West,Grocery,5,231.42,1157.1,2026-09-04 14:56:00
TXN104388,CUST1457,West,Apparel,3,143.17,429.51,2026-09-02 18:36:00
TXN104389,CUST1450,West,Electronics,4,70.73,282.92,2026-09-04 18:11:00
TXN104390,CUST1063,South,Grocery,1,21.28,21.28,2026-09-04 07:22:00
TXN104391,CUST1016,West,Grocery,5,128.74,643.7,2026-09-02 21:50:00
TXN104392,CUST1350,South,Electronics,2,89.79,179.58,2026-09-02 07:12:00
TXN104393,CUST1194,North,Sports,2,68.62,137.24,2026-09-02 08:17:00
TXN104394,CUST1362,South,Toys,1,251.18,251.18,2026-09-04 18:16:00
TXN104395,CUST1097,East,Sports,1,122.65,122.65,2026-09-03 20:08:00
TXN104396,CUST1156,North,Apparel,5,264.59,1322.95,2026-09-03 04:38:00
TXN104397,CUST1024,North,Sports,5,106.37,531.85,2026-09-04 22:53:00
TXN104398,CUST1245,East,Apparel,3,79.87,239.61,2026-09-03 09:34:00
TXN104399,CUST1185,East,Home & Garden,1,39.35,39.35,2026-09-01 08:10:00
TXN104400,CUST1498,West,Sports,2,161.18,322.36,2026-09-01 10:15:00
TXN104401,CUST1015,West,Grocery,3,291.33,873.99,2026-09-03 10:51:00
TXN104402,CUST1014,South,Electronics,4,167.44,669.76,2026-09-04 17:25:00
TXN104403,CUST1127,North,Sports,2,218.02,436.04,2026-09-02 05:07:00
TXN104404,CUST1462,East,Grocery,1,271.08,271.08,2026-09-01 19:45:00
TXN104405,CUST1295,South,Grocery,4,289.52,1158.08,2026-09-02 18:49:00
TXN104406,CUST1453,Central,Sports,4,171.93,687.72,2026-09-04 05:58:00
TXN104407,CUST1080,East,Grocery,2,248.78,497.56,2026-09-01 08:51:00
TXN104408,CUST1057,West,Toys,3,240.18,720.54,2026-09-02 18:52:00
TXN104409,CUST1004,South,Apparel,5,120.73,603.65,2026-09-03 03:27:00
TXN104410,CUST1009,East,Electronics,2,164.86,329.72,2026-09-01 15:00:00
TXN104411,CUST1350,North,Apparel,1,57.75,57.75,2026-09-04 09:21:00
TXN104412,CUST1335,North,Electronics,1,48.41,48.41,2026-09-02 23:45:00
TXN104413,CUST1203,East,Grocery,4,111.45,445.8,2026-09-03 08:04:00
TXN104414,CUST1454,East,Sports,4,187.76,751.04,2026-09-01 01:55:00
TXN104415,CUST1378,North,Electronics,4,43.82,175.28,2026-09-04 10:41:00
TXN104416,CUST1087,North,Apparel,3,55.48,166.44,2026-09-04 08:17:00
TXN104417,CUST1277,South,Apparel,4,21.34,85.36,2026-09-03 09:47:00
TXN104418,CUST1072,South,Toys,1,174.0,174.0,2026-09-03 16:31:00
TXN104419,CUST1407,North,Home & Garden,5,68.77,343.85,2026-09-01 13:03:00
TXN104420,CUST1205,West,Electronics,3,136.4,409.2,2026-09-02 07:08:00
TXN104421,CUST1051,Central,Toys,3,223.75,671.25,2026-09-03 16:45:00
TXN104422,CUST1054,Central,Sports,4,7.06,28.24,2026-09-03 01:46:00
TXN104423,CUST1014,Central,Apparel,4,184.74,738.96,2026-09-04 21:08:00
TXN104424,CUST1434,Central,Apparel,3,26.72,80.16,2026-09-02 01:07:00
TXN104425,CUST1116,South,Grocery,5,218.53,1092.65,2026-09-03 04:15:00
TXN104426,CUST1435,South,Sports,4,253.32,1013.28,2026-09-03 18:41:00
TXN104427,CUST1052,East,Grocery,5,105.44,527.2,2026-09-02 18:58:00
TXN104428,CUST1431,South,Grocery,3,274.77,824.31,2026-09-01 02:27:00
TXN104429,CUST1403,West,Home & Garden,4,29.57,118.28,2026-09-02 00:57:00
TXN104430,CUST1093,East,Grocery,4,94.3,377.2,2026-09-01 09:58:00
TXN104431,CUST1066,East,Grocery,4,248.88,995.52,2026-09-04 05:24:00
TXN104432,CUST1091,East,Toys,1,157.55,157.55,2026-09-02 22:04:00
TXN104433,CUST1120,West,Toys,5,285.98,1429.9,2026-09-04 23:28:00
TXN104434,CUST1325,East,Apparel,4,146.6,586.4,2026-09-03 09:12:00
TXN104435,CUST1084,Central,Sports,3,258.68,776.04,2026-09-04 16:31:00
TXN104436,CUST1364,East,Apparel,3,145.58,436.74,2026-09-03 12:48:00
TXN104437,CUST1468,Central,Electronics,5,260.63,1303.15,2026-09-01 05:39:00
TXN104438,CUST1064,East,Sports,2,84.71,169.42,2026-09-01 20:18:00
TXN104439,CUST1369,North,Grocery,5,259.92,1299.6,2026-09-01 20:01:00
TXN104440,CUST1181,West,Apparel,3,7.8,23.4,2026-09-01 13:44:00
TXN104441,CUST1195,South,Apparel,4,127.48,509.92,2026-09-03 05:25:00
TXN104442,CUST1211,Central,Apparel,3,82.2,246.6,2026-09-02 01:14:00
TXN104443,CUST1472,North,Electronics,1,180.65,180.65,2026-09-01 22:17:00
TXN104444,CUST1058,West,Apparel,3,48.75,146.25,2026-09-02 03:45:00
TXN104445,CUST1491,East,Sports,2,121.82,243.64,2026-09-01 08:31:00
TXN104446,CUST1033,Central,Home & Garden,5,291.05,1455.25,2026-09-01 00:40:00
TXN104447,CUST1312,Central,Toys,2,275.93,551.86,2026-09-02 06:21:00
TXN104448,CUST1294,Central,Toys,3,137.27,411.81,2026-09-03 05:10:00
TXN104449,CUST1350,West,Toys,2,251.05,502.1,2026-09-03 19:26:00
TXN104450,CUST1441,Central,Electronics,4,237.32,949.28,2026-09-01 11:15:00
TXN104451,CUST1238,South,Sports,2,54.02,108.04,2026-09-02 23:19:00
TXN104452,CUST1288,North,Grocery,3,8.13,24.39,2026-09-02 04:38:00
TXN104453,CUST1431,West,Sports,1,212.44,212.44,2026-09-01 13:19:00
TXN104454,CUST1231,Central,Sports,1,260.08,260.08,2026-09-03 09:09:00
TXN104455,CUST1337,North,Toys,2,253.4,506.8,2026-09-03 10:16:00
TXN104456,CUST1317,West,Grocery,3,56.93,170.79,2026-09-02 03:25:00
TXN104457,CUST1226,East,Home & Garden,2,218.61,437.22,2026-09-01 23:27:00
TXN104458,CUST1350,Central,Sports,5,71.27,356.35,2026-09-02 09:14:00
TXN104459,CUST1398,Central,Apparel,5,10.67,53.35,2026-09-03 06:47:00
TXN104460,CUST1113,East,Sports,3,56.48,169.44,2026-09-04 17:44:00
TXN104461,CUST1010,West,Apparel,2,78.2,156.4,2026-09-01 07:15:00
TXN104462,CUST1117,West,Home & Garden,3,105.41,316.23,2026-09-02 01:11:00
TXN104463,CUST1243,East,Electronics,1,254.31,254.31,2026-09-02 09:48:00
TXN104464,CUST1234,South,Electronics,5,163.93,819.65,2026-09-02 22:52:00
TXN104465,CUST1037,West,Electronics,2,72.89,145.78,2026-09-01 10:58:00
TXN104466,CUST1419,North,Sports,2,78.32,156.64,2026-09-02 10:06:00
TXN104467,CUST1439,West,Electronics,1,112.86,112.86,2026-09-03 10:34:00
TXN104468,CUST1026,East,Apparel,5,287.03,1435.15,2026-09-03 20:44:00
TXN104469,CUST1156,North,Electronics,2,269.13,538.26,2026-09-03 10:25:00
TXN104470,CUST1044,South,Home & Garden,5,188.09,940.45,2026-09-03 11:54:00
TXN104471,CUST1264,North,Grocery,2,155.65,311.3,2026-09-01 15:49:00
TXN104472,CUST1366,South,Toys,1,254.12,254.12,2026-09-03 00:22:00
TXN104473,CUST1365,West,Electronics,3,185.32,555.96,2026-09-03 02:39:00
TXN104474,CUST1486,North,Sports,3,209.14,627.42,2026-09-03 11:31:00
TXN104475,CUST1332,South,Home & Garden,4,240.27,961.08,2026-09-02 16:40:00
TXN104476,CUST1210,South,Electronics,4,77.58,310.32,2026-09-04 03:47:00
TXN104477,CUST1067,North,Electronics,5,198.85,994.25,2026-09-04 07:20:00
TXN104478,CUST1148,South,Electronics,4,133.57,534.28,2026-09-01 10:02:00
TXN104479,CUST1183,West,Grocery,3,184.1,552.3,2026-09-04 16:51:00
TXN104480,CUST1351,South,Toys,4,140.87,563.48,2026-09-01 09:12:00
TXN104481,CUST1303,North,Electronics,4,12.07,48.28,2026-09-01 23:48:00
TXN104482,CUST1049,North,Toys,1,28.2,28.2,2026-09-03 13:46:00
TXN104483,CUST1256,Central,Electronics,2,181.97,363.94,2026-09-04 16:33:00
TXN104484,CUST1498,West,Toys,5,180.2,901.0,2026-09-01 08:51:00
TXN104485,CUST1058,West,Grocery,1,118.83,118.83,2026-09-02 17:33:00
TXN104486,CUST1418,East,Sports,4,213.78,855.12,2026-09-03 02:33:00
TXN104487,CUST1338,Central,Sports,5,18.5,92.5,2026-09-03 20:02:00
TXN104488,CUST1090,Central,Electronics,3,298.01,894.03,2026-09-02 12:30:00
TXN104489,CUST1080,North,Toys,1,146.35,146.35,2026-09-02 22:31:00
TXN104490,CUST1323,South,Sports,5,38.12,190.6,2026-09-03 14:09:00
TXN104491,CUST1264,South,Toys,2,108.75,217.5,2026-09-03 00:29:00
TXN104492,CUST1204,Central,Sports,1,288.03,288.03,2026-09-02 01:49:00
TXN104493,CUST1130,East,Home & Garden,5,229.27,1146.35,2026-09-03 03:41:00
TXN104494,CUST1040,East,Sports,5,166.84,834.2,2026-09-04 14:57:00
TXN104495,CUST1269,Central,Toys,4,82.71,330.84,2026-09-01 13:24:00
TXN104496,CUST1390,West,Electronics,4,137.58,550.32,2026-09-01 17:21:00
TXN104497,CUST1179,Central,Home & Garden,1,130.37,130.37,2026-09-03 13:02:00
TXN104498,CUST1384,North,Grocery,4,66.13,264.52,2026-09-03 07:59:00
TXN104499,CUST1477,South,Electronics,1,275.25,275.25,2026-09-04 06:37:00
TXN104500,CUST1388,South,Apparel,1,44.74,44.74,2026-09-03 13:21:00
TXN104501,CUST1346,South,Electronics,4,212.53,850.12,2026-09-04 07:01:00
TXN104502,CUST1400,South,Sports,4,151.06,604.24,2026-09-04 03:37:00
TXN104503,CUST1006,North,Apparel,1,114.5,114.5,2026-09-04 21:09:00
TXN104504,CUST1148,East,Home & Garden,3,201.11,603.33,2026-09-02 11:52:00
TXN104505,CUST1016,Central,Toys,1,199.16,199.16,2026-09-03 09:37:00
TXN104506,CUST1253,West,Toys,1,201.41,201.41,2026-09-02 18:54:00
TXN104507,CUST1193,North,Sports,4,74.89,299.56,2026-09-04 04:19:00
TXN104508,CUST1112,North,Electronics,2,8.89,17.78,2026-09-03 07:33:00
TXN104509,CUST1080,Central,Home & Garden,1,176.18,176.18,2026-09-03 07:20:00
TXN104510,CUST1498,East,Electronics,5,281.37,1406.85,2026-09-01 15:44:00
TXN104511,CUST1211,West,Apparel,4,297.52,1190.08,2026-09-04 10:17:00
TXN104512,CUST1267,Central,Sports,5,187.66,938.3,2026-09-02 11:06:00
TXN104513,CUST1167,West,Electronics,2,47.86,95.72,2026-09-02 14:49:00
TXN104514,CUST1114,East,Electronics,1,53.95,53.95,2026-09-02 01:08:00
TXN104515,CUST1434,North,Apparel,3,117.76,353.28,2026-09-04 14:54:00
TXN104516,CUST1377,North,Home & Garden,3,28.25,84.75,2026-09-03 16:36:00
TXN104517,CUST1465,North,Home & Garden,1,277.29,277.29,2026-09-02 16:56:00
TXN104518,CUST1277,North,Apparel,1,126.78,126.78,2026-09-04 01:45:00
TXN104519,CUST1150,East,Sports,2,175.84,351.68,2026-09-04 16:35:00
TXN104520,CUST1042,East,Apparel,5,14.93,74.65,2026-09-04 06:26:00
TXN104521,CUST1415,East,Home & Garden,4,120.32,481.28,2026-09-03 17:51:00
TXN104522,CUST1132,Central,Apparel,3,50.81,152.43,2026-09-02 05:51:00
TXN104523,CUST1036,South,Sports,3,163.32,489.96,2026-09-04 06:46:00
TXN104524,CUST1115,North,Electronics,2,141.3,282.6,2026-09-03 11:02:00
TXN104525,CUST1194,Central,Electronics,5,14.31,71.55,2026-09-02 12:43:00
TXN104526,CUST1209,North,Sports,3,237.46,712.38,2026-09-02 21:36:00
TXN104527,CUST1256,Central,Toys,1,12.23,12.23,2026-09-04 02:55:00
TXN104528,CUST1433,West,Toys,1,250.09,250.09,2026-09-02 23:20:00
TXN104529,CUST1209,Central,Grocery,5,47.19,235.95,2026-09-03 23:31:00
TXN104530,CUST1040,East,Electronics,2,90.39,180.78,2026-09-01 07:16:00
TXN104531,CUST1437,Central,Toys,2,227.91,455.82,2026-09-01 03:54:00
TXN104532,CUST1360,South,Apparel,1,97.05,97.05,2026-09-03 02:44:00
TXN104533,CUST1001,East,Home & Garden,3,192.67,578.01,2026-09-04 18:42:00
TXN104534,CUST1293,East,Electronics,4,16.37,65.48,2026-09-03 13:00:00
TXN104535,CUST1257,West,Grocery,4,138.7,554.8,2026-09-03 21:52:00
TXN104536,CUST1414,East,Sports,2,25.42,50.84,2026-09-02 03:16:00
TXN104537,CUST1167,West,Grocery,3,97.84,293.52,2026-09-02 04:29:00
TXN104538,CUST1013,South,Apparel,3,238.22,714.66,2026-09-04 23:17:00
TXN104539,CUST1482,South,Apparel,4,83.33,333.32,2026-09-04 00:38:00
TXN104540,CUST1496,Central,Home & Garden,5,36.43,182.15,2026-09-02 12:47:00
TXN104541,CUST1002,West,Electronics,1,59.82,59.82,2026-09-04 09:04:00
TXN104542,CUST1481,North,Toys,2,54.51,109.02,2026-09-04 11:14:00
TXN104543,CUST1044,North,Electronics,5,18.41,92.05,2026-09-04 12:15:00
TXN104544,CUST1151,West,Electronics,1,298.95,298.95,2026-09-04 20:21:00
TXN104545,CUST1476,East,Electronics,2,100.03,200.06,2026-09-04 01:24:00
TXN104546,CUST1237,Central,Home & Garden,1,87.87,87.87,2026-09-03 16:25:00
TXN104547,CUST1264,North,Sports,5,116.68,583.4,2026-09-03 16:16:00
TXN104548,CUST1054,North,Electronics,1,269.96,269.96,2026-09-02 12:51:00
TXN104549,CUST1248,South,Toys,4,240.39,961.56,2026-09-01 02:28:00
TXN104550,CUST1414,South,Electronics,4,97.39,389.56,2026-09-03 19:12:00
TXN104551,CUST1054,Central,Toys,4,160.7,642.8,2026-09-01 02:28:00
TXN104552,CUST1012,South,Electronics,4,250.48,1001.92,2026-09-01 08:39:00
TXN104553,CUST1434,Central,Sports,3,89.55,268.65,2026-09-01 11:21:00
TXN104554,CUST1338,Central,Home & Garden,4,87.4,349.6,2026-09-02 07:42:00
TXN104555,CUST1117,Central,Electronics,5,220.47,1102.35,2026-09-03 11:10:00
TXN104556,CUST1119,East,Apparel,4,233.97,935.88,2026-09-01 06:46:00
TXN104557,CUST1355,Central,Grocery,1,263.55,263.55,2026-09-01 09:39:00
TXN104558,CUST1368,West,Toys,2,118.49,236.98,2026-09-04 11:13:00
TXN104559,CUST1233,South,Electronics,1,287.39,287.39,2026-09-04 20:53:00
TXN104560,CUST1467,South,Home & Garden,4,68.85,275.4,2026-09-03 13:44:00
TXN104561,CUST1382,Central,Home & Garden,5,151.12,755.6,2026-09-02 06:50:00
TXN104562,CUST1427,Central,Apparel,5,115.95,579.75,2026-09-03 21:15:00
TXN104563,CUST1339,North,Home & Garden,4,199.36,797.44,2026-09-04 17:29:00
TXN104564,CUST1102,North,Sports,1,297.35,297.35,2026-09-02 08:36:00
TXN104565,CUST1187,East,Grocery,5,120.2,601.0,2026-09-01 13:00:00
TXN104566,CUST1311,South,Electronics,1,145.92,145.92,2026-09-02 10:29:00
TXN104567,CUST1357,Central,Grocery,1,119.63,119.63,2026-09-03 00:25:00
TXN104568,CUST1154,West,Apparel,5,60.45,302.25,2026-09-03 08:25:00
TXN104569,CUST1480,East,Toys,5,162.86,814.3,2026-09-04 00:06:00
TXN104570,CUST1367,South,Home & Garden,3,111.38,334.14,2026-09-01 07:38:00
TXN104571,CUST1202,West,Toys,2,145.25,290.5,2026-09-01 23:34:00
TXN104572,CUST1309,North,Home & Garden,5,289.64,1448.2,2026-09-03 10:08:00
TXN104573,CUST1003,North,Toys,1,188.24,188.24,2026-09-02 12:03:00
TXN104574,CUST1383,North,Electronics,1,236.21,236.21,2026-09-01 21:49:00
TXN104575,CUST1299,West,Apparel,3,130.12,390.36,2026-09-04 02:54:00
TXN104576,CUST1320,Central,Electronics,5,81.09,405.45,2026-09-03 23:39:00
TXN104577,CUST1344,Central,Grocery,2,284.53,569.06,2026-09-02 00:03:00
TXN104578,CUST1155,West,Grocery,2,198.27,396.54,2026-09-02 16:54:00
TXN104579,CUST1100,South,Electronics,5,20.11,100.55,2026-09-04 15:08:00
TXN104580,CUST1252,West,Toys,1,82.79,82.79,2026-09-03 16:07:00
TXN104581,CUST1371,West,Electronics,2,190.3,380.6,2026-09-04 11:20:00
TXN104582,CUST1069,South,Electronics,5,45.86,229.3,2026-09-01 16:35:00
TXN104583,CUST1203,East,Electronics,4,67.93,271.72,2026-09-01 16:46:00
TXN104584,CUST1097,West,Home & Garden,4,118.4,473.6,2026-09-02 00:09:00
TXN104585,CUST1216,Central,Apparel,1,208.63,208.63,2026-09-04 19:15:00
TXN104586,CUST1236,West,Home & Garden,3,274.35,823.05,2026-09-01 13:54:00
TXN104587,CUST1295,North,Toys,1,251.8,251.8,2026-09-02 07:50:00
TXN104588,CUST1403,Central,Apparel,5,221.58,1107.9,2026-09-02 10:08:00
TXN104589,CUST1454,Central,Apparel,4,242.49,969.96,2026-09-01 05:24:00
TXN104590,CUST1095,East,Apparel,4,177.04,708.16,2026-09-03 05:59:00
TXN104591,CUST1350,Central,Home & Garden,5,127.27,636.35,2026-09-03 08:19:00
TXN104592,CUST1277,West,Grocery,2,241.42,482.84,2026-09-04 22:46:00
TXN104593,CUST1400,South,Apparel,1,262.27,262.27,2026-09-01 02:19:00
TXN104594,CUST1266,North,Home & Garden,1,130.7,130.7,2026-09-01 19:45:00
TXN104595,CUST1359,East,Grocery,5,152.41,762.05,2026-09-01 10:20:00
TXN104596,CUST1085,West,Grocery,1,232.42,232.42,2026-09-04 22:56:00
TXN104597,CUST1182,Central,Electronics,4,279.08,1116.32,2026-09-01 05:59:00
TXN104598,CUST1239,South,Electronics,2,9.66,19.32,2026-09-03 12:15:00
TXN104599,CUST1011,South,Apparel,4,57.68,230.72,2026-09-04 12:46:00
TXN104600,CUST1407,North,Apparel,2,100.58,201.16,2026-09-03 02:34:00
TXN104601,CUST1116,West,Grocery,5,99.25,496.25,2026-09-04 14:49:00
TXN104602,CUST1296,East,Home & Garden,2,182.49,364.98,2026-09-03 15:54:00
TXN104603,CUST1231,East,Toys,1,171.48,171.48,2026-09-02 08:46:00
TXN104604,CUST1200,West,Electronics,1,26.68,26.68,2026-09-04 21:13:00
TXN104605,CUST1201,West,Sports,2,214.59,429.18,2026-09-04 04:22:00
TXN104606,CUST1373,South,Apparel,1,35.51,35.51,2026-09-03 17:18:00
TXN104607,CUST1185,West,Apparel,2,14.04,28.08,2026-09-01 17:02:00
TXN104608,CUST1321,East,Toys,1,224.22,224.22,2026-09-02 18:10:00
TXN104609,CUST1429,South,Electronics,5,46.1,230.5,2026-09-04 07:58:00
TXN104610,CUST1325,West,Apparel,1,266.95,266.95,2026-09-02 02:10:00
TXN104611,CUST1076,South,Electronics,4,294.57,1178.28,2026-09-03 17:22:00
TXN104612,CUST1432,North,Grocery,4,44.45,177.8,2026-09-01 19:28:00
TXN104613,CUST1344,North,Sports,3,45.63,136.89,2026-09-04 08:53:00
TXN104614,CUST1202,East,Electronics,2,149.57,299.14,2026-09-04 06:40:00
TXN104615,CUST1046,North,Electronics,2,189.29,378.58,2026-09-03 11:21:00
TXN104616,CUST1316,East,Toys,3,266.08,798.24,2026-09-01 16:07:00
TXN104617,CUST1449,South,Apparel,5,231.73,1158.65,2026-09-02 04:27:00
TXN104618,CUST1068,South,Apparel,1,8.8,8.8,2026-09-04 00:28:00
TXN104619,CUST1463,South,Toys,3,16.29,48.87,2026-09-02 00:45:00
TXN104620,CUST1169,South,Grocery,3,206.43,619.29,2026-09-03 06:29:00
TXN104621,CUST1442,Central,Electronics,1,294.28,294.28,2026-09-02 17:01:00
TXN104622,CUST1430,West,Grocery,4,214.29,857.16,2026-09-02 03:27:00
TXN104623,CUST1156,North,Apparel,4,251.66,1006.64,2026-09-04 23:43:00
TXN104624,CUST1465,East,Electronics,2,258.15,516.3,2026-09-03 11:17:00
TXN104625,CUST1297,West,Electronics,1,119.91,119.91,2026-09-04 12:16:00
TXN104626,CUST1376,East,Grocery,1,207.3,207.3,2026-09-03 09:50:00
TXN104627,CUST1153,South,Grocery,1,34.46,34.46,2026-09-01 15:26:00
TXN104628,CUST1300,South,Home & Garden,4,249.89,999.56,2026-09-02 16:00:00
TXN104629,CUST1009,Central,Sports,1,40.11,40.11,2026-09-01 10:52:00
TXN104630,CUST1368,South,Electronics,5,174.08,870.4,2026-09-04 03:46:00
TXN104631,CUST1357,South,Toys,3,251.75,755.25,2026-09-03 11:10:00
TXN104632,CUST1428,Central,Apparel,2,44.28,88.56,2026-09-01 10:32:00
TXN104633,CUST1471,East,Toys,4,196.14,784.56,2026-09-03 07:22:00
TXN104634,CUST1089,East,Toys,1,286.62,286.62,2026-09-03 15:25:00
TXN104635,CUST1059,East,Apparel,2,180.77,361.54,2026-09-01 03:05:00
TXN104636,CUST1228,Central,Grocery,3,99.21,297.63,2026-09-04 05:29:00
TXN104637,CUST1227,East,Grocery,5,57.26,286.3,2026-09-01 07:05:00
TXN104638,CUST1465,East,Grocery,5,10.51,52.55,2026-09-02 00:16:00
TXN104639,CUST1278,West,Electronics,5,7.06,35.3,2026-09-04 03:53:00
TXN104640,CUST1457,South,Home & Garden,3,248.91,746.73,2026-09-02 05:38:00
TXN104641,CUST1186,Central,Apparel,3,288.09,864.27,2026-09-03 21:46:00
TXN104642,CUST1226,East,Sports,1,101.17,101.17,2026-09-03 18:26:00
TXN104643,CUST1096,West,Grocery,4,181.88,727.52,2026-09-01 03:43:00
TXN104644,CUST1210,South,Sports,5,70.93,354.65,2026-09-03 10:29:00
TXN104645,CUST1000,Central,Grocery,3,100.92,302.76,2026-09-01 02:24:00
TXN104646,CUST1387,North,Home & Garden,3,290.55,871.65,2026-09-04 01:51:00
TXN104647,CUST1363,Central,Grocery,2,58.55,117.1,2026-09-02 06:24:00
TXN104648,CUST1221,North,Apparel,4,22.93,91.72,2026-09-02 08:29:00
TXN104649,CUST1471,West,Home & Garden,5,192.51,962.55,2026-09-02 00:43:00
TXN104650,CUST1374,Central,Grocery,4,271.24,1084.96,2026-09-01 23:15:00
TXN104651,CUST1324,East,Toys,4,175.31,701.24,2026-09-02 14:06:00
TXN104652,CUST1346,West,Toys,4,280.84,1123.36,2026-09-02 06:33:00
TXN104653,CUST1187,Central,Grocery,5,265.17,1325.85,2026-09-03 04:32:00
TXN104654,CUST1392,East,Apparel,5,121.99,609.95,2026-09-01 17:49:00
TXN104655,CUST1465,Central,Electronics,5,142.89,714.45,2026-09-02 01:45:00
TXN104656,CUST1315,Central,Grocery,1,143.73,143.73,2026-09-04 18:18:00
TXN104657,CUST1461,East,Home & Garden,3,235.64,706.92,2026-09-03 14:43:00
TXN104658,CUST1297,South,Toys,3,37.54,112.62,2026-09-01 14:25:00
TXN104659,CUST1118,East,Sports,4,44.95,179.8,2026-09-03 09:41:00
TXN104660,CUST1015,East,Apparel,3,298.09,894.27,2026-09-01 22:25:00
TXN104661,CUST1168,Central,Toys,3,176.02,528.06,2026-09-02 19:33:00
TXN104662,CUST1437,East,Sports,1,141.31,141.31,2026-09-04 11:32:00
TXN104663,CUST1340,Central,Electronics,5,228.12,1140.6,2026-09-04 10:26:00
TXN104664,CUST1346,North,Sports,4,145.7,582.8,2026-09-03 06:19:00
TXN104665,CUST1050,West,Sports,2,21.75,43.5,2026-09-04 20:42:00
TXN104666,CUST1013,North,Sports,4,32.71,130.84,2026-09-02 10:42:00
TXN104667,CUST1076,South,Apparel,5,162.71,813.55,2026-09-04 18:10:00
TXN104668,CUST1096,West,Grocery,5,99.86,499.3,2026-09-01 07:57:00
TXN104669,CUST1349,North,Toys,5,183.18,915.9,2026-09-02 17:21:00
TXN104670,CUST1201,East,Apparel,2,71.14,142.28,2026-09-02 21:51:00
TXN104671,CUST1363,East,Electronics,2,140.29,280.58,2026-09-03 22:42:00
TXN104672,CUST1353,North,Apparel,3,188.81,566.43,2026-09-02 08:38:00
TXN104673,CUST1249,North,Home & Garden,2,290.73,581.46,2026-09-02 08:30:00
TXN104674,CUST1124,East,Home & Garden,4,238.7,954.8,2026-09-03 01:37:00
TXN104675,CUST1076,North,Electronics,3,106.68,320.04,2026-09-04 01:58:00
TXN104676,CUST1214,East,Home & Garden,4,38.5,154.0,2026-09-03 02:12:00
TXN104677,CUST1392,South,Electronics,3,171.26,513.78,2026-09-04 12:07:00
TXN104678,CUST1244,North,Sports,5,171.3,856.5,2026-09-01 20:09:00
TXN104679,CUST1078,South,Apparel,3,13.75,41.25,2026-09-04 03:57:00
TXN104680,CUST1151,East,Sports,5,196.49,982.45,2026-09-01 11:24:00
TXN104681,CUST1479,East,Home & Garden,5,210.02,1050.1,2026-09-02 21:00:00
TXN104682,CUST1026,South,Sports,3,100.53,301.59,2026-09-03 18:21:00
TXN104683,CUST1255,West,Grocery,2,213.18,426.36,2026-09-04 00:31:00
TXN104684,CUST1330,South,Sports,5,241.59,1207.95,2026-09-03 06:14:00
TXN104685,CUST1307,North,Home & Garden,4,258.06,1032.24,2026-09-02 18:46:00
TXN104686,CUST1422,South,Sports,4,15.43,61.72,2026-09-02 22:47:00
TXN104687,CUST1475,Central,Electronics,5,116.22,581.1,2026-09-02 13:56:00
TXN104688,CUST1288,West,Home & Garden,2,284.35,568.7,2026-09-02 04:03:00
TXN104689,CUST1395,Central,Electronics,3,204.58,613.74,2026-09-04 03:29:00
TXN104690,CUST1369,North,Home & Garden,4,194.78,779.12,2026-09-04 00:58:00
TXN104691,CUST1434,South,Home & Garden,1,55.93,55.93,2026-09-01 06:37:00
TXN104692,CUST1243,South,Electronics,3,185.42,556.26,2026-09-04 13:38:00
TXN104693,CUST1099,South,Toys,4,58.78,235.12,2026-09-01 17:41:00
TXN104694,CUST1080,Central,Sports,2,178.51,357.02,2026-09-01 23:38:00
TXN104695,CUST1012,West,Electronics,5,48.28,241.4,2026-09-01 10:14:00
TXN104696,CUST1028,Central,Apparel,2,56.13,112.26,2026-09-04 01:55:00
TXN104697,CUST1143,South,Sports,2,155.72,311.44,2026-09-04 14:47:00
TXN104698,CUST1277,Central,Sports,1,98.09,98.09,2026-09-03 15:47:00
TXN104699,CUST1099,South,Apparel,2,267.75,535.5,2026-09-02 01:25:00
TXN104700,CUST1215,Central,Grocery,5,250.03,1250.15,2026-09-01 02:10:00
TXN104701,CUST1214,East,Grocery,1,270.95,270.95,2026-09-03 13:45:00
TXN104702,CUST1006,Central,Sports,5,100.59,502.95,2026-09-03 15:26:00
TXN104703,CUST1355,East,Home & Garden,1,195.79,195.79,2026-09-03 14:09:00
TXN104704,CUST1238,East,Sports,2,111.73,223.46,2026-09-02 14:35:00
TXN104705,CUST1001,Central,Home & Garden,4,166.5,666.0,2026-09-03 00:28:00
TXN104706,CUST1444,North,Sports,4,98.83,395.32,2026-09-04 14:49:00
TXN104707,CUST1156,South,Sports,1,46.97,46.97,2026-09-04 04:34:00
TXN104708,CUST1075,West,Toys,5,23.08,115.4,2026-09-02 16:50:00
TXN104709,CUST1224,North,Electronics,1,213.7,213.7,2026-09-04 08:07:00
TXN104710,CUST1264,West,Electronics,3,62.78,188.34,2026-09-04 02:41:00
TXN104711,CUST1005,South,Electronics,3,119.22,357.66,2026-09-04 17:32:00
TXN104712,CUST1188,North,Apparel,4,116.51,466.04,2026-09-04 18:53:00
TXN104713,CUST1089,East,Apparel,4,176.88,707.52,2026-09-02 03:56:00
TXN104714,CUST1351,East,Electronics,5,206.99,1034.95,2026-09-02 11:43:00
TXN104715,CUST1043,Central,Grocery,4,238.58,954.32,2026-09-01 18:38:00
TXN104716,CUST1359,North,Sports,3,169.07,507.21,2026-09-04 00:59:00
TXN104717,CUST1459,North,Home & Garden,1,209.18,209.18,2026-09-04 15:55:00
TXN104718,CUST1370,North,Sports,2,16.63,33.26,2026-09-04 20:06:00
TXN104719,CUST1499,Central,Grocery,3,22.17,66.51,2026-09-02 07:27:00
TXN104720,CUST1077,East,Sports,3,220.94,662.82,2026-09-04 14:44:00
TXN104721,CUST1017,Central,Electronics,1,202.56,202.56,2026-09-03 02:05:00
TXN104722,CUST1284,East,Electronics,1,204.5,204.5,2026-09-01 03:31:00
TXN104723,CUST1340,East,Grocery,2,8.49,16.98,2026-09-01 04:22:00
TXN104724,CUST1316,South,Electronics,4,53.22,212.88,2026-09-02 22:43:00
TXN104725,CUST1453,West,Home & Garden,1,8.53,8.53,2026-09-02 19:57:00
TXN104726,CUST1235,East,Toys,5,238.21,1191.05,2026-09-04 08:41:00
TXN104727,CUST1443,West,Toys,2,261.11,522.22,2026-09-04 10:38:00
TXN104728,CUST1196,Central,Toys,3,80.05,240.15,2026-09-02 11:09:00
TXN104729,CUST1042,West,Home & Garden,3,202.34,607.02,2026-09-02 01:18:00
TXN104730,CUST1020,East,Electronics,1,108.02,108.02,2026-09-02 14:18:00
TXN104731,CUST1216,West,Toys,2,75.31,150.62,2026-09-02 14:50:00
TXN104732,CUST1058,West,Electronics,5,232.58,1162.9,2026-09-04 12:34:00
TXN104733,CUST1407,West,Home & Garden,5,99.47,497.35,2026-09-04 02:51:00
TXN104734,CUST1315,West,Grocery,5,198.9,994.5,2026-09-03 16:19:00
TXN104735,CUST1017,Central,Electronics,5,28.26,141.3,2026-09-03 18:39:00
TXN104736,CUST1087,East,Toys,2,287.02,574.04,2026-09-03 16:25:00
TXN104737,CUST1169,North,Grocery,1,203.78,203.78,2026-09-04 08:16:00
TXN104738,CUST1132,East,Apparel,5,175.38,876.9,2026-09-04 06:11:00
TXN104739,CUST1055,North,Electronics,3,47.88,143.64,2026-09-04 23:37:00
TXN104740,CUST1190,North,Grocery,1,208.98,208.98,2026-09-01 22:33:00
TXN104741,CUST1283,East,Grocery,3,126.06,378.18,2026-09-04 16:39:00
TXN104742,CUST1423,Central,Sports,2,246.46,492.92,2026-09-01 07:22:00
TXN104743,CUST1337,West,Toys,1,152.52,152.52,2026-09-02 01:52:00
TXN104744,CUST1079,South,Toys,2,197.0,394.0,2026-09-01 01:56:00
TXN104745,CUST1339,South,Electronics,4,83.09,332.36,2026-09-03 19:31:00
TXN104746,CUST1083,Central,Grocery,3,256.21,768.63,2026-09-03 17:52:00
TXN104747,CUST1072,North,Home & Garden,4,276.81,1107.24,2026-09-01 22:39:00
TXN104748,CUST1276,East,Sports,4,291.66,1166.64,2026-09-03 19:46:00
TXN104749,CUST1126,West,Electronics,3,119.05,357.15,2026-09-03 05:37:00
TXN104750,CUST1406,South,Electronics,4,217.71,870.84,2026-09-03 21:30:00
TXN104751,CUST1172,Central,Electronics,3,131.79,395.37,2026-09-04 05:31:00
TXN104752,CUST1459,South,Sports,3,106.52,319.56,2026-09-02 19:53:00
TXN104753,CUST1257,Central,Toys,4,259.96,1039.84,2026-09-04 19:58:00
TXN104754,CUST1150,East,Home & Garden,5,139.22,696.1,2026-09-04 15:21:00
TXN104755,CUST1120,East,Electronics,5,81.1,405.5,2026-09-04 09:04:00
TXN104756,CUST1297,South,Sports,1,275.83,275.83,2026-09-02 23:59:00
TXN104757,CUST1232,East,Toys,1,208.92,208.92,2026-09-04 05:44:00
TXN104758,CUST1458,South,Grocery,1,296.42,296.42,2026-09-02 08:24:00
TXN104759,CUST1270,East,Home & Garden,5,13.03,65.15,2026-09-02 08:53:00
TXN104760,CUST1342,East,Sports,4,183.19,732.76,2026-09-04 23:50:00
TXN104761,CUST1283,West,Apparel,1,276.73,276.73,2026-09-01 11:26:00
TXN104762,CUST1238,North,Toys,2,211.86,423.72,2026-09-02 01:51:00
TXN104763,CUST1443,East,Apparel,4,103.91,415.64,2026-09-03 16:01:00
TXN104764,CUST1230,East,Apparel,1,116.74,116.74,2026-09-02 22:08:00
TXN104765,CUST1413,West,Electronics,2,20.59,41.18,2026-09-04 21:11:00
TXN104766,CUST1233,East,Sports,5,127.09,635.45,2026-09-02 09:19:00
TXN104767,CUST1039,South,Grocery,2,259.17,518.34,2026-09-01 04:40:00
TXN104768,CUST1249,Central,Electronics,1,150.01,150.01,2026-09-02 17:57:00
TXN104769,CUST1152,East,Grocery,4,127.78,511.12,2026-09-03 22:56:00
TXN104770,CUST1181,West,Home & Garden,5,102.74,513.7,2026-09-04 12:14:00
TXN104771,CUST1437,Central,Toys,3,28.57,85.71,2026-09-01 05:40:00
TXN104772,CUST1468,Central,Toys,5,56.93,284.65,2026-09-02 02:10:00
TXN104773,CUST1487,Central,Home & Garden,5,117.46,587.3,2026-09-01 10:53:00
TXN104774,CUST1256,South,Toys,4,178.85,715.4,2026-09-03 05:34:00
TXN104775,CUST1078,North,Apparel,5,297.09,1485.45,2026-09-04 01:21:00
TXN104776,CUST1284,West,Electronics,1,202.61,202.61,2026-09-02 19:34:00
TXN104777,CUST1444,West,Sports,2,66.83,133.66,2026-09-02 00:13:00
TXN104778,CUST1226,West,Grocery,5,133.76,668.8,2026-09-03 04:50:00
TXN104779,CUST1073,Central,Sports,4,45.17,180.68,2026-09-03 05:30:00
TXN104780,CUST1258,West,Sports,4,294.56,1178.24,2026-09-02 04:00:00
TXN104781,CUST1489,North,Sports,5,71.82,359.1,2026-09-03 14:05:00
TXN104782,CUST1326,East,Toys,2,201.42,402.84,2026-09-02 07:17:00
TXN104783,CUST1098,South,Sports,3,146.7,440.1,2026-09-03 13:11:00
TXN104784,CUST1169,South,Home & Garden,4,195.07,780.28,2026-09-01 01:16:00
TXN104785,CUST1482,South,Sports,5,110.15,550.75,2026-09-04 06:03:00
TXN104786,CUST1176,West,Electronics,2,224.91,449.82,2026-09-02 05:35:00
TXN104787,CUST1372,South,Home & Garden,3,214.21,642.63,2026-09-03 01:48:00
TXN104788,CUST1371,South,Grocery,3,104.64,313.92,2026-09-04 16:38:00
TXN104789,CUST1150,North,Electronics,4,268.25,1073.0,2026-09-04 20:02:00
TXN104790,CUST1298,West,Toys,4,145.62,582.48,2026-09-01 11:50:00
TXN104791,CUST1200,East,Sports,3,122.92,368.76,2026-09-04 07:33:00
TXN104792,CUST1474,East,Toys,5,8.0,40.0,2026-09-03 16:42:00
TXN104793,CUST1364,South,Grocery,4,152.34,609.36,2026-09-02 06:11:00
TXN104794,CUST1308,East,Home & Garden,1,289.63,289.63,2026-09-02 09:34:00
TXN104795,CUST1337,West,Apparel,5,142.25,711.25,2026-09-04 00:00:00
TXN104796,CUST1430,Central,Toys,2,204.83,409.66,2026-09-03 10:37:00
TXN104797,CUST1249,West,Electronics,3,287.87,863.61,2026-09-04 08:02:00
TXN104798,CUST1065,North,Apparel,5,180.42,902.1,2026-09-02 01:05:00
TXN104799,CUST1123,Central,Sports,2,174.9,349.8,2026-09-01 22:07:00
TXN104800,CUST1114,South,Home & Garden,1,260.81,260.81,2026-09-04 04:34:00
TXN104801,CUST1454,Central,Electronics,4,167.17,668.68,2026-09-01 10:57:00
TXN104802,CUST1419,South,Apparel,1,164.55,164.55,2026-09-01 03:23:00
TXN104803,CUST1234,North,Apparel,4,87.66,350.64,2026-09-02 10:25:00
TXN104804,CUST1474,West,Home & Garden,4,149.85,599.4,2026-09-04 02:20:00
TXN104805,CUST1469,Central,Toys,5,132.29,661.45,2026-09-03 14:44:00
TXN104806,CUST1175,Central,Grocery,3,109.27,327.81,2026-09-04 10:36:00
TXN104807,CUST1459,South,Toys,3,293.0,879.0,2026-09-01 10:20:00
TXN104808,CUST1153,Central,Home & Garden,4,44.53,178.12,2026-09-01 14:07:00
TXN104809,CUST1482,South,Toys,3,269.78,809.34,2026-09-02 19:22:00
TXN104810,CUST1477,North,Sports,3,43.64,130.92,2026-09-03 04:51:00
TXN104811,CUST1332,East,Electronics,5,195.35,976.75,2026-09-02 02:25:00
TXN104812,CUST1426,East,Sports,1,185.03,185.03,2026-09-02 02:19:00
TXN104813,CUST1411,South,Electronics,3,214.61,643.83,2026-09-03 04:03:00
TXN104814,CUST1134,West,Apparel,2,144.71,289.42,2026-09-04 19:56:00
TXN104815,CUST1096,East,Toys,1,156.3,156.3,2026-09-02 09:03:00
TXN104816,CUST1145,East,Electronics,2,55.83,111.66,2026-09-01 05:47:00
TXN104817,CUST1329,North,Grocery,2,176.91,353.82,2026-09-04 07:18:00
TXN104818,CUST1019,East,Toys,3,31.62,94.86,2026-09-01 17:57:00
TXN104819,CUST1031,North,Home & Garden,2,109.31,218.62,2026-09-03 18:36:00
TXN104820,CUST1409,South,Apparel,4,184.3,737.2,2026-09-03 02:08:00
TXN104821,CUST1460,Central,Electronics,3,94.23,282.69,2026-09-01 02:35:00
TXN104822,CUST1119,East,Grocery,1,65.16,65.16,2026-09-03 23:46:00
TXN104823,CUST1392,Central,Sports,3,144.53,433.59,2026-09-02 06:38:00
TXN104824,CUST1044,South,Sports,2,268.29,536.58,2026-09-04 17:26:00
TXN104825,CUST1059,South,Electronics,2,90.65,181.3,2026-09-02 03:49:00
TXN104826,CUST1114,North,Electronics,2,187.68,375.36,2026-09-02 16:05:00
TXN104827,CUST1083,Central,Grocery,3,179.66,538.98,2026-09-03 17:02:00
TXN104828,CUST1346,West,Home & Garden,5,19.97,99.85,2026-09-01 18:24:00
TXN104829,CUST1346,Central,Grocery,3,51.55,154.65,2026-09-01 18:06:00
TXN104830,CUST1098,East,Sports,1,156.38,156.38,2026-09-01 21:13:00
TXN104831,CUST1491,South,Apparel,5,219.48,1097.4,2026-09-02 03:28:00
TXN104832,CUST1153,North,Sports,4,264.9,1059.6,2026-09-04 15:03:00
TXN104833,CUST1461,Central,Electronics,1,8.35,8.35,2026-09-02 22:35:00
TXN104834,CUST1164,North,Electronics,5,38.97,194.85,2026-09-04 09:02:00
TXN104835,CUST1454,South,Home & Garden,2,218.04,436.08,2026-09-02 00:48:00
TXN104836,CUST1039,East,Grocery,3,179.77,539.31,2026-09-04 00:31:00
TXN104837,CUST1366,West,Sports,4,232.13,928.52,2026-09-03 01:52:00
TXN104838,CUST1440,West,Apparel,3,226.58,679.74,2026-09-02 11:45:00
TXN104839,CUST1060,West,Electronics,2,27.2,54.4,2026-09-04 23:13:00
TXN104840,CUST1497,North,Home & Garden,2,200.33,400.66,2026-09-01 02:41:00
TXN104841,CUST1438,Central,Grocery,4,293.08,1172.32,2026-09-01 06:48:00
TXN104842,CUST1204,West,Electronics,4,258.62,1034.48,2026-09-02 01:27:00
TXN104843,CUST1305,West,Sports,1,106.88,106.88,2026-09-03 12:58:00
TXN104844,CUST1353,West,Electronics,5,77.44,387.2,2026-09-02 07:13:00
TXN104845,CUST1004,North,Grocery,1,150.48,150.48,2026-09-03 16:52:00
TXN104846,CUST1024,Central,Sports,4,260.66,1042.64,2026-09-01 08:41:00
TXN104847,CUST1432,North,Sports,2,78.65,157.3,2026-09-02 09:13:00
TXN104848,CUST1451,Central,Toys,3,267.42,802.26,2026-09-04 09:18:00
TXN104849,CUST1171,Central,Toys,5,167.86,839.3,2026-09-02 07:29:00
TXN104850,CUST1268,East,Grocery,1,253.02,253.02,2026-09-04 05:09:00
TXN104851,CUST1182,East,Electronics,2,207.34,414.68,2026-09-03 23:17:00
TXN104852,CUST1400,North,Apparel,2,187.96,375.92,2026-09-01 18:26:00
TXN104853,CUST1253,Central,Grocery,3,158.22,474.66,2026-09-02 07:27:00
TXN104854,CUST1449,Central,Toys,2,166.6,333.2,2026-09-04 06:25:00
TXN104855,CUST1016,East,Toys,2,47.88,95.76,2026-09-02 17:01:00
TXN104856,CUST1159,West,Sports,2,126.3,252.6,2026-09-04 11:33:00
TXN104857,CUST1050,West,Apparel,3,157.59,472.77,2026-09-04 22:17:00
TXN104858,CUST1116,North,Sports,4,231.18,924.72,2026-09-02 01:25:00
TXN104859,CUST1246,West,Electronics,3,106.84,320.52,2026-09-02 18:28:00
TXN104860,CUST1052,North,Toys,1,81.74,81.74,2026-09-03 00:32:00
TXN104861,CUST1091,Central,Electronics,3,79.65,238.95,2026-09-01 11:28:00
TXN104862,CUST1212,Central,Sports,3,214.85,644.55,2026-09-04 02:04:00
TXN104863,CUST1101,West,Electronics,1,35.08,35.08,2026-09-04 00:55:00
TXN104864,CUST1383,North,Home & Garden,1,157.34,157.34,2026-09-02 12:47:00
TXN104865,CUST1465,East,Apparel,3,105.24,315.72,2026-09-03 12:22:00
TXN104866,CUST1385,East,Apparel,4,152.73,610.92,2026-09-02 12:32:00
TXN104867,CUST1148,East,Toys,4,138.36,553.44,2026-09-03 00:12:00
TXN104868,CUST1345,West,Sports,3,87.84,263.52,2026-09-03 18:22:00
TXN104869,CUST1307,West,Toys,1,7.62,7.62,2026-09-01 02:05:00
TXN104870,CUST1192,Central,Sports,2,49.9,99.8,2026-09-02 07:33:00
TXN104871,CUST1372,West,Toys,3,207.66,622.98,2026-09-01 20:54:00
TXN104872,CUST1336,North,Grocery,2,120.22,240.44,2026-09-02 17:23:00
TXN104873,CUST1299,South,Home & Garden,3,252.13,756.39,2026-09-04 00:50:00
TXN104874,CUST1470,East,Electronics,1,235.36,235.36,2026-09-01 13:43:00
TXN104875,CUST1354,East,Electronics,5,38.48,192.4,2026-09-02 13:51:00
TXN104876,CUST1096,West,Sports,2,86.15,172.3,2026-09-03 17:17:00
TXN104877,CUST1249,Central,Home & Garden,1,9.6,9.6,2026-09-04 05:51:00
TXN104878,CUST1092,Central,Home & Garden,5,103.94,519.7,2026-09-01 09:51:00
TXN104879,CUST1168,East,Apparel,3,89.1,267.3,2026-09-04 13:36:00
TXN104880,CUST1496,East,Sports,1,294.39,294.39,2026-09-04 22:44:00
TXN104881,CUST1495,North,Electronics,2,145.02,290.04,2026-09-02 16:00:00
TXN104882,CUST1104,East,Home & Garden,4,290.22,1160.88,2026-09-01 20:28:00
TXN104883,CUST1163,Central,Apparel,4,176.09,704.36,2026-09-03 22:48:00
TXN104884,CUST1108,Central,Apparel,2,97.35,194.7,2026-09-01 13:45:00
TXN104885,CUST1351,North,Electronics,2,129.66,259.32,2026-09-04 22:05:00
TXN104886,CUST1064,Central,Home & Garden,1,136.26,136.26,2026-09-04 17:06:00
TXN104887,CUST1122,North,Home & Garden,3,137.3,411.9,2026-09-01 23:47:00
TXN104888,CUST1471,East,Apparel,5,94.01,470.05,2026-09-03 02:44:00
TXN104889,CUST1454,Central,Apparel,2,97.45,194.9,2026-09-03 04:50:00
TXN104890,CUST1440,West,Toys,2,147.6,295.2,2026-09-04 22:22:00
TXN104891,CUST1024,South,Sports,4,174.26,697.04,2026-09-01 21:13:00
TXN104892,CUST1049,North,Home & Garden,3,116.62,349.86,2026-09-04 22:30:00
TXN104893,CUST1491,West,Electronics,5,170.31,851.55,2026-09-01 16:55:00
TXN104894,CUST1369,North,Sports,5,238.17,1190.85,2026-09-03 02:59:00
TXN104895,CUST1153,West,Home & Garden,5,40.64,203.2,2026-09-04 03:04:00
TXN104896,CUST1438,Central,Apparel,3,117.64,352.92,2026-09-01 03:37:00
TXN104897,CUST1155,South,Toys,1,228.68,228.68,2026-09-04 11:51:00
TXN104898,CUST1416,Central,Grocery,3,262.58,787.74,2026-09-04 06:46:00
TXN104899,CUST1369,West,Home & Garden,3,291.17,873.51,2026-09-02 07:31:00
TXN104900,CUST1028,West,Grocery,5,204.03,1020.15,2026-09-04 14:00:00
TXN104901,CUST1088,East,Electronics,5,266.77,1333.85,2026-09-02 10:15:00
TXN104902,CUST1386,South,Sports,2,30.53,61.06,2026-09-01 17:10:00
TXN104903,CUST1340,West,Sports,4,173.67,694.68,2026-09-01 19:26:00
TXN104904,CUST1368,South,Grocery,1,48.78,48.78,2026-09-04 11:58:00
TXN104905,CUST1209,East,Sports,2,249.54,499.08,2026-09-03 14:04:00
TXN104906,CUST1424,North,Apparel,5,44.41,222.05,2026-09-01 22:00:00
TXN104907,CUST1415,South,Sports,4,7.84,31.36,2026-09-01 14:02:00
TXN104908,CUST1391,West,Grocery,5,234.13,1170.65,2026-09-04 22:45:00
TXN104909,CUST1292,Central,Apparel,2,53.45,106.9,2026-09-04 22:02:00
TXN104910,CUST1354,West,Sports,3,153.86,461.58,2026-09-02 21:44:00
TXN104911,CUST1315,West,Home & Garden,3,164.54,493.62,2026-09-04 21:11:00
TXN104912,CUST1137,East,Sports,1,256.46,256.46,2026-09-03 21:55:00
TXN104913,CUST1184,East,Electronics,3,135.28,405.84,2026-09-04 15:25:00
TXN104914,CUST1138,West,Sports,5,155.4,777.0,2026-09-01 14:37:00
TXN104915,CUST1170,South,Apparel,5,108.26,541.3,2026-09-01 06:19:00
TXN104916,CUST1115,North,Apparel,1,59.84,59.84,2026-09-02 12:39:00
TXN104917,CUST1130,East,Apparel,2,254.32,508.64,2026-09-04 21:57:00
TXN104918,CUST1313,North,Sports,3,285.97,857.91,2026-09-02 07:00:00
TXN104919,CUST1116,East,Electronics,3,233.79,701.37,2026-09-01 23:24:00
TXN104920,CUST1139,West,Sports,4,156.91,627.64,2026-09-02 20:09:00
TXN104921,CUST1285,South,Sports,4,113.59,454.36,2026-09-02 10:45:00
TXN104922,CUST1408,East,Apparel,5,180.1,900.5,2026-09-01 01:46:00
TXN104923,CUST1106,South,Apparel,4,218.38,873.52,2026-09-04 19:59:00
TXN104924,CUST1076,Central,Home & Garden,4,133.17,532.68,2026-09-02 08:08:00
TXN104925,CUST1458,South,Sports,4,52.01,208.04,2026-09-02 14:08:00
TXN104926,CUST1119,South,Toys,2,59.94,119.88,2026-09-02 03:02:00
TXN104927,CUST1354,Central,Home & Garden,4,248.24,992.96,2026-09-01 00:34:00
TXN104928,CUST1380,West,Electronics,2,198.22,396.44,2026-09-03 01:13:00
TXN104929,CUST1063,Central,Grocery,3,63.27,189.81,2026-09-02 06:43:00
TXN104930,CUST1392,North,Apparel,2,162.35,324.7,2026-09-03 12:40:00
TXN104931,CUST1112,West,Electronics,3,195.47,586.41,2026-09-01 08:29:00
TXN104932,CUST1058,West,Sports,5,159.51,797.55,2026-09-03 21:43:00
TXN104933,CUST1197,East,Home & Garden,5,199.32,996.6,2026-09-01 20:40:00
TXN104934,CUST1250,Central,Apparel,3,95.61,286.83,2026-09-02 03:23:00
TXN104935,CUST1015,East,Apparel,4,188.11,752.44,2026-09-02 13:18:00
TXN104936,CUST1496,Central,Sports,2,190.63,381.26,2026-09-04 06:41:00
TXN104937,CUST1492,South,Grocery,5,161.15,805.75,2026-09-02 08:46:00
TXN104938,CUST1233,Central,Grocery,5,67.95,339.75,2026-09-01 07:38:00
TXN104939,CUST1041,East,Electronics,4,274.54,1098.16,2026-09-02 21:13:00
TXN104940,CUST1345,West,Home & Garden,2,53.67,107.34,2026-09-03 18:52:00
TXN104941,CUST1005,West,Sports,3,234.92,704.76,2026-09-01 04:21:00
TXN104942,CUST1392,North,Sports,4,263.7,1054.8,2026-09-04 20:42:00
TXN104943,CUST1241,North,Home & Garden,4,70.83,283.32,2026-09-03 15:26:00
TXN104944,CUST1286,Central,Home & Garden,5,175.22,876.1,2026-09-04 07:09:00
TXN104945,CUST1171,South,Home & Garden,5,31.26,156.3,2026-09-01 07:33:00
TXN104946,CUST1052,East,Home & Garden,2,257.67,515.34,2026-09-04 05:09:00
TXN104947,CUST1151,South,Grocery,5,229.01,1145.05,2026-09-02 21:28:00
TXN104948,CUST1469,Central,Home & Garden,4,72.22,288.88,2026-09-03 19:21:00
TXN104949,CUST1380,East,Sports,1,64.31,64.31,2026-09-03 10:50:00
TXN104950,CUST1240,North,Grocery,3,133.47,400.41,2026-09-03 06:04:00
TXN104951,CUST1436,North,Electronics,4,69.07,276.28,2026-09-01 04:47:00
TXN104952,CUST1343,West,Apparel,2,222.21,444.42,2026-09-04 06:24:00
TXN104953,CUST1236,South,Toys,2,108.52,217.04,2026-09-04 21:50:00
TXN104954,CUST1258,West,Home & Garden,2,55.15,110.3,2026-09-02 09:58:00
TXN104955,CUST1200,North,Electronics,5,68.08,340.4,2026-09-01 13:42:00
TXN104956,CUST1265,West,Sports,5,41.53,207.65,2026-09-01 09:35:00
TXN104957,CUST1211,East,Home & Garden,1,225.6,225.6,2026-09-02 23:09:00
TXN104958,CUST1263,East,Grocery,4,233.2,932.8,2026-09-02 21:30:00
TXN104959,CUST1220,North,Grocery,3,190.88,572.64,2026-09-03 02:30:00
TXN104960,CUST1212,East,Toys,1,181.84,181.84,2026-09-04 03:58:00
TXN104961,CUST1179,West,Apparel,3,193.36,580.08,2026-09-01 00:18:00
TXN104962,CUST1252,South,Toys,3,128.45,385.35,2026-09-03 08:58:00
TXN104963,CUST1402,East,Apparel,2,164.17,328.34,2026-09-01 23:49:00
TXN104964,CUST1199,West,Home & Garden,5,283.3,1416.5,2026-09-01 21:21:00
TXN104965,CUST1457,East,Toys,1,168.17,168.17,2026-09-04 17:51:00
TXN104966,CUST1125,East,Home & Garden,4,135.55,542.2,2026-09-02 14:17:00
TXN104967,CUST1316,South,Grocery,1,183.84,183.84,2026-09-04 16:20:00
TXN104968,CUST1122,North,Grocery,1,121.55,121.55,2026-09-03 01:09:00
TXN104969,CUST1410,Central,Toys,5,195.25,976.25,2026-09-04 08:25:00
TXN104970,CUST1447,South,Home & Garden,2,83.24,166.48,2026-09-02 09:49:00
TXN104971,CUST1095,North,Toys,3,160.87,482.61,2026-09-03 05:07:00
TXN104972,CUST1032,North,Grocery,3,119.72,359.16,2026-09-02 16:28:00
TXN104973,CUST1318,East,Sports,5,18.28,91.4,2026-09-03 09:26:00
TXN104974,CUST1030,South,Sports,4,5.2,20.8,2026-09-03 18:51:00
TXN104975,CUST1376,Central,Electronics,4,81.57,326.28,2026-09-03 14:27:00
TXN104976,CUST1415,East,Electronics,1,130.68,130.68,2026-09-02 05:07:00
TXN104977,CUST1179,Central,Sports,2,219.47,438.94,2026-09-04 22:20:00
TXN104978,CUST1462,North,Electronics,5,214.73,1073.65,2026-09-01 20:36:00
TXN104979,CUST1190,South,Grocery,3,41.17,123.51,2026-09-02 06:13:00
TXN104980,CUST1417,South,Grocery,4,215.82,863.28,2026-09-04 00:06:00
TXN104981,CUST1300,East,Sports,3,98.12,294.36,2026-09-01 00:10:00
TXN104982,CUST1452,North,Electronics,2,238.0,476.0,2026-09-01 03:56:00
TXN104983,CUST1493,Central,Electronics,2,257.39,514.78,2026-09-03 14:06:00
TXN104984,CUST1334,North,Grocery,3,169.89,509.67,2026-09-04 23:58:00
TXN104985,CUST1205,East,Electronics,3,184.24,552.72,2026-09-01 06:58:00
TXN104986,CUST1378,Central,Apparel,3,104.13,312.39,2026-09-01 21:52:00
TXN104987,CUST1221,West,Electronics,5,126.48,632.4,2026-09-04 02:32:00
TXN104988,CUST1312,South,Grocery,4,7.3,29.2,2026-09-01 20:19:00
TXN104989,CUST1470,North,Grocery,2,213.6,427.2,2026-09-03 00:31:00
TXN104990,CUST1071,North,Apparel,4,29.7,118.8,2026-09-02 06:52:00
TXN104991,CUST1288,East,Electronics,3,175.06,525.18,2026-09-02 04:02:00
TXN104992,CUST1346,North,Sports,1,283.38,283.38,2026-09-02 15:55:00
TXN104993,CUST1366,West,Home & Garden,4,112.15,448.6,2026-09-03 12:09:00
TXN104994,CUST1353,South,Sports,5,7.04,35.2,2026-09-04 03:04:00
TXN104995,CUST1303,East,Electronics,2,217.64,435.28,2026-09-02 01:24:00
TXN104996,CUST1060,Central,Sports,4,98.81,395.24,2026-09-01 05:07:00
TXN104997,CUST1460,North,Toys,1,250.28,250.28,2026-09-01 17:05:00
TXN104998,CUST1432,Central,Apparel,2,259.73,519.46,2026-09-02 21:39:00
TXN104999,CUST1447,Central,Sports,2,22.49,44.98,2026-09-03 11:37:00
TXN100020,CUST1472,Central,Electronics,2,50.09,100.18,2026-09-02 17:49:00
